pedido,fecha_alta_raw,num_part_raw,ent_fec_cco_raw,ent_tim_cco_raw,fecha_verificacion_raw,fecha_salida_raw,hora_salida_raw,alta_day,surt_day_operativo_1305,verif_day_operativo_1305,emb_day_calendario,alta_dtm,surt_dtm,verif_dtm,emb_dtm
1226,2026-01-07 17:23:25,,,,,,,2026-01-08,,,,2026-01-07 17:23:25,,,
1227,2026-01-08 11:20:13,,,,,,,2026-01-08,,,,2026-01-08 11:20:13,,,
1228,2026-01-13 10:22:38,,,,,,,2026-01-13,,,,2026-01-13 10:22:38,,,
1229,2026-01-14 11:46:41,,,,,,,2026-01-14,,,,2026-01-14 11:46:41,,,
1230,2026-01-14 15:29:31,,,,,,,2026-01-15,,,,2026-01-14 15:29:31,,,
1231,2026-01-20 09:58:05,,,,,,,2026-01-20,,,,2026-01-20 09:58:05,,,
1232,2026-01-27 08:16:32,,,,,,,2026-01-27,,,,2026-01-27 08:16:32,,,
1233,2026-01-27 09:06:05,,,,,,,2026-01-27,,,,2026-01-27 09:06:05,,,
1234,2026-01-27 14:40:21,,,,,,,2026-01-28,,,,2026-01-27 14:40:21,,,
1235,2026-01-29 16:45:31,,,,,,,2026-01-30,,,,2026-01-29 16:45:31,,,
186330,2026-01-05 09:37:00,21,2026-01-05,1554,2026-01-05 18:49:41,06 ene,,2026-01-05,2026-01-06,2026-01-06,2026-01-06,2026-01-05 09:37:00,2026-01-05 15:54:00,2026-01-05 18:49:41,2026-01-06
186331,2026-01-05 09:45:00,1,2026-01-05,1559,2026-01-05 16:11:55,05 ene,,2026-01-05,2026-01-06,2026-01-06,2026-01-05,2026-01-05 09:45:00,2026-01-05 15:59:00,2026-01-05 16:11:55,2026-01-05
186332,2026-01-05 10:18:00,13,2026-01-07,1034,2026-01-07 12:31:28,7 ENE,,2026-01-05,2026-01-07,2026-01-07,2026-01-07,2026-01-05 10:18:00,2026-01-07 10:34:00,2026-01-07 12:31:28,2026-01-07
186333,2026-01-05 10:27:00,317,,,,,,2026-01-05,,,,2026-01-05 10:27:00,,,
186334,2026-01-05 10:41:00,1,2026-01-05,1331,2026-01-05 13:57:04,06 ene,,2026-01-05,2026-01-06,2026-01-06,2026-01-06,2026-01-05 10:41:00,2026-01-05 13:31:00,2026-01-05 13:57:04,2026-01-06
186335,2026-01-05 10:52:00,1,2026-01-05,1443,2026-01-05 15:36:54,05 ene,,2026-01-05,2026-01-06,2026-01-06,2026-01-05,2026-01-05 10:52:00,2026-01-05 14:43:00,2026-01-05 15:36:54,2026-01-05
186336,2026-01-05 10:57:00,2,2026-01-05,1440,2026-01-05 15:36:54,05 ene,,2026-01-05,2026-01-06,2026-01-06,2026-01-05,2026-01-05 10:57:00,2026-01-05 14:40:00,2026-01-05 15:36:54,2026-01-05
186337,2026-01-05 10:58:00,2,2026-01-05,1443,2026-01-05 15:43:19,05 ene,,2026-01-05,2026-01-06,2026-01-06,2026-01-05,2026-01-05 10:58:00,2026-01-05 14:43:00,2026-01-05 15:43:19,2026-01-05
186338,2026-01-05 11:31:00,1,2026-01-05,1439,2026-01-05 15:46:28,05 ene,,2026-01-05,2026-01-06,2026-01-06,2026-01-05,2026-01-05 11:31:00,2026-01-05 14:39:00,2026-01-05 15:46:28,2026-01-05
186339,2026-01-05 11:32:00,1,2026-01-05,1603,2026-01-05 16:09:57,06 ene,,2026-01-05,2026-01-06,2026-01-06,2026-01-06,2026-01-05 11:32:00,2026-01-05 16:03:00,2026-01-05 16:09:57,2026-01-06
186340,2026-01-05 11:32:00,8,2026-01-05,1355,2026-01-05 14:35:10,05 ene,,2026-01-05,2026-01-06,2026-01-06,2026-01-05,2026-01-05 11:32:00,2026-01-05 13:55:00,2026-01-05 14:35:10,2026-01-05
186341,2026-01-05 11:34:00,4,2026-01-05,1611,2026-01-05 16:24:09,06 ene,,2026-01-05,2026-01-06,2026-01-06,2026-01-06,2026-01-05 11:34:00,2026-01-05 16:11:00,2026-01-05 16:24:09,2026-01-06
186342,2026-01-05 11:34:00,2,2026-01-05,1413,2026-01-05 15:01:28,06 ene,,2026-01-05,2026-01-06,2026-01-06,2026-01-06,2026-01-05 11:34:00,2026-01-05 14:13:00,2026-01-05 15:01:28,2026-01-06
186343,2026-01-05 11:47:00,3,2026-01-05,1519,2026-01-05 15:39:56,05 ene,,2026-01-05,2026-01-06,2026-01-06,2026-01-05,2026-01-05 11:47:00,2026-01-05 15:19:00,2026-01-05 15:39:56,2026-01-05
186344,2026-01-05 11:55:00,1,2026-01-05,1534,2026-01-05 15:44:36,05 ene,,2026-01-05,2026-01-06,2026-01-06,2026-01-05,2026-01-05 11:55:00,2026-01-05 15:34:00,2026-01-05 15:44:36,2026-01-05
186345,2026-01-05 12:58:00,38,2026-01-05,1612,2026-01-06 12:33:33,07 ENE,,2026-01-05,2026-01-06,2026-01-06,2026-01-07,2026-01-05 12:58:00,2026-01-05 16:12:00,2026-01-06 12:33:33,2026-01-07
186346,2026-01-05 13:02:00,36,2026-01-05,1612,2026-01-05 18:58:27,06 ene,,2026-01-05,2026-01-06,2026-01-06,2026-01-06,2026-01-05 13:02:00,2026-01-05 16:12:00,2026-01-05 18:58:27,2026-01-06
186347,2026-01-05 13:21:00,2,2026-01-06,1004,2026-01-06 13:48:46,06 ENE,,2026-01-06,2026-01-06,2026-01-07,2026-01-06,2026-01-05 13:21:00,2026-01-06 10:04:00,2026-01-06 13:48:46,2026-01-06
186348,2026-01-05 13:21:00,5,2026-01-06,954,2026-01-06 13:48:46,06 ENE,,2026-01-06,2026-01-06,2026-01-07,2026-01-06,2026-01-05 13:21:00,2026-01-06 09:54:00,2026-01-06 13:48:46,2026-01-06
186349,2026-01-05 13:21:00,8,2026-01-06,1126,2026-01-06 14:30:35,06 ENE,,2026-01-06,2026-01-06,2026-01-07,2026-01-06,2026-01-05 13:21:00,2026-01-06 11:26:00,2026-01-06 14:30:35,2026-01-06
186350,2026-01-05 13:21:00,6,2026-01-06,1134,2026-01-06 13:39:47,06 ene,,2026-01-06,2026-01-06,2026-01-07,2026-01-06,2026-01-05 13:21:00,2026-01-06 11:34:00,2026-01-06 13:39:47,2026-01-06
186351,2026-01-05 13:21:00,3,2026-01-06,1135,2026-01-06 13:39:47,06 ene,,2026-01-06,2026-01-06,2026-01-07,2026-01-06,2026-01-05 13:21:00,2026-01-06 11:35:00,2026-01-06 13:39:47,2026-01-06
186352,2026-01-05 13:21:00,2,2026-01-06,1136,2026-01-06 13:39:47,06 ene,,2026-01-06,2026-01-06,2026-01-07,2026-01-06,2026-01-05 13:21:00,2026-01-06 11:36:00,2026-01-06 13:39:47,2026-01-06
186353,2026-01-05 13:21:00,1,2026-01-06,1136,2026-01-06 13:39:47,06 ene,,2026-01-06,2026-01-06,2026-01-07,2026-01-06,2026-01-05 13:21:00,2026-01-06 11:36:00,2026-01-06 13:39:47,2026-01-06
186354,2026-01-05 13:22:00,3,2026-01-06,1126,2026-01-06 13:39:47,06 ene,,2026-01-06,2026-01-06,2026-01-07,2026-01-06,2026-01-05 13:22:00,2026-01-06 11:26:00,2026-01-06 13:39:47,2026-01-06
186355,2026-01-05 13:22:00,1,2026-01-06,834,2026-01-06 08:56:52,06 ENE,,2026-01-06,2026-01-06,2026-01-06,2026-01-06,2026-01-05 13:22:00,2026-01-06 08:34:00,2026-01-06 08:56:52,2026-01-06
186356,2026-01-05 13:22:00,2,2026-01-06,831,2026-01-06 08:56:52,06 ENE,,2026-01-06,2026-01-06,2026-01-06,2026-01-06,2026-01-05 13:22:00,2026-01-06 08:31:00,2026-01-06 08:56:52,2026-01-06
186357,2026-01-05 13:23:00,1,2026-01-05,1655,2026-01-05 17:05:58,06 ene,,2026-01-06,2026-01-06,2026-01-06,2026-01-06,2026-01-05 13:23:00,2026-01-05 16:55:00,2026-01-05 17:05:58,2026-01-06
186358,2026-01-05 13:23:00,10,2026-01-06,1014,2026-01-06 10:51:16,07 ene,,2026-01-06,2026-01-06,2026-01-06,2026-01-07,2026-01-05 13:23:00,2026-01-06 10:14:00,2026-01-06 10:51:16,2026-01-07
186359,2026-01-05 13:24:00,1,2026-01-05,1654,2026-01-05 17:03:02,06 ENE,,2026-01-06,2026-01-06,2026-01-06,2026-01-06,2026-01-05 13:24:00,2026-01-05 16:54:00,2026-01-05 17:03:02,2026-01-06
186360,2026-01-05 13:46:00,2,2026-01-06,843,2026-01-06 08:51:54,06 ENE,,2026-01-06,2026-01-06,2026-01-06,2026-01-06,2026-01-05 13:46:00,2026-01-06 08:43:00,2026-01-06 08:51:54,2026-01-06
186361,2026-01-05 13:46:00,1,2026-01-06,840,2026-01-06 08:51:54,06 ENE,,2026-01-06,2026-01-06,2026-01-06,2026-01-06,2026-01-05 13:46:00,2026-01-06 08:40:00,2026-01-06 08:51:54,2026-01-06
186362,2026-01-05 13:46:00,1,2026-01-05,1654,2026-01-05 17:05:31,06 ENE,,2026-01-06,2026-01-06,2026-01-06,2026-01-06,2026-01-05 13:46:00,2026-01-05 16:54:00,2026-01-05 17:05:31,2026-01-06
186363,2026-01-05 13:57:00,1,2026-01-05,1726,2026-01-06 12:34:51,06 ENE,,2026-01-06,2026-01-06,2026-01-06,2026-01-06,2026-01-05 13:57:00,2026-01-05 17:26:00,2026-01-06 12:34:51,2026-01-06
186364,2026-01-05 14:10:00,4,2026-01-06,1006,2026-01-06 16:08:33,06 ene,,2026-01-06,2026-01-06,2026-01-07,2026-01-06,2026-01-05 14:10:00,2026-01-06 10:06:00,2026-01-06 16:08:33,2026-01-06
186365,2026-01-05 14:44:00,4,2026-01-06,1114,2026-01-06 14:29:12,06 ENE,,2026-01-06,2026-01-06,2026-01-07,2026-01-06,2026-01-05 14:44:00,2026-01-06 11:14:00,2026-01-06 14:29:12,2026-01-06
186366,2026-01-05 14:44:00,5,2026-01-06,1114,2026-01-06 14:29:12,06 ENE,,2026-01-06,2026-01-06,2026-01-07,2026-01-06,2026-01-05 14:44:00,2026-01-06 11:14:00,2026-01-06 14:29:12,2026-01-06
186367,2026-01-05 14:44:00,4,2026-01-06,1107,2026-01-06 14:29:12,06 ENE,,2026-01-06,2026-01-06,2026-01-07,2026-01-06,2026-01-05 14:44:00,2026-01-06 11:07:00,2026-01-06 14:29:12,2026-01-06
186368,2026-01-05 14:46:00,2,2026-01-06,806,2026-01-06 08:40:28,06 ene,,2026-01-06,2026-01-06,2026-01-06,2026-01-06,2026-01-05 14:46:00,2026-01-06 08:06:00,2026-01-06 08:40:28,2026-01-06
186369,2026-01-05 14:46:00,11,2026-01-06,732,2026-01-06 08:37:13,06 ene,,2026-01-06,2026-01-06,2026-01-06,2026-01-06,2026-01-05 14:46:00,2026-01-06 07:32:00,2026-01-06 08:37:13,2026-01-06
186370,2026-01-05 14:46:00,8,2026-01-06,822,2026-01-06 08:31:46,06 ene,,2026-01-06,2026-01-06,2026-01-06,2026-01-06,2026-01-05 14:46:00,2026-01-06 08:22:00,2026-01-06 08:31:46,2026-01-06
186371,2026-01-05 14:47:00,10,2026-01-06,722,2026-01-06 08:29:35,06 ene,,2026-01-06,2026-01-06,2026-01-06,2026-01-06,2026-01-05 14:47:00,2026-01-06 07:22:00,2026-01-06 08:29:35,2026-01-06
186372,2026-01-05 15:48:00,1,2026-01-05,1627,2026-01-05 16:32:30,05 ene,,2026-01-06,2026-01-06,2026-01-06,2026-01-05,2026-01-05 15:48:00,2026-01-05 16:27:00,2026-01-05 16:32:30,2026-01-05
186373,2026-01-05 15:49:00,10,2026-01-06,1310,2026-01-06 16:35:37,07 ene,,2026-01-06,2026-01-07,2026-01-07,2026-01-07,2026-01-05 15:49:00,2026-01-06 13:10:00,2026-01-06 16:35:37,2026-01-07
186374,2026-01-05 15:50:00,1,2026-01-06,1003,2026-01-06 15:09:42,06 ENE,,2026-01-06,2026-01-06,2026-01-07,2026-01-06,2026-01-05 15:50:00,2026-01-06 10:03:00,2026-01-06 15:09:42,2026-01-06
186375,2026-01-05 15:50:00,1,2026-01-06,954,2026-01-06 15:09:42,06 ENE,,2026-01-06,2026-01-06,2026-01-07,2026-01-06,2026-01-05 15:50:00,2026-01-06 09:54:00,2026-01-06 15:09:42,2026-01-06
186376,2026-01-05 16:00:00,15,2026-01-06,1403,2026-01-06 15:57:14,06 ene,,2026-01-06,2026-01-07,2026-01-07,2026-01-06,2026-01-05 16:00:00,2026-01-06 14:03:00,2026-01-06 15:57:14,2026-01-06
186377,2026-01-05 16:00:00,5,2026-01-06,1136,2026-01-06 14:57:07,06 ENE,,2026-01-06,2026-01-06,2026-01-07,2026-01-06,2026-01-05 16:00:00,2026-01-06 11:36:00,2026-01-06 14:57:07,2026-01-06
186378,2026-01-05 16:02:00,1,2026-01-06,1134,2026-01-06 12:58:21,06 ENE,,2026-01-06,2026-01-06,2026-01-06,2026-01-06,2026-01-05 16:02:00,2026-01-06 11:34:00,2026-01-06 12:58:21,2026-01-06
186379,2026-01-05 16:02:00,2,2026-01-06,1134,2026-01-06 12:58:21,06 ENE,,2026-01-06,2026-01-06,2026-01-06,2026-01-06,2026-01-05 16:02:00,2026-01-06 11:34:00,2026-01-06 12:58:21,2026-01-06
186380,2026-01-05 16:02:00,2,2026-01-06,1134,2026-01-06 12:58:21,06 ENE,,2026-01-06,2026-01-06,2026-01-06,2026-01-06,2026-01-05 16:02:00,2026-01-06 11:34:00,2026-01-06 12:58:21,2026-01-06
186381,2026-01-05 16:03:00,1,2026-01-06,1126,2026-01-06 12:58:21,06 ENE,,2026-01-06,2026-01-06,2026-01-06,2026-01-06,2026-01-05 16:03:00,2026-01-06 11:26:00,2026-01-06 12:58:21,2026-01-06
186382,2026-01-05 16:04:00,20,2026-01-06,1322,2026-01-06 14:43:32,06 ENE,,2026-01-06,2026-01-07,2026-01-07,2026-01-06,2026-01-05 16:04:00,2026-01-06 13:22:00,2026-01-06 14:43:32,2026-01-06
186383,2026-01-05 16:31:00,61,2026-01-06,1546,2026-01-06 17:39:35,07 ene,,2026-01-06,2026-01-07,2026-01-07,2026-01-07,2026-01-05 16:31:00,2026-01-06 15:46:00,2026-01-06 17:39:35,2026-01-07
186384,2026-01-05 16:34:00,22,2026-01-06,1518,2026-01-06 16:08:42,06 ene,,2026-01-06,2026-01-07,2026-01-07,2026-01-06,2026-01-05 16:34:00,2026-01-06 15:18:00,2026-01-06 16:08:42,2026-01-06
186385,2026-01-05 16:35:00,5,2026-01-06,1154,2026-01-06 12:34:39,06 ENE,,2026-01-06,2026-01-06,2026-01-06,2026-01-06,2026-01-05 16:35:00,2026-01-06 11:54:00,2026-01-06 12:34:39,2026-01-06
186386,2026-01-05 16:36:00,4,2026-01-06,1019,2026-01-06 10:47:10,07 ene,,2026-01-06,2026-01-06,2026-01-06,2026-01-07,2026-01-05 16:36:00,2026-01-06 10:19:00,2026-01-06 10:47:10,2026-01-07
186387,2026-01-06 09:16:00,323,,,,,,2026-01-06,,,,2026-01-06 09:16:00,,,
186388,2026-01-06 09:25:00,2,2026-01-06,1010,2026-01-06 10:38:25,06 ene,,2026-01-06,2026-01-06,2026-01-06,2026-01-06,2026-01-06 09:25:00,2026-01-06 10:10:00,2026-01-06 10:38:25,2026-01-06
186389,2026-01-06 09:27:00,14,2026-01-06,1606,2026-01-06 17:22:57,07 ene,,2026-01-06,2026-01-07,2026-01-07,2026-01-07,2026-01-06 09:27:00,2026-01-06 16:06:00,2026-01-06 17:22:57,2026-01-07
186390,2026-01-06 09:38:00,138,,,,,,2026-01-06,,,,2026-01-06 09:38:00,,,
186391,2026-01-06 09:44:00,1,2026-01-06,1307,2026-01-06 15:53:13,06 ene,,2026-01-06,2026-01-07,2026-01-07,2026-01-06,2026-01-06 09:44:00,2026-01-06 13:07:00,2026-01-06 15:53:13,2026-01-06
186392,2026-01-06 10:08:00,92,2026-01-07,1958,2026-01-07 20:57:36,08 ene,,2026-01-06,2026-01-08,2026-01-08,2026-01-08,2026-01-06 10:08:00,2026-01-07 19:58:00,2026-01-07 20:57:36,2026-01-08
186393,2026-01-06 10:13:00,15,2026-01-07,823,2026-01-07 09:29:58,07 ene,,2026-01-06,2026-01-07,2026-01-07,2026-01-07,2026-01-06 10:13:00,2026-01-07 08:23:00,2026-01-07 09:29:58,2026-01-07
186394,2026-01-06 10:17:00,5,2026-01-06,1626,2026-01-06 16:58:15,07 ene,,2026-01-06,2026-01-07,2026-01-07,2026-01-07,2026-01-06 10:17:00,2026-01-06 16:26:00,2026-01-06 16:58:15,2026-01-07
186395,2026-01-06 10:17:00,1,2026-01-06,1321,2026-01-06 15:42:36,06 ene,,2026-01-06,2026-01-07,2026-01-07,2026-01-06,2026-01-06 10:17:00,2026-01-06 13:21:00,2026-01-06 15:42:36,2026-01-06
186396,2026-01-06 10:19:00,61,,,,,,2026-01-06,,,,2026-01-06 10:19:00,,,
186397,2026-01-06 10:23:00,1,2026-01-06,1326,2026-01-06 15:45:30,06 ene,,2026-01-06,2026-01-07,2026-01-07,2026-01-06,2026-01-06 10:23:00,2026-01-06 13:26:00,2026-01-06 15:45:30,2026-01-06
186398,2026-01-06 10:23:00,1,2026-01-06,1346,2026-01-06 15:32:26,06 ene,,2026-01-06,2026-01-07,2026-01-07,2026-01-06,2026-01-06 10:23:00,2026-01-06 13:46:00,2026-01-06 15:32:26,2026-01-06
186399,2026-01-06 10:25:00,48,2026-01-06,1742,2026-01-07 10:39:55,07 ene,,2026-01-06,2026-01-07,2026-01-07,2026-01-07,2026-01-06 10:25:00,2026-01-06 17:42:00,2026-01-07 10:39:55,2026-01-07
186400,2026-01-06 10:27:00,60,2026-01-08,1912,2026-01-08 20:47:21,8 ENE,,2026-01-06,2026-01-09,2026-01-09,2026-01-08,2026-01-06 10:27:00,2026-01-08 19:12:00,2026-01-08 20:47:21,2026-01-08
186401,2026-01-06 10:31:00,215,2026-01-12,843,2026-01-12 09:02:03,09 ene,,2026-01-06,2026-01-12,2026-01-12,2026-01-09,2026-01-06 10:31:00,2026-01-12 08:43:00,2026-01-12 09:02:03,2026-01-09
186402,2026-01-06 10:37:00,66,,,,,,2026-01-06,,,,2026-01-06 10:37:00,,,
186403,2026-01-06 10:38:00,1,2026-01-06,1347,2026-01-06 15:35:49,06 ene,,2026-01-06,2026-01-07,2026-01-07,2026-01-06,2026-01-06 10:38:00,2026-01-06 13:47:00,2026-01-06 15:35:49,2026-01-06
186404,2026-01-06 10:38:00,1,2026-01-06,1422,2026-01-06 15:26:44,06 ene,,2026-01-06,2026-01-07,2026-01-07,2026-01-06,2026-01-06 10:38:00,2026-01-06 14:22:00,2026-01-06 15:26:44,2026-01-06
186405,2026-01-06 10:40:00,1,2026-01-06,1346,2026-01-06 15:53:16,07 ene,,2026-01-06,2026-01-07,2026-01-07,2026-01-07,2026-01-06 10:40:00,2026-01-06 13:46:00,2026-01-06 15:53:16,2026-01-07
186406,2026-01-06 10:58:00,1,2026-01-06,1130,2026-01-06 15:20:38,07 ene,,2026-01-06,2026-01-06,2026-01-07,2026-01-07,2026-01-06 10:58:00,2026-01-06 11:30:00,2026-01-06 15:20:38,2026-01-07
186407,2026-01-06 10:58:00,1,2026-01-06,1258,2026-01-06 15:23:29,07 ene,,2026-01-06,2026-01-06,2026-01-07,2026-01-07,2026-01-06 10:58:00,2026-01-06 12:58:00,2026-01-06 15:23:29,2026-01-07
186408,2026-01-06 11:01:00,28,,,,,,2026-01-06,,,,2026-01-06 11:01:00,,,
186409,2026-01-06 11:03:00,2,2026-01-06,1430,2026-01-06 14:59:27,06 ene,,2026-01-06,2026-01-07,2026-01-07,2026-01-06,2026-01-06 11:03:00,2026-01-06 14:30:00,2026-01-06 14:59:27,2026-01-06
186410,2026-01-06 11:03:00,1,2026-01-06,1423,2026-01-06 14:50:57,06 ene,,2026-01-06,2026-01-07,2026-01-07,2026-01-06,2026-01-06 11:03:00,2026-01-06 14:23:00,2026-01-06 14:50:57,2026-01-06
186411,2026-01-06 11:26:00,3,2026-01-06,1742,2026-01-07 08:19:54,07 ene,,2026-01-06,2026-01-07,2026-01-07,2026-01-07,2026-01-06 11:26:00,2026-01-06 17:42:00,2026-01-07 08:19:54,2026-01-07
186412,2026-01-06 11:26:00,16,2026-01-07,928,2026-01-07 10:23:46,07 ene,,2026-01-06,2026-01-07,2026-01-07,2026-01-07,2026-01-06 11:26:00,2026-01-07 09:28:00,2026-01-07 10:23:46,2026-01-07
186413,2026-01-06 11:35:00,28,2026-01-07,842,2026-01-07 11:25:35,7 ENE,,2026-01-06,2026-01-07,2026-01-07,2026-01-07,2026-01-06 11:35:00,2026-01-07 08:42:00,2026-01-07 11:25:35,2026-01-07
186414,2026-01-06 11:38:00,1,2026-01-06,1435,2026-01-06 15:58:34,06 ene,,2026-01-06,2026-01-07,2026-01-07,2026-01-06,2026-01-06 11:38:00,2026-01-06 14:35:00,2026-01-06 15:58:34,2026-01-06
186415,2026-01-06 11:51:00,2,2026-01-06,1607,2026-01-06 17:25:43,06 ene,,2026-01-06,2026-01-07,2026-01-07,2026-01-06,2026-01-06 11:51:00,2026-01-06 16:07:00,2026-01-06 17:25:43,2026-01-06
186416,2026-01-06 12:05:00,3,2026-01-07,954,2026-01-07 10:25:14,07 ene,,2026-01-06,2026-01-07,2026-01-07,2026-01-07,2026-01-06 12:05:00,2026-01-07 09:54:00,2026-01-07 10:25:14,2026-01-07
186417,2026-01-06 12:22:00,1,2026-01-06,1526,2026-01-06 17:27:33,07 ene,,2026-01-06,2026-01-07,2026-01-07,2026-01-07,2026-01-06 12:22:00,2026-01-06 15:26:00,2026-01-06 17:27:33,2026-01-07
186418,2026-01-06 13:17:00,3,2026-01-07,1422,2026-01-07 14:41:49,07 ene,,2026-01-07,2026-01-08,2026-01-08,2026-01-07,2026-01-06 13:17:00,2026-01-07 14:22:00,2026-01-07 14:41:49,2026-01-07
186419,2026-01-06 13:17:00,3,2026-01-07,1540,2026-01-07 16:03:36,8 ENE,,2026-01-07,2026-01-08,2026-01-08,2026-01-08,2026-01-06 13:17:00,2026-01-07 15:40:00,2026-01-07 16:03:36,2026-01-08
186420,2026-01-06 13:19:00,1,2026-01-07,1144,2026-01-07 12:05:31,07 ene,,2026-01-07,2026-01-07,2026-01-07,2026-01-07,2026-01-06 13:19:00,2026-01-07 11:44:00,2026-01-07 12:05:31,2026-01-07
186421,2026-01-06 13:31:00,1,2026-01-07,1406,2026-01-07 14:34:30,07 ene,,2026-01-07,2026-01-08,2026-01-08,2026-01-07,2026-01-06 13:31:00,2026-01-07 14:06:00,2026-01-07 14:34:30,2026-01-07
186422,2026-01-06 13:35:00,2,2026-01-07,1040,2026-01-07 11:57:53,07 ene,,2026-01-07,2026-01-07,2026-01-07,2026-01-07,2026-01-06 13:35:00,2026-01-07 10:40:00,2026-01-07 11:57:53,2026-01-07
186423,2026-01-06 13:58:00,6,2026-01-07,1006,2026-01-07 10:44:58,07 ene,,2026-01-07,2026-01-07,2026-01-07,2026-01-07,2026-01-06 13:58:00,2026-01-07 10:06:00,2026-01-07 10:44:58,2026-01-07
186424,2026-01-06 13:59:00,3,2026-01-07,1346,2026-01-07 14:24:55,07 ene,,2026-01-07,2026-01-08,2026-01-08,2026-01-07,2026-01-06 13:59:00,2026-01-07 13:46:00,2026-01-07 14:24:55,2026-01-07
186425,2026-01-06 13:59:00,4,2026-01-07,1040,2026-01-07 11:28:49,07 ene,,2026-01-07,2026-01-07,2026-01-07,2026-01-07,2026-01-06 13:59:00,2026-01-07 10:40:00,2026-01-07 11:28:49,2026-01-07
186426,2026-01-06 14:11:00,3,2026-01-07,1054,2026-01-07 11:01:50,07 ene,,2026-01-07,2026-01-07,2026-01-07,2026-01-07,2026-01-06 14:11:00,2026-01-07 10:54:00,2026-01-07 11:01:50,2026-01-07
186427,2026-01-06 14:11:00,3,2026-01-07,1048,2026-01-07 11:01:50,07 ene,,2026-01-07,2026-01-07,2026-01-07,2026-01-07,2026-01-06 14:11:00,2026-01-07 10:48:00,2026-01-07 11:01:50,2026-01-07
186428,2026-01-06 14:38:00,2,2026-01-07,1154,2026-01-07 12:21:19,07 ene,,2026-01-07,2026-01-07,2026-01-07,2026-01-07,2026-01-06 14:38:00,2026-01-07 11:54:00,2026-01-07 12:21:19,2026-01-07
186429,2026-01-06 14:38:00,2,2026-01-07,1154,2026-01-07 12:21:19,07 ene,,2026-01-07,2026-01-07,2026-01-07,2026-01-07,2026-01-06 14:38:00,2026-01-07 11:54:00,2026-01-07 12:21:19,2026-01-07
186430,2026-01-06 14:38:00,2,2026-01-07,1144,2026-01-07 12:21:19,07 ene,,2026-01-07,2026-01-07,2026-01-07,2026-01-07,2026-01-06 14:38:00,2026-01-07 11:44:00,2026-01-07 12:21:19,2026-01-07
186431,2026-01-06 14:53:00,1,2026-01-07,928,2026-01-07 09:45:14,07 ene,,2026-01-07,2026-01-07,2026-01-07,2026-01-07,2026-01-06 14:53:00,2026-01-07 09:28:00,2026-01-07 09:45:14,2026-01-07
186432,2026-01-06 14:55:00,6,,,,,,2026-01-07,,,,2026-01-06 14:55:00,,,
186433,2026-01-06 14:56:00,6,2026-01-07,1226,2026-01-07 12:54:55,07 ene,,2026-01-07,2026-01-07,2026-01-07,2026-01-07,2026-01-06 14:56:00,2026-01-07 12:26:00,2026-01-07 12:54:55,2026-01-07
186434,2026-01-06 14:57:00,7,2026-01-07,1230,2026-01-07 12:54:53,07 ene,,2026-01-07,2026-01-07,2026-01-07,2026-01-07,2026-01-06 14:57:00,2026-01-07 12:30:00,2026-01-07 12:54:53,2026-01-07
186435,2026-01-06 15:01:00,2,2026-01-07,834,2026-01-07 08:53:03,07 ene,,2026-01-07,2026-01-07,2026-01-07,2026-01-07,2026-01-06 15:01:00,2026-01-07 08:34:00,2026-01-07 08:53:03,2026-01-07
186436,2026-01-06 15:06:00,7,2026-01-07,950,2026-01-07 10:29:06,07 ene,,2026-01-07,2026-01-07,2026-01-07,2026-01-07,2026-01-06 15:06:00,2026-01-07 09:50:00,2026-01-07 10:29:06,2026-01-07
186437,2026-01-06 15:06:00,9,2026-01-07,1022,2026-01-07 10:34:06,07 ene,,2026-01-07,2026-01-07,2026-01-07,2026-01-07,2026-01-06 15:06:00,2026-01-07 10:22:00,2026-01-07 10:34:06,2026-01-07
186438,2026-01-06 15:51:00,1,2026-01-07,1314,2026-01-07 13:46:42,07 ene,,2026-01-07,2026-01-08,2026-01-08,2026-01-07,2026-01-06 15:51:00,2026-01-07 13:14:00,2026-01-07 13:46:42,2026-01-07
186439,2026-01-06 15:57:00,24,2026-01-07,1422,2026-01-07 15:23:32,07 ene,,2026-01-07,2026-01-08,2026-01-08,2026-01-07,2026-01-06 15:57:00,2026-01-07 14:22:00,2026-01-07 15:23:32,2026-01-07
186440,2026-01-06 16:07:00,7,2026-01-07,1504,2026-01-07 17:16:59,7 ENE,,2026-01-07,2026-01-08,2026-01-08,2026-01-07,2026-01-06 16:07:00,2026-01-07 15:04:00,2026-01-07 17:16:59,2026-01-07
186441,2026-01-06 16:21:00,17,2026-01-07,1534,2026-01-07 16:08:41,8 ENE,,2026-01-07,2026-01-08,2026-01-08,2026-01-08,2026-01-06 16:21:00,2026-01-07 15:34:00,2026-01-07 16:08:41,2026-01-08
186442,2026-01-06 16:21:00,15,2026-01-07,1530,2026-01-07 16:08:41,8 ENE,,2026-01-07,2026-01-08,2026-01-08,2026-01-08,2026-01-06 16:21:00,2026-01-07 15:30:00,2026-01-07 16:08:41,2026-01-08
186443,2026-01-06 16:37:00,9,,,,,,2026-01-07,,,,2026-01-06 16:37:00,,,
186444,2026-01-06 16:38:00,18,2026-01-07,1456,2026-01-07 16:33:54,7 ENE,,2026-01-07,2026-01-08,2026-01-08,2026-01-07,2026-01-06 16:38:00,2026-01-07 14:56:00,2026-01-07 16:33:54,2026-01-07
186445,2026-01-06 16:39:00,4,2026-01-07,1618,2026-01-07 17:06:05,08/01/26,,2026-01-07,2026-01-08,2026-01-08,,2026-01-06 16:39:00,2026-01-07 16:18:00,2026-01-07 17:06:05,
186446,2026-01-06 16:39:00,1,2026-01-07,1538,2026-01-07 17:12:50,08-01-2025,,2026-01-07,2026-01-08,2026-01-08,2025-01-08,2026-01-06 16:39:00,2026-01-07 15:38:00,2026-01-07 17:12:50,2025-01-08
186447,2026-01-06 16:43:00,9,2026-01-07,1342,2026-01-07 14:28:06,07 ene,,2026-01-07,2026-01-08,2026-01-08,2026-01-07,2026-01-06 16:43:00,2026-01-07 13:42:00,2026-01-07 14:28:06,2026-01-07
186448,2026-01-06 17:14:00,7,2026-01-07,1710,2026-01-07 17:27:52,8 ENE,,2026-01-07,2026-01-08,2026-01-08,2026-01-08,2026-01-06 17:14:00,2026-01-07 17:10:00,2026-01-07 17:27:52,2026-01-08
186449,2026-01-06 17:15:00,10,2026-01-07,1544,2026-01-07 16:21:05,7 ENE,,2026-01-07,2026-01-08,2026-01-08,2026-01-07,2026-01-06 17:15:00,2026-01-07 15:44:00,2026-01-07 16:21:05,2026-01-07
186450,2026-01-06 17:20:00,3,2026-01-07,1602,2026-01-07 16:36:02,7 ENE,,2026-01-07,2026-01-08,2026-01-08,2026-01-07,2026-01-06 17:20:00,2026-01-07 16:02:00,2026-01-07 16:36:02,2026-01-07
186451,2026-01-06 17:25:00,2,2026-01-07,1314,2026-01-07 13:25:44,7 ENE,,2026-01-07,2026-01-08,2026-01-08,2026-01-07,2026-01-06 17:25:00,2026-01-07 13:14:00,2026-01-07 13:25:44,2026-01-07
186452,2026-01-07 08:20:00,16,2026-01-07,1616,2026-01-07 16:44:19,8 ENE,,2026-01-07,2026-01-08,2026-01-08,2026-01-08,2026-01-07 08:20:00,2026-01-07 16:16:00,2026-01-07 16:44:19,2026-01-08
186453,2026-01-07 08:44:00,221,,,,,,2026-01-07,,,,2026-01-07 08:44:00,,,
186454,2026-01-07 08:45:00,1,2026-01-07,1602,2026-01-07 16:57:39,7 ENE,,2026-01-07,2026-01-08,2026-01-08,2026-01-07,2026-01-07 08:45:00,2026-01-07 16:02:00,2026-01-07 16:57:39,2026-01-07
186455,2026-01-07 08:46:00,1,2026-01-07,1624,2026-01-07 16:59:13,7 ENE,,2026-01-07,2026-01-08,2026-01-08,2026-01-07,2026-01-07 08:46:00,2026-01-07 16:24:00,2026-01-07 16:59:13,2026-01-07
186456,2026-01-07 09:39:00,12,2026-01-08,1004,2026-01-08 10:57:52,08-01-2025,,2026-01-07,2026-01-08,2026-01-08,2025-01-08,2026-01-07 09:39:00,2026-01-08 10:04:00,2026-01-08 10:57:52,2025-01-08
186457,2026-01-07 09:53:00,1,2026-01-07,1626,2026-01-07 16:47:50,7 ENE,,2026-01-07,2026-01-08,2026-01-08,2026-01-07,2026-01-07 09:53:00,2026-01-07 16:26:00,2026-01-07 16:47:50,2026-01-07
186458,2026-01-07 09:57:00,15,2026-01-07,1728,2026-01-07 21:12:19,8 ENE,,2026-01-07,2026-01-08,2026-01-08,2026-01-08,2026-01-07 09:57:00,2026-01-07 17:28:00,2026-01-07 21:12:19,2026-01-08
186459,2026-01-07 10:14:00,1,2026-01-07,1643,2026-01-07 16:56:06,8 ENE,,2026-01-07,2026-01-08,2026-01-08,2026-01-08,2026-01-07 10:14:00,2026-01-07 16:43:00,2026-01-07 16:56:06,2026-01-08
186460,2026-01-07 10:14:00,4,2026-01-07,1642,2026-01-07 16:56:06,8 ENE,,2026-01-07,2026-01-08,2026-01-08,2026-01-08,2026-01-07 10:14:00,2026-01-07 16:42:00,2026-01-07 16:56:06,2026-01-08
186461,2026-01-07 10:16:00,6,2026-01-07,1711,2026-01-07 17:26:45,7 ENE,,2026-01-07,2026-01-08,2026-01-08,2026-01-07,2026-01-07 10:16:00,2026-01-07 17:11:00,2026-01-07 17:26:45,2026-01-07
186462,2026-01-07 10:30:00,2,2026-01-07,1640,2026-01-07 17:01:57,08/01/26,,2026-01-07,2026-01-08,2026-01-08,,2026-01-07 10:30:00,2026-01-07 16:40:00,2026-01-07 17:01:57,
186463,2026-01-07 10:30:00,5,2026-01-07,2126,2026-01-08 08:17:03,08/01/26,,2026-01-07,2026-01-08,2026-01-08,,2026-01-07 10:30:00,2026-01-07 21:26:00,2026-01-08 08:17:03,
186464,2026-01-07 10:30:00,1,2026-01-07,1710,2026-01-07 17:23:34,26-01-2026,,2026-01-07,2026-01-08,2026-01-08,2026-01-26,2026-01-07 10:30:00,2026-01-07 17:10:00,2026-01-07 17:23:34,2026-01-26
186465,2026-01-07 10:32:00,4,2026-01-07,1732,2026-01-08 08:40:23,8 ENE,,2026-01-07,2026-01-08,2026-01-08,2026-01-08,2026-01-07 10:32:00,2026-01-07 17:32:00,2026-01-08 08:40:23,2026-01-08
186466,2026-01-07 10:33:00,2,2026-01-07,2128,2026-01-08 08:40:14,8 ENE,,2026-01-07,2026-01-08,2026-01-08,2026-01-08,2026-01-07 10:33:00,2026-01-07 21:28:00,2026-01-08 08:40:14,2026-01-08
186467,2026-01-07 10:33:00,2,2026-01-08,848,2026-01-08 08:53:32,8 ENE,,2026-01-07,2026-01-08,2026-01-08,2026-01-08,2026-01-07 10:33:00,2026-01-08 08:48:00,2026-01-08 08:53:32,2026-01-08
186468,2026-01-07 11:04:00,1,2026-01-07,1732,2026-01-08 08:44:22,,,2026-01-07,2026-01-08,2026-01-08,,2026-01-07 11:04:00,2026-01-07 17:32:00,2026-01-08 08:44:22,
186469,2026-01-07 11:04:00,1,2026-01-07,1732,2026-01-08 08:45:50,8 ENE,,2026-01-07,2026-01-08,2026-01-08,2026-01-08,2026-01-07 11:04:00,2026-01-07 17:32:00,2026-01-08 08:45:50,2026-01-08
186470,2026-01-07 11:07:00,7,2026-01-08,840,2026-01-08 08:49:35,8 ENE,,2026-01-07,2026-01-08,2026-01-08,2026-01-08,2026-01-07 11:07:00,2026-01-08 08:40:00,2026-01-08 08:49:35,2026-01-08
186471,2026-01-07 11:09:00,1,2026-01-07,1714,2026-01-07 17:25:36,7 ENE,,2026-01-07,2026-01-08,2026-01-08,2026-01-07,2026-01-07 11:09:00,2026-01-07 17:14:00,2026-01-07 17:25:36,2026-01-07
186472,2026-01-07 11:09:00,0,2026-01-08,911,2026-01-08 09:19:48,8 ENE,,2026-01-07,2026-01-08,2026-01-08,2026-01-08,2026-01-07 11:09:00,2026-01-08 09:11:00,2026-01-08 09:19:48,2026-01-08
186473,2026-01-07 11:47:00,8,2026-01-08,913,2026-01-08 09:27:22,08-01-2026,,2026-01-07,2026-01-08,2026-01-08,2026-01-08,2026-01-07 11:47:00,2026-01-08 09:13:00,2026-01-08 09:27:22,2026-01-08
186474,2026-01-07 11:48:00,3,2026-01-07,1700,2026-01-07 17:07:29,8 ENE,,2026-01-07,2026-01-08,2026-01-08,2026-01-08,2026-01-07 11:48:00,2026-01-07 17:00:00,2026-01-07 17:07:29,2026-01-08
186475,2026-01-07 11:48:00,2,2026-01-08,914,2026-01-08 09:42:21,8 ENE,,2026-01-07,2026-01-08,2026-01-08,2026-01-08,2026-01-07 11:48:00,2026-01-08 09:14:00,2026-01-08 09:42:21,2026-01-08
186476,2026-01-07 12:27:00,1,2026-01-07,1700,2026-01-07 17:11:20,7 ENE,,2026-01-07,2026-01-08,2026-01-08,2026-01-07,2026-01-07 12:27:00,2026-01-07 17:00:00,2026-01-07 17:11:20,2026-01-07
186477,2026-01-07 12:27:00,2,2026-01-08,900,2026-01-08 09:09:59,8 ENE,,2026-01-07,2026-01-08,2026-01-08,2026-01-08,2026-01-07 12:27:00,2026-01-08 09:00:00,2026-01-08 09:09:59,2026-01-08
186478,2026-01-07 12:28:00,1,2026-01-08,844,2026-01-08 09:28:22,8 ENE,,2026-01-07,2026-01-08,2026-01-08,2026-01-08,2026-01-07 12:28:00,2026-01-08 08:44:00,2026-01-08 09:28:22,2026-01-08
186479,2026-01-07 12:28:00,2,2026-01-08,844,2026-01-08 09:28:22,8 ENE,,2026-01-07,2026-01-08,2026-01-08,2026-01-08,2026-01-07 12:28:00,2026-01-08 08:44:00,2026-01-08 09:28:22,2026-01-08
186480,2026-01-07 12:28:00,1,2026-01-08,840,2026-01-08 09:28:22,8 ENE,,2026-01-07,2026-01-08,2026-01-08,2026-01-08,2026-01-07 12:28:00,2026-01-08 08:40:00,2026-01-08 09:28:22,2026-01-08
186481,2026-01-07 12:33:00,1,2026-01-07,1732,2026-01-07 21:15:04,09-01-2025,,2026-01-07,2026-01-08,2026-01-08,2025-01-09,2026-01-07 12:33:00,2026-01-07 17:32:00,2026-01-07 21:15:04,2025-01-09
186482,2026-01-07 13:14:00,2,2026-01-08,1408,2026-01-08 14:29:26,8 ene,,2026-01-08,2026-01-09,2026-01-09,2026-01-08,2026-01-07 13:14:00,2026-01-08 14:08:00,2026-01-08 14:29:26,2026-01-08
186483,2026-01-07 13:14:00,2,2026-01-08,1414,2026-01-08 14:22:43,8 ene,,2026-01-08,2026-01-09,2026-01-09,2026-01-08,2026-01-07 13:14:00,2026-01-08 14:14:00,2026-01-08 14:22:43,2026-01-08
186484,2026-01-07 13:18:00,3,2026-01-08,1346,2026-01-08 13:53:14,8 ene,,2026-01-08,2026-01-09,2026-01-09,2026-01-08,2026-01-07 13:18:00,2026-01-08 13:46:00,2026-01-08 13:53:14,2026-01-08
186485,2026-01-07 13:19:00,9,2026-01-08,1040,2026-01-08 10:57:44,8 ene,,2026-01-08,2026-01-08,2026-01-08,2026-01-08,2026-01-07 13:19:00,2026-01-08 10:40:00,2026-01-08 10:57:44,2026-01-08
186486,2026-01-07 13:19:00,1,2026-01-08,1158,2026-01-08 12:47:30,8 ene,,2026-01-08,2026-01-08,2026-01-08,2026-01-08,2026-01-07 13:19:00,2026-01-08 11:58:00,2026-01-08 12:47:30,2026-01-08
186487,2026-01-07 13:33:00,1,,,,,,2026-01-08,,,,2026-01-07 13:33:00,,,
186488,2026-01-07 13:34:00,1,2026-01-08,1202,2026-01-08 12:49:48,9 ene,,2026-01-08,2026-01-08,2026-01-08,2026-01-09,2026-01-07 13:34:00,2026-01-08 12:02:00,2026-01-08 12:49:48,2026-01-09
186489,2026-01-07 13:36:00,4,2026-01-08,1158,2026-01-08 12:17:06,8 ene,,2026-01-08,2026-01-08,2026-01-08,2026-01-08,2026-01-07 13:36:00,2026-01-08 11:58:00,2026-01-08 12:17:06,2026-01-08
186490,2026-01-07 13:37:00,4,2026-01-08,1150,2026-01-08 12:28:35,8 ENE,,2026-01-08,2026-01-08,2026-01-08,2026-01-08,2026-01-07 13:37:00,2026-01-08 11:50:00,2026-01-08 12:28:35,2026-01-08
186491,2026-01-07 13:39:00,24,2026-01-08,1636,2026-01-08 17:21:06,09-01-2026,,2026-01-08,2026-01-09,2026-01-09,2026-01-09,2026-01-07 13:39:00,2026-01-08 16:36:00,2026-01-08 17:21:06,2026-01-09
186492,2026-01-07 13:40:00,2,2026-01-08,1442,2026-01-08 15:07:04,8 ene,,2026-01-08,2026-01-09,2026-01-09,2026-01-08,2026-01-07 13:40:00,2026-01-08 14:42:00,2026-01-08 15:07:04,2026-01-08
186493,2026-01-07 13:40:00,2,2026-01-08,1442,2026-01-08 14:47:11,8 ene,,2026-01-08,2026-01-09,2026-01-09,2026-01-08,2026-01-07 13:40:00,2026-01-08 14:42:00,2026-01-08 14:47:11,2026-01-08
186494,2026-01-07 13:41:00,4,2026-01-08,1150,2026-01-08 12:32:33,8 ene,,2026-01-08,2026-01-08,2026-01-08,2026-01-08,2026-01-07 13:41:00,2026-01-08 11:50:00,2026-01-08 12:32:33,2026-01-08
186495,2026-01-07 13:42:00,6,2026-01-08,1202,2026-01-08 12:43:53,8 ene,,2026-01-08,2026-01-08,2026-01-08,2026-01-08,2026-01-07 13:42:00,2026-01-08 12:02:00,2026-01-08 12:43:53,2026-01-08
186496,2026-01-07 13:42:00,1,2026-01-08,1054,2026-01-08 11:03:10,8 ene,,2026-01-08,2026-01-08,2026-01-08,2026-01-08,2026-01-07 13:42:00,2026-01-08 10:54:00,2026-01-08 11:03:10,2026-01-08
186497,2026-01-07 13:43:00,17,2026-01-08,952,2026-01-08 10:16:47,8 ene,,2026-01-08,2026-01-08,2026-01-08,2026-01-08,2026-01-07 13:43:00,2026-01-08 09:52:00,2026-01-08 10:16:47,2026-01-08
186498,2026-01-07 13:43:00,1,2026-01-08,1004,2026-01-08 11:07:47,8 ene,,2026-01-08,2026-01-08,2026-01-08,2026-01-08,2026-01-07 13:43:00,2026-01-08 10:04:00,2026-01-08 11:07:47,2026-01-08
186499,2026-01-07 14:07:00,8,2026-01-08,1742,2026-01-09 08:26:44,09-01-2026,,2026-01-08,2026-01-09,2026-01-09,2026-01-09,2026-01-07 14:07:00,2026-01-08 17:42:00,2026-01-09 08:26:44,2026-01-09
186500,2026-01-07 14:07:00,2,2026-01-08,1742,2026-01-09 08:22:38,09-01-2026,,2026-01-08,2026-01-09,2026-01-09,2026-01-09,2026-01-07 14:07:00,2026-01-08 17:42:00,2026-01-09 08:22:38,2026-01-09
186501,2026-01-07 14:07:00,6,2026-01-09,738,2026-01-09 08:17:15,09-01-2026,,2026-01-08,2026-01-09,2026-01-09,2026-01-09,2026-01-07 14:07:00,2026-01-09 07:38:00,2026-01-09 08:17:15,2026-01-09
186502,2026-01-07 15:11:00,2,2026-01-08,1150,2026-01-08 12:37:27,8 ene,,2026-01-08,2026-01-08,2026-01-08,2026-01-08,2026-01-07 15:11:00,2026-01-08 11:50:00,2026-01-08 12:37:27,2026-01-08
186503,2026-01-07 15:12:00,3,2026-01-08,1346,2026-01-08 14:14:15,8 ene,,2026-01-08,2026-01-09,2026-01-09,2026-01-08,2026-01-07 15:12:00,2026-01-08 13:46:00,2026-01-08 14:14:15,2026-01-08
186504,2026-01-07 15:12:00,2,2026-01-08,1446,2026-01-08 14:48:23,8 ene,,2026-01-08,2026-01-09,2026-01-09,2026-01-08,2026-01-07 15:12:00,2026-01-08 14:46:00,2026-01-08 14:48:23,2026-01-08
186505,2026-01-07 15:12:00,1,2026-01-08,1158,2026-01-08 12:53:57,8 ene,,2026-01-08,2026-01-08,2026-01-08,2026-01-08,2026-01-07 15:12:00,2026-01-08 11:58:00,2026-01-08 12:53:57,2026-01-08
186506,2026-01-07 15:14:00,5,2026-01-09,738,2026-01-09 08:14:43,09-01-2026,,2026-01-08,2026-01-09,2026-01-09,2026-01-09,2026-01-07 15:14:00,2026-01-09 07:38:00,2026-01-09 08:14:43,2026-01-09
186507,2026-01-07 15:14:00,6,2026-01-09,738,2026-01-09 08:19:27,09-01-2026,,2026-01-08,2026-01-09,2026-01-09,2026-01-09,2026-01-07 15:14:00,2026-01-09 07:38:00,2026-01-09 08:19:27,2026-01-09
186508,2026-01-07 15:14:00,1,2026-01-08,1448,2026-01-08 15:06:03,09-01-2026,,2026-01-08,2026-01-09,2026-01-09,2026-01-09,2026-01-07 15:14:00,2026-01-08 14:48:00,2026-01-08 15:06:03,2026-01-09
186509,2026-01-07 15:14:00,3,2026-01-09,748,2026-01-09 08:21:38,09-01-2026,,2026-01-08,2026-01-09,2026-01-09,2026-01-09,2026-01-07 15:14:00,2026-01-09 07:48:00,2026-01-09 08:21:38,2026-01-09
186510,2026-01-07 15:26:00,3,2026-01-08,1352,2026-01-08 14:08:19,8 ene,,2026-01-08,2026-01-09,2026-01-09,2026-01-08,2026-01-07 15:26:00,2026-01-08 13:52:00,2026-01-08 14:08:19,2026-01-08
186511,2026-01-07 15:27:00,3,2026-01-08,1406,2026-01-08 14:17:13,8 ene,,2026-01-08,2026-01-09,2026-01-09,2026-01-08,2026-01-07 15:27:00,2026-01-08 14:06:00,2026-01-08 14:17:13,2026-01-08
186512,2026-01-07 15:28:00,14,,,,,,2026-01-08,,,,2026-01-07 15:28:00,,,
186513,2026-01-07 15:29:00,3,2026-01-08,1558,2026-01-08 16:04:27,8 ene,,2026-01-08,2026-01-09,2026-01-09,2026-01-08,2026-01-07 15:29:00,2026-01-08 15:58:00,2026-01-08 16:04:27,2026-01-08
186514,2026-01-07 15:29:00,7,2026-01-08,1032,2026-01-08 11:20:03,8 ene,,2026-01-08,2026-01-08,2026-01-08,2026-01-08,2026-01-07 15:29:00,2026-01-08 10:32:00,2026-01-08 11:20:03,2026-01-08
186515,2026-01-07 15:29:00,10,2026-01-08,1100,2026-01-08 11:15:39,8 ene,,2026-01-08,2026-01-08,2026-01-08,2026-01-08,2026-01-07 15:29:00,2026-01-08 11:00:00,2026-01-08 11:15:39,2026-01-08
186516,2026-01-07 15:31:00,15,2026-01-09,910,2026-01-09 10:13:25,09-01-2026,,2026-01-08,2026-01-09,2026-01-09,2026-01-09,2026-01-07 15:31:00,2026-01-09 09:10:00,2026-01-09 10:13:25,2026-01-09
186517,2026-01-07 15:40:00,141,2026-01-15,2032,2026-01-16 10:47:37,15 ene,,2026-01-08,2026-01-16,2026-01-16,2026-01-15,2026-01-07 15:40:00,2026-01-15 20:32:00,2026-01-16 10:47:37,2026-01-15
186518,2026-01-07 15:41:00,13,2026-01-08,1054,2026-01-08 11:19:35,8 ene,,2026-01-08,2026-01-08,2026-01-08,2026-01-08,2026-01-07 15:41:00,2026-01-08 10:54:00,2026-01-08 11:19:35,2026-01-08
186519,2026-01-07 15:42:00,2,2026-01-08,1442,2026-01-08 15:08:45,8 ene,,2026-01-08,2026-01-09,2026-01-09,2026-01-08,2026-01-07 15:42:00,2026-01-08 14:42:00,2026-01-08 15:08:45,2026-01-08
186520,2026-01-07 15:47:00,30,2026-01-09,1000,2026-01-12 08:59:18,14-01-2026,,2026-01-08,2026-01-09,2026-01-12,2026-01-14,2026-01-07 15:47:00,2026-01-09 10:00:00,2026-01-12 08:59:18,2026-01-14
186521,2026-01-07 15:48:00,30,2026-01-12,754,2026-01-12 08:43:24,14-01-2026,,2026-01-08,2026-01-12,2026-01-12,2026-01-14,2026-01-07 15:48:00,2026-01-12 07:54:00,2026-01-12 08:43:24,2026-01-14
186522,2026-01-07 15:49:00,30,2026-01-13,1356,2026-01-13 14:44:01,14-01-2026,,2026-01-08,2026-01-14,2026-01-14,2026-01-14,2026-01-07 15:49:00,2026-01-13 13:56:00,2026-01-13 14:44:01,2026-01-14
186523,2026-01-07 15:50:00,30,2026-01-14,1130,2026-01-14 13:56:52,15 ene,,2026-01-08,2026-01-14,2026-01-15,2026-01-15,2026-01-07 15:50:00,2026-01-14 11:30:00,2026-01-14 13:56:52,2026-01-15
186524,2026-01-07 15:50:00,18,2026-01-14,1458,2026-01-15 10:11:17,15-01-2026,,2026-01-08,2026-01-15,2026-01-15,2026-01-15,2026-01-07 15:50:00,2026-01-14 14:58:00,2026-01-15 10:11:17,2026-01-15
186525,2026-01-07 16:13:00,1,2026-01-08,1446,2026-01-08 15:22:59,9 ene,,2026-01-08,2026-01-09,2026-01-09,2026-01-09,2026-01-07 16:13:00,2026-01-08 14:46:00,2026-01-08 15:22:59,2026-01-09
186526,2026-01-07 16:13:00,2,2026-01-08,1456,2026-01-08 15:08:57,8 ene,,2026-01-08,2026-01-09,2026-01-09,2026-01-08,2026-01-07 16:13:00,2026-01-08 14:56:00,2026-01-08 15:08:57,2026-01-08
186527,2026-01-07 16:13:00,2,2026-01-08,816,2026-01-08 08:24:25,08-01-2025,,2026-01-08,2026-01-08,2026-01-08,2025-01-08,2026-01-07 16:13:00,2026-01-08 08:16:00,2026-01-08 08:24:25,2025-01-08
186528,2026-01-07 16:13:00,2,2026-01-08,952,2026-01-08 10:50:37,08-01-2025,,2026-01-08,2026-01-08,2026-01-08,2025-01-08,2026-01-07 16:13:00,2026-01-08 09:52:00,2026-01-08 10:50:37,2025-01-08
186529,2026-01-07 16:45:00,5,2026-01-08,1202,2026-01-08 12:31:31,8 ene,,2026-01-08,2026-01-08,2026-01-08,2026-01-08,2026-01-07 16:45:00,2026-01-08 12:02:00,2026-01-08 12:31:31,2026-01-08
186530,2026-01-07 17:06:00,5,2026-01-08,1126,2026-01-08 11:45:55,8 ene,,2026-01-08,2026-01-08,2026-01-08,2026-01-08,2026-01-07 17:06:00,2026-01-08 11:26:00,2026-01-08 11:45:55,2026-01-08
186531,2026-01-07 17:06:00,11,2026-01-08,1302,2026-01-08 13:22:19,8 ene,,2026-01-08,2026-01-08,2026-01-09,2026-01-08,2026-01-07 17:06:00,2026-01-08 13:02:00,2026-01-08 13:22:19,2026-01-08
186532,2026-01-08 08:36:00,3,2026-01-08,1406,2026-01-08 14:25:52,8 ene,,2026-01-08,2026-01-09,2026-01-09,2026-01-08,2026-01-08 08:36:00,2026-01-08 14:06:00,2026-01-08 14:25:52,2026-01-08
186533,2026-01-08 08:37:00,1,2026-01-08,1414,2026-01-08 14:35:34,8 ene,,2026-01-08,2026-01-09,2026-01-09,2026-01-08,2026-01-08 08:37:00,2026-01-08 14:14:00,2026-01-08 14:35:34,2026-01-08
186534,2026-01-08 08:39:00,8,2026-01-08,1744,2026-01-09 10:04:55,09-01-2026,,2026-01-08,2026-01-09,2026-01-09,2026-01-09,2026-01-08 08:39:00,2026-01-08 17:44:00,2026-01-09 10:04:55,2026-01-09
186535,2026-01-08 08:44:00,2,2026-01-08,1158,2026-01-08 12:20:42,8 ene,,2026-01-08,2026-01-08,2026-01-08,2026-01-08,2026-01-08 08:44:00,2026-01-08 11:58:00,2026-01-08 12:20:42,2026-01-08
186536,2026-01-08 08:45:00,4,2026-01-08,1256,2026-01-08 14:01:45,8 ene,,2026-01-08,2026-01-08,2026-01-09,2026-01-08,2026-01-08 08:45:00,2026-01-08 12:56:00,2026-01-08 14:01:45,2026-01-08
186537,2026-01-08 09:03:00,2,2026-01-08,1742,2026-01-09 08:30:03,09-01-2026,,2026-01-08,2026-01-09,2026-01-09,2026-01-09,2026-01-08 09:03:00,2026-01-08 17:42:00,2026-01-09 08:30:03,2026-01-09
186538,2026-01-08 09:04:00,1,2026-01-08,1442,2026-01-08 16:00:39,8 ene,,2026-01-08,2026-01-09,2026-01-09,2026-01-08,2026-01-08 09:04:00,2026-01-08 14:42:00,2026-01-08 16:00:39,2026-01-08
186539,2026-01-08 09:21:00,1,2026-01-08,1444,2026-01-08 15:17:36,8 ene,,2026-01-08,2026-01-09,2026-01-09,2026-01-08,2026-01-08 09:21:00,2026-01-08 14:44:00,2026-01-08 15:17:36,2026-01-08
186540,2026-01-08 09:27:00,3,2026-01-08,1528,2026-01-08 15:45:13,8 ene,,2026-01-08,2026-01-09,2026-01-09,2026-01-08,2026-01-08 09:27:00,2026-01-08 15:28:00,2026-01-08 15:45:13,2026-01-08
186541,2026-01-08 09:47:00,1,2026-01-08,1504,2026-01-08 15:21:00,09-01-2026,,2026-01-08,2026-01-09,2026-01-09,2026-01-09,2026-01-08 09:47:00,2026-01-08 15:04:00,2026-01-08 15:21:00,2026-01-09
186542,2026-01-08 10:05:00,20,2026-01-08,1506,2026-01-08 15:53:13,8 ene,,2026-01-08,2026-01-09,2026-01-09,2026-01-08,2026-01-08 10:05:00,2026-01-08 15:06:00,2026-01-08 15:53:13,2026-01-08
186543,2026-01-08 10:05:00,1,2026-01-08,1200,2026-01-08 13:00:28,8 ene,,2026-01-08,2026-01-08,2026-01-08,2026-01-08,2026-01-08 10:05:00,2026-01-08 12:00:00,2026-01-08 13:00:28,2026-01-08
186544,2026-01-08 10:05:00,2,2026-01-08,1504,2026-01-08 15:46:28,8 ENE,,2026-01-08,2026-01-09,2026-01-09,2026-01-08,2026-01-08 10:05:00,2026-01-08 15:04:00,2026-01-08 15:46:28,2026-01-08
186545,2026-01-08 10:10:00,1,2026-01-08,1520,2026-01-08 15:37:24,8 ene,,2026-01-08,2026-01-09,2026-01-09,2026-01-08,2026-01-08 10:10:00,2026-01-08 15:20:00,2026-01-08 15:37:24,2026-01-08
186546,2026-01-08 10:11:00,1,2026-01-08,1628,2026-01-08 16:34:56,09 ene,,2026-01-08,2026-01-09,2026-01-09,2026-01-09,2026-01-08 10:11:00,2026-01-08 16:28:00,2026-01-08 16:34:56,2026-01-09
186547,2026-01-08 10:16:00,3,2026-01-08,1520,2026-01-08 15:29:52,09-01-2026,,2026-01-08,2026-01-09,2026-01-09,2026-01-09,2026-01-08 10:16:00,2026-01-08 15:20:00,2026-01-08 15:29:52,2026-01-09
186548,2026-01-08 10:16:00,23,,,,,,2026-01-08,,,,2026-01-08 10:16:00,,,
186549,2026-01-08 10:21:00,7,2026-01-09,738,2026-01-09 08:24:09,09-01-2026,,2026-01-08,2026-01-09,2026-01-09,2026-01-09,2026-01-08 10:21:00,2026-01-09 07:38:00,2026-01-09 08:24:09,2026-01-09
186550,2026-01-08 10:24:00,23,2026-01-09,830,2026-01-09 08:45:13,09 ene,,2026-01-08,2026-01-09,2026-01-09,2026-01-09,2026-01-08 10:24:00,2026-01-09 08:30:00,2026-01-09 08:45:13,2026-01-09
186551,2026-01-08 10:35:00,1,2026-01-08,1646,2026-01-08 17:09:37,09 ene,,2026-01-08,2026-01-09,2026-01-09,2026-01-09,2026-01-08 10:35:00,2026-01-08 16:46:00,2026-01-08 17:09:37,2026-01-09
186552,2026-01-08 11:14:00,16,2026-01-08,1608,2026-01-08 16:58:34,8 ENE,,2026-01-08,2026-01-09,2026-01-09,2026-01-08,2026-01-08 11:14:00,2026-01-08 16:08:00,2026-01-08 16:58:34,2026-01-08
186553,2026-01-08 11:17:00,4,2026-01-08,1646,2026-01-08 21:27:51,09 ene,,2026-01-08,2026-01-09,2026-01-09,2026-01-09,2026-01-08 11:17:00,2026-01-08 16:46:00,2026-01-08 21:27:51,2026-01-09
186554,2026-01-08 11:17:00,1,2026-01-08,1630,2026-01-08 16:41:36,8 ENE,,2026-01-08,2026-01-09,2026-01-09,2026-01-08,2026-01-08 11:17:00,2026-01-08 16:30:00,2026-01-08 16:41:36,2026-01-08
186555,2026-01-08 11:19:00,1,2026-01-08,1744,2026-01-09 08:19:57,09-01-2026,,2026-01-08,2026-01-09,2026-01-09,2026-01-09,2026-01-08 11:19:00,2026-01-08 17:44:00,2026-01-09 08:19:57,2026-01-09
186556,2026-01-08 11:20:00,6,2026-01-08,1618,2026-01-08 17:06:34,8 ENE,,2026-01-08,2026-01-09,2026-01-09,2026-01-08,2026-01-08 11:20:00,2026-01-08 16:18:00,2026-01-08 17:06:34,2026-01-08
186557,2026-01-08 11:35:00,4,2026-01-08,1744,2026-01-09 08:21:00,09-01-2026,,2026-01-08,2026-01-09,2026-01-09,2026-01-09,2026-01-08 11:35:00,2026-01-08 17:44:00,2026-01-09 08:21:00,2026-01-09
186558,2026-01-08 11:42:00,20,2026-01-08,1643,2026-01-08 21:17:56,09-01-2026,,2026-01-08,2026-01-09,2026-01-09,2026-01-09,2026-01-08 11:42:00,2026-01-08 16:43:00,2026-01-08 21:17:56,2026-01-09
186559,2026-01-08 11:45:00,5,2026-01-08,1744,2026-01-09 08:34:52,09-01-2026,,2026-01-08,2026-01-09,2026-01-09,2026-01-09,2026-01-08 11:45:00,2026-01-08 17:44:00,2026-01-09 08:34:52,2026-01-09
186560,2026-01-08 11:52:00,1,2026-01-08,1746,2026-01-09 08:19:05,09-01-2026,,2026-01-08,2026-01-09,2026-01-09,2026-01-09,2026-01-08 11:52:00,2026-01-08 17:46:00,2026-01-09 08:19:05,2026-01-09
186561,2026-01-08 11:53:00,6,2026-01-08,1644,2026-01-08 17:20:12,09 ene,,2026-01-08,2026-01-09,2026-01-09,2026-01-09,2026-01-08 11:53:00,2026-01-08 16:44:00,2026-01-08 17:20:12,2026-01-09
186562,2026-01-08 12:21:00,1,2026-01-08,1606,2026-01-08 16:21:55,8 ENE,,2026-01-08,2026-01-09,2026-01-09,2026-01-08,2026-01-08 12:21:00,2026-01-08 16:06:00,2026-01-08 16:21:55,2026-01-08
186563,2026-01-08 12:40:00,2,2026-01-08,1346,2026-01-08 14:03:44,8 ENE,,2026-01-08,2026-01-09,2026-01-09,2026-01-08,2026-01-08 12:40:00,2026-01-08 13:46:00,2026-01-08 14:03:44,2026-01-08
186564,2026-01-08 13:44:00,1,2026-01-09,1016,2026-01-09 15:03:16,09 ene,,2026-01-09,2026-01-09,2026-01-10,2026-01-09,2026-01-08 13:44:00,2026-01-09 10:16:00,2026-01-09 15:03:16,2026-01-09
186565,2026-01-08 13:44:00,1,2026-01-09,1047,2026-01-09 14:25:47,09 ene,,2026-01-09,2026-01-09,2026-01-10,2026-01-09,2026-01-08 13:44:00,2026-01-09 10:47:00,2026-01-09 14:25:47,2026-01-09
186566,2026-01-08 13:44:00,1,2026-01-09,1056,2026-01-09 14:01:24,09 ene,,2026-01-09,2026-01-09,2026-01-10,2026-01-09,2026-01-08 13:44:00,2026-01-09 10:56:00,2026-01-09 14:01:24,2026-01-09
186567,2026-01-08 13:44:00,2,2026-01-09,924,2026-01-09 13:15:08,09 ene,,2026-01-09,2026-01-09,2026-01-10,2026-01-09,2026-01-08 13:44:00,2026-01-09 09:24:00,2026-01-09 13:15:08,2026-01-09
186568,2026-01-08 13:44:00,1,2026-01-09,1016,2026-01-09 13:40:41,09 ene,,2026-01-09,2026-01-09,2026-01-10,2026-01-09,2026-01-08 13:44:00,2026-01-09 10:16:00,2026-01-09 13:40:41,2026-01-09
186569,2026-01-08 13:44:00,1,2026-01-09,1110,2026-01-09 13:46:46,09 ene,,2026-01-09,2026-01-09,2026-01-10,2026-01-09,2026-01-08 13:44:00,2026-01-09 11:10:00,2026-01-09 13:46:46,2026-01-09
186570,2026-01-08 13:45:00,1,2026-01-09,1130,2026-01-09 14:11:40,09 ene,,2026-01-09,2026-01-09,2026-01-10,2026-01-09,2026-01-08 13:45:00,2026-01-09 11:30:00,2026-01-09 14:11:40,2026-01-09
186571,2026-01-08 13:46:00,4,2026-01-09,946,2026-01-09 10:09:43,09-01-2026,,2026-01-09,2026-01-09,2026-01-09,2026-01-09,2026-01-08 13:46:00,2026-01-09 09:46:00,2026-01-09 10:09:43,2026-01-09
186572,2026-01-08 13:46:00,1,2026-01-09,909,2026-01-09 10:07:49,09-01-2026,,2026-01-09,2026-01-09,2026-01-09,2026-01-09,2026-01-08 13:46:00,2026-01-09 09:09:00,2026-01-09 10:07:49,2026-01-09
186573,2026-01-08 13:46:00,1,2026-01-09,922,2026-01-09 10:06:26,09-01-2026,,2026-01-09,2026-01-09,2026-01-09,2026-01-09,2026-01-08 13:46:00,2026-01-09 09:22:00,2026-01-09 10:06:26,2026-01-09
186574,2026-01-08 15:23:00,23,2026-01-09,1022,2026-01-09 11:34:02,09-01-2026,,2026-01-09,2026-01-09,2026-01-09,2026-01-09,2026-01-08 15:23:00,2026-01-09 10:22:00,2026-01-09 11:34:02,2026-01-09
186575,2026-01-08 15:23:00,2,2026-01-09,834,2026-01-09 08:44:38,09-01-2026,,2026-01-09,2026-01-09,2026-01-09,2026-01-09,2026-01-08 15:23:00,2026-01-09 08:34:00,2026-01-09 08:44:38,2026-01-09
186576,2026-01-08 15:23:00,1,2026-01-09,1004,2026-01-09 11:38:03,09-01-2026,,2026-01-09,2026-01-09,2026-01-09,2026-01-09,2026-01-08 15:23:00,2026-01-09 10:04:00,2026-01-09 11:38:03,2026-01-09
186577,2026-01-08 15:25:00,1,2026-01-09,1000,2026-01-09 12:33:05,09 ene,,2026-01-09,2026-01-09,2026-01-09,2026-01-09,2026-01-08 15:25:00,2026-01-09 10:00:00,2026-01-09 12:33:05,2026-01-09
186578,2026-01-08 15:25:00,1,2026-01-09,1022,2026-01-09 12:18:06,09 ene,,2026-01-09,2026-01-09,2026-01-09,2026-01-09,2026-01-08 15:25:00,2026-01-09 10:22:00,2026-01-09 12:18:06,2026-01-09
186579,2026-01-08 15:25:00,1,2026-01-09,1156,2026-01-09 13:08:18,09 ene,,2026-01-09,2026-01-09,2026-01-10,2026-01-09,2026-01-08 15:25:00,2026-01-09 11:56:00,2026-01-09 13:08:18,2026-01-09
186580,2026-01-08 15:25:00,7,2026-01-09,1056,2026-01-09 14:56:13,09 ene,,2026-01-09,2026-01-09,2026-01-10,2026-01-09,2026-01-08 15:25:00,2026-01-09 10:56:00,2026-01-09 14:56:13,2026-01-09
186581,2026-01-08 15:34:00,8,2026-01-09,1130,2026-01-09 12:56:47,09 ene,,2026-01-09,2026-01-09,2026-01-09,2026-01-09,2026-01-08 15:34:00,2026-01-09 11:30:00,2026-01-09 12:56:47,2026-01-09
186582,2026-01-08 15:34:00,3,2026-01-09,1346,2026-01-09 13:53:07,09 ene,,2026-01-09,2026-01-10,2026-01-10,2026-01-09,2026-01-08 15:34:00,2026-01-09 13:46:00,2026-01-09 13:53:07,2026-01-09
186583,2026-01-08 15:34:00,3,2026-01-09,1154,2026-01-09 13:24:26,09 ene,,2026-01-09,2026-01-09,2026-01-10,2026-01-09,2026-01-08 15:34:00,2026-01-09 11:54:00,2026-01-09 13:24:26,2026-01-09
186584,2026-01-08 15:34:00,17,2026-01-09,1510,2026-01-13 15:35:59,21 ene,,2026-01-09,2026-01-10,2026-01-14,2026-01-21,2026-01-08 15:34:00,2026-01-09 15:10:00,2026-01-13 15:35:59,2026-01-21
186585,2026-01-08 15:34:00,1,2026-01-09,1056,2026-01-09 12:15:21,09 ene,,2026-01-09,2026-01-09,2026-01-09,2026-01-09,2026-01-08 15:34:00,2026-01-09 10:56:00,2026-01-09 12:15:21,2026-01-09
186586,2026-01-08 15:34:00,3,2026-01-09,1154,2026-01-09 12:26:01,09 ene,,2026-01-09,2026-01-09,2026-01-09,2026-01-09,2026-01-08 15:34:00,2026-01-09 11:54:00,2026-01-09 12:26:01,2026-01-09
186587,2026-01-08 15:34:00,5,2026-01-09,1154,2026-01-09 12:18:31,09 ene,,2026-01-09,2026-01-09,2026-01-09,2026-01-09,2026-01-08 15:34:00,2026-01-09 11:54:00,2026-01-09 12:18:31,2026-01-09
186588,2026-01-08 15:42:00,1,2026-01-08,1545,,,,2026-01-09,2026-01-09,,,2026-01-08 15:42:00,2026-01-08 15:45:00,,
186589,2026-01-08 15:49:00,12,2026-01-09,1154,2026-01-09 13:35:09,09 ene,,2026-01-09,2026-01-09,2026-01-10,2026-01-09,2026-01-08 15:49:00,2026-01-09 11:54:00,2026-01-09 13:35:09,2026-01-09
186590,2026-01-08 16:30:00,3,2026-01-09,946,2026-01-09 11:48:22,09 ene,,2026-01-09,2026-01-09,2026-01-09,2026-01-09,2026-01-08 16:30:00,2026-01-09 09:46:00,2026-01-09 11:48:22,2026-01-09
186591,2026-01-08 16:47:00,1,2026-01-09,1130,2026-01-09 11:57:56,09 ene,,2026-01-09,2026-01-09,2026-01-09,2026-01-09,2026-01-08 16:47:00,2026-01-09 11:30:00,2026-01-09 11:57:56,2026-01-09
186592,2026-01-08 16:55:00,4,2026-01-09,838,2026-01-09 08:48:39,09-01-2026,,2026-01-09,2026-01-09,2026-01-09,2026-01-09,2026-01-08 16:55:00,2026-01-09 08:38:00,2026-01-09 08:48:39,2026-01-09
186593,2026-01-08 17:00:00,8,2026-01-09,830,2026-01-09 08:40:20,09-01-2026,,2026-01-09,2026-01-09,2026-01-09,2026-01-09,2026-01-08 17:00:00,2026-01-09 08:30:00,2026-01-09 08:40:20,2026-01-09
186594,2026-01-08 17:06:00,4,2026-01-09,840,2026-01-09 09:10:10,09-01-2026,,2026-01-09,2026-01-09,2026-01-09,2026-01-09,2026-01-08 17:06:00,2026-01-09 08:40:00,2026-01-09 09:10:10,2026-01-09
186595,2026-01-08 17:06:00,2,2026-01-09,907,2026-01-09 15:59:05,09-01-2026,,2026-01-09,2026-01-09,2026-01-10,2026-01-09,2026-01-08 17:06:00,2026-01-09 09:07:00,2026-01-09 15:59:05,2026-01-09
186596,2026-01-08 17:12:00,1,2026-01-12,1502,2026-01-12 15:09:35,12 ENE,,2026-01-09,2026-01-13,2026-01-13,2026-01-12,2026-01-08 17:12:00,2026-01-12 15:02:00,2026-01-12 15:09:35,2026-01-12
186597,2026-01-08 17:28:00,1,2026-01-09,1156,2026-01-09 13:55:24,09 ene,,2026-01-09,2026-01-09,2026-01-10,2026-01-09,2026-01-08 17:28:00,2026-01-09 11:56:00,2026-01-09 13:55:24,2026-01-09
186598,2026-01-09 08:27:00,93,2026-01-12,1724,2026-01-13 10:49:53,12 ENE,,2026-01-09,2026-01-13,2026-01-13,2026-01-12,2026-01-09 08:27:00,2026-01-12 17:24:00,2026-01-13 10:49:53,2026-01-12
186599,2026-01-09 08:28:00,37,2026-01-13,2008,2026-01-13 21:03:48,14 ENE,,2026-01-09,2026-01-14,2026-01-14,2026-01-14,2026-01-09 08:28:00,2026-01-13 20:08:00,2026-01-13 21:03:48,2026-01-14
186600,2026-01-09 08:29:00,22,2026-01-12,2128,2026-01-13 13:41:04,13 ENE,,2026-01-09,2026-01-13,2026-01-14,2026-01-13,2026-01-09 08:29:00,2026-01-12 21:28:00,2026-01-13 13:41:04,2026-01-13
186601,2026-01-09 08:30:00,69,2026-01-14,1750,2026-01-15 10:00:51,14 ene,,2026-01-09,2026-01-15,2026-01-15,2026-01-14,2026-01-09 08:30:00,2026-01-14 17:50:00,2026-01-15 10:00:51,2026-01-14
186602,2026-01-09 08:40:00,1,2026-01-09,1212,2026-01-09 14:36:18,09 ene,,2026-01-09,2026-01-09,2026-01-10,2026-01-09,2026-01-09 08:40:00,2026-01-09 12:12:00,2026-01-09 14:36:18,2026-01-09
186603,2026-01-09 08:59:00,1,2026-01-09,1212,2026-01-09 13:12:42,09 ene,,2026-01-09,2026-01-09,2026-01-10,2026-01-09,2026-01-09 08:59:00,2026-01-09 12:12:00,2026-01-09 13:12:42,2026-01-09
186604,2026-01-09 09:00:00,2,,,,,,2026-01-09,,,,2026-01-09 09:00:00,,,
186605,2026-01-09 09:01:00,2,2026-01-09,1156,2026-01-09 14:21:47,09 ene,,2026-01-09,2026-01-09,2026-01-10,2026-01-09,2026-01-09 09:01:00,2026-01-09 11:56:00,2026-01-09 14:21:47,2026-01-09
186606,2026-01-09 09:55:00,2,2026-01-09,1018,2026-01-09 13:28:16,09-01-2026,,2026-01-09,2026-01-09,2026-01-10,2026-01-09,2026-01-09 09:55:00,2026-01-09 10:18:00,2026-01-09 13:28:16,2026-01-09
186607,2026-01-09 09:57:00,6,2026-01-09,1328,2026-01-09 14:15:40,09 ene,,2026-01-09,2026-01-10,2026-01-10,2026-01-09,2026-01-09 09:57:00,2026-01-09 13:28:00,2026-01-09 14:15:40,2026-01-09
186608,2026-01-09 09:58:00,2,2026-01-09,1524,2026-01-09 16:57:45,09 ene,,2026-01-09,2026-01-10,2026-01-10,2026-01-09,2026-01-09 09:58:00,2026-01-09 15:24:00,2026-01-09 16:57:45,2026-01-09
186609,2026-01-09 09:58:00,4,2026-01-09,1524,2026-01-09 16:57:45,09 ene,,2026-01-09,2026-01-10,2026-01-10,2026-01-09,2026-01-09 09:58:00,2026-01-09 15:24:00,2026-01-09 16:57:45,2026-01-09
186610,2026-01-09 09:58:00,1,2026-01-09,1524,2026-01-09 16:57:45,09 ene,,2026-01-09,2026-01-10,2026-01-10,2026-01-09,2026-01-09 09:58:00,2026-01-09 15:24:00,2026-01-09 16:57:45,2026-01-09
186611,2026-01-09 09:58:00,6,2026-01-09,1524,2026-01-09 16:57:45,09 ene,,2026-01-09,2026-01-10,2026-01-10,2026-01-09,2026-01-09 09:58:00,2026-01-09 15:24:00,2026-01-09 16:57:45,2026-01-09
186612,2026-01-09 09:59:00,3,2026-01-09,1526,2026-01-09 16:57:45,09 ene,,2026-01-09,2026-01-10,2026-01-10,2026-01-09,2026-01-09 09:59:00,2026-01-09 15:26:00,2026-01-09 16:57:45,2026-01-09
186613,2026-01-09 09:59:00,3,2026-01-09,1526,2026-01-09 16:57:45,09 ene,,2026-01-09,2026-01-10,2026-01-10,2026-01-09,2026-01-09 09:59:00,2026-01-09 15:26:00,2026-01-09 16:57:45,2026-01-09
186614,2026-01-09 09:59:00,1,2026-01-09,1526,2026-01-09 16:57:45,09 ene,,2026-01-09,2026-01-10,2026-01-10,2026-01-09,2026-01-09 09:59:00,2026-01-09 15:26:00,2026-01-09 16:57:45,2026-01-09
186615,2026-01-09 09:59:00,1,2026-01-09,1526,2026-01-09 16:57:45,09 ene,,2026-01-09,2026-01-10,2026-01-10,2026-01-09,2026-01-09 09:59:00,2026-01-09 15:26:00,2026-01-09 16:57:45,2026-01-09
186616,2026-01-09 09:59:00,4,2026-01-09,1528,2026-01-09 16:57:45,09 ene,,2026-01-09,2026-01-10,2026-01-10,2026-01-09,2026-01-09 09:59:00,2026-01-09 15:28:00,2026-01-09 16:57:45,2026-01-09
186617,2026-01-09 09:59:00,3,2026-01-09,1528,2026-01-09 16:57:45,09 ene,,2026-01-09,2026-01-10,2026-01-10,2026-01-09,2026-01-09 09:59:00,2026-01-09 15:28:00,2026-01-09 16:57:45,2026-01-09
186618,2026-01-09 09:59:00,4,2026-01-09,1528,2026-01-09 16:57:45,09 ene,,2026-01-09,2026-01-10,2026-01-10,2026-01-09,2026-01-09 09:59:00,2026-01-09 15:28:00,2026-01-09 16:57:45,2026-01-09
186619,2026-01-09 09:59:00,6,2026-01-09,1528,2026-01-09 16:57:45,09 ene,,2026-01-09,2026-01-10,2026-01-10,2026-01-09,2026-01-09 09:59:00,2026-01-09 15:28:00,2026-01-09 16:57:45,2026-01-09
186620,2026-01-09 09:59:00,1,2026-01-09,1530,2026-01-09 16:57:45,09 ene,,2026-01-09,2026-01-10,2026-01-10,2026-01-09,2026-01-09 09:59:00,2026-01-09 15:30:00,2026-01-09 16:57:45,2026-01-09
186621,2026-01-09 09:59:00,7,2026-01-09,1518,2026-01-09 16:57:45,09 ene,,2026-01-09,2026-01-10,2026-01-10,2026-01-09,2026-01-09 09:59:00,2026-01-09 15:18:00,2026-01-09 16:57:45,2026-01-09
186622,2026-01-09 10:10:00,4,2026-01-09,1036,2026-01-09 15:05:42,09-01-2026,,2026-01-09,2026-01-09,2026-01-10,2026-01-09,2026-01-09 10:10:00,2026-01-09 10:36:00,2026-01-09 15:05:42,2026-01-09
186623,2026-01-09 10:36:00,293,,,,,,2026-01-09,,,,2026-01-09 10:36:00,,,
186624,2026-01-09 10:38:00,1,2026-01-09,1400,2026-01-09 14:27:26,09 ene,,2026-01-09,2026-01-10,2026-01-10,2026-01-09,2026-01-09 10:38:00,2026-01-09 14:00:00,2026-01-09 14:27:26,2026-01-09
186625,2026-01-09 10:40:00,1,2026-01-09,1530,2026-01-09 17:05:30,12 ENE,,2026-01-09,2026-01-10,2026-01-10,2026-01-12,2026-01-09 10:40:00,2026-01-09 15:30:00,2026-01-09 17:05:30,2026-01-12
186626,2026-01-09 11:00:00,5,2026-01-09,1430,2026-01-09 15:42:22,09 ene,,2026-01-09,2026-01-10,2026-01-10,2026-01-09,2026-01-09 11:00:00,2026-01-09 14:30:00,2026-01-09 15:42:22,2026-01-09
186627,2026-01-09 11:00:00,14,2026-01-09,1458,2026-01-09 15:25:23,09-01-2026,,2026-01-09,2026-01-10,2026-01-10,2026-01-09,2026-01-09 11:00:00,2026-01-09 14:58:00,2026-01-09 15:25:23,2026-01-09
186628,2026-01-09 11:04:00,5,2026-01-09,1530,2026-01-09 15:56:15,09 ene,,2026-01-09,2026-01-10,2026-01-10,2026-01-09,2026-01-09 11:04:00,2026-01-09 15:30:00,2026-01-09 15:56:15,2026-01-09
186629,2026-01-09 11:04:00,1,2026-01-09,1454,2026-01-09 15:53:09,09 ene,,2026-01-09,2026-01-10,2026-01-10,2026-01-09,2026-01-09 11:04:00,2026-01-09 14:54:00,2026-01-09 15:53:09,2026-01-09
186630,2026-01-09 11:05:00,5,2026-01-09,1622,2026-01-09 16:59:43,09 ene,,2026-01-09,2026-01-10,2026-01-10,2026-01-09,2026-01-09 11:05:00,2026-01-09 16:22:00,2026-01-09 16:59:43,2026-01-09
186631,2026-01-09 11:18:00,8,2026-01-09,1618,2026-01-09 17:51:26,12 ENE,,2026-01-09,2026-01-10,2026-01-10,2026-01-12,2026-01-09 11:18:00,2026-01-09 16:18:00,2026-01-09 17:51:26,2026-01-12
186632,2026-01-09 11:18:00,1,2026-01-09,1620,2026-01-12 08:30:35,12 ENE,,2026-01-09,2026-01-10,2026-01-12,2026-01-12,2026-01-09 11:18:00,2026-01-09 16:20:00,2026-01-12 08:30:35,2026-01-12
186633,2026-01-09 11:19:00,1,2026-01-09,1500,2026-01-09 15:55:42,09 ene,,2026-01-09,2026-01-10,2026-01-10,2026-01-09,2026-01-09 11:19:00,2026-01-09 15:00:00,2026-01-09 15:55:42,2026-01-09
186634,2026-01-09 11:22:00,13,2026-01-09,1530,2026-01-09 16:37:44,09 ene,,2026-01-09,2026-01-10,2026-01-10,2026-01-09,2026-01-09 11:22:00,2026-01-09 15:30:00,2026-01-09 16:37:44,2026-01-09
186635,2026-01-09 11:26:00,2,2026-01-09,1456,2026-01-09 16:07:51,09 ene,,2026-01-09,2026-01-10,2026-01-10,2026-01-09,2026-01-09 11:26:00,2026-01-09 14:56:00,2026-01-09 16:07:51,2026-01-09
186636,2026-01-09 11:35:00,10,2026-01-09,1614,2026-01-12 08:28:54,14-01-2026,,2026-01-09,2026-01-10,2026-01-12,2026-01-14,2026-01-09 11:35:00,2026-01-09 16:14:00,2026-01-12 08:28:54,2026-01-14
186637,2026-01-09 11:36:00,2,2026-01-09,1532,2026-01-09 16:09:43,09 ene,,2026-01-09,2026-01-10,2026-01-10,2026-01-09,2026-01-09 11:36:00,2026-01-09 15:32:00,2026-01-09 16:09:43,2026-01-09
186638,2026-01-09 12:07:00,1,2026-01-09,1552,2026-01-09 17:29:09,12 ENE,,2026-01-09,2026-01-10,2026-01-10,2026-01-12,2026-01-09 12:07:00,2026-01-09 15:52:00,2026-01-09 17:29:09,2026-01-12
186639,2026-01-09 12:07:00,1,2026-01-09,1614,2026-01-09 17:25:08,12 ENE,,2026-01-09,2026-01-10,2026-01-10,2026-01-12,2026-01-09 12:07:00,2026-01-09 16:14:00,2026-01-09 17:25:08,2026-01-12
186640,2026-01-09 12:07:00,1,2026-01-09,1626,2026-01-09 17:20:55,12 ENE,,2026-01-09,2026-01-10,2026-01-10,2026-01-12,2026-01-09 12:07:00,2026-01-09 16:26:00,2026-01-09 17:20:55,2026-01-12
186641,2026-01-09 12:08:00,2,2026-01-09,1628,2026-01-09 17:05:52,12 ENE,,2026-01-09,2026-01-10,2026-01-10,2026-01-12,2026-01-09 12:08:00,2026-01-09 16:28:00,2026-01-09 17:05:52,2026-01-12
186642,2026-01-09 12:08:00,1,2026-01-09,1614,2026-01-09 17:14:15,12 ENE,,2026-01-09,2026-01-10,2026-01-10,2026-01-12,2026-01-09 12:08:00,2026-01-09 16:14:00,2026-01-09 17:14:15,2026-01-12
186643,2026-01-09 12:08:00,1,2026-01-09,1532,2026-01-09 16:19:21,09 ene,,2026-01-09,2026-01-10,2026-01-10,2026-01-09,2026-01-09 12:08:00,2026-01-09 15:32:00,2026-01-09 16:19:21,2026-01-09
186644,2026-01-09 12:21:00,1,2026-01-09,1654,2026-01-12 08:49:04,12 ENE,,2026-01-09,2026-01-10,2026-01-12,2026-01-12,2026-01-09 12:21:00,2026-01-09 16:54:00,2026-01-12 08:49:04,2026-01-12
186645,2026-01-09 12:21:00,1,2026-01-09,1518,2026-01-09 16:32:43,12-01-2025,,2026-01-09,2026-01-10,2026-01-10,2025-01-12,2026-01-09 12:21:00,2026-01-09 15:18:00,2026-01-09 16:32:43,2025-01-12
186646,2026-01-09 13:49:00,39,2026-01-12,818,2026-01-12 09:47:57,12-01-2026,,2026-01-10,2026-01-12,2026-01-12,2026-01-12,2026-01-09 13:49:00,2026-01-12 08:18:00,2026-01-12 09:47:57,2026-01-12
186647,2026-01-09 13:57:00,1,2026-01-12,1254,2026-01-12 14:59:19,12 ENE,,2026-01-10,2026-01-12,2026-01-13,2026-01-12,2026-01-09 13:57:00,2026-01-12 12:54:00,2026-01-12 14:59:19,2026-01-12
186648,2026-01-09 13:57:00,2,2026-01-12,1158,2026-01-12 13:14:20,12 ENE,,2026-01-10,2026-01-12,2026-01-13,2026-01-12,2026-01-09 13:57:00,2026-01-12 11:58:00,2026-01-12 13:14:20,2026-01-12
186649,2026-01-09 13:57:00,1,2026-01-12,1346,2026-01-12 14:30:55,12 ENE,,2026-01-10,2026-01-13,2026-01-13,2026-01-12,2026-01-09 13:57:00,2026-01-12 13:46:00,2026-01-12 14:30:55,2026-01-12
186650,2026-01-09 13:58:00,39,2026-01-12,1006,2026-01-12 12:09:56,12 ENE,,2026-01-10,2026-01-12,2026-01-12,2026-01-12,2026-01-09 13:58:00,2026-01-12 10:06:00,2026-01-12 12:09:56,2026-01-12
186651,2026-01-09 13:58:00,1,2026-01-12,1056,2026-01-12 13:26:06,12 ENE,,2026-01-10,2026-01-12,2026-01-13,2026-01-12,2026-01-09 13:58:00,2026-01-12 10:56:00,2026-01-12 13:26:06,2026-01-12
186652,2026-01-09 13:59:00,2,2026-01-09,2038,2026-01-12 08:59:54,09 ENE,,2026-01-10,2026-01-10,2026-01-12,2026-01-09,2026-01-09 13:59:00,2026-01-09 20:38:00,2026-01-12 08:59:54,2026-01-09
186653,2026-01-09 14:06:00,47,2026-01-12,1332,2026-01-12 15:08:19,12 ENE,,2026-01-10,2026-01-13,2026-01-13,2026-01-12,2026-01-09 14:06:00,2026-01-12 13:32:00,2026-01-12 15:08:19,2026-01-12
186654,2026-01-09 14:09:00,1,2026-01-12,1158,2026-01-12 13:11:52,12 ENE,,2026-01-10,2026-01-12,2026-01-13,2026-01-12,2026-01-09 14:09:00,2026-01-12 11:58:00,2026-01-12 13:11:52,2026-01-12
186655,2026-01-09 15:07:00,1,2026-01-09,1614,2026-01-09 16:24:26,09-01-2026,,2026-01-10,2026-01-10,2026-01-10,2026-01-09,2026-01-09 15:07:00,2026-01-09 16:14:00,2026-01-09 16:24:26,2026-01-09
186656,2026-01-09 15:07:00,2,2026-01-09,1544,2026-01-09 16:22:51,09-01-2026,,2026-01-10,2026-01-10,2026-01-10,2026-01-09,2026-01-09 15:07:00,2026-01-09 15:44:00,2026-01-09 16:22:51,2026-01-09
186657,2026-01-09 15:08:00,2,2026-01-09,1646,2026-01-09 17:36:02,09-01-2026,,2026-01-10,2026-01-10,2026-01-10,2026-01-09,2026-01-09 15:08:00,2026-01-09 16:46:00,2026-01-09 17:36:02,2026-01-09
186658,2026-01-09 15:25:00,4,2026-01-12,1526,2026-01-12 15:38:50,12 ENE,,2026-01-10,2026-01-13,2026-01-13,2026-01-12,2026-01-09 15:25:00,2026-01-12 15:26:00,2026-01-12 15:38:50,2026-01-12
186659,2026-01-09 15:26:00,3,2026-01-12,1158,2026-01-12 14:47:02,12-01-2026,,2026-01-10,2026-01-12,2026-01-13,2026-01-12,2026-01-09 15:26:00,2026-01-12 11:58:00,2026-01-12 14:47:02,2026-01-12
186660,2026-01-09 15:26:00,1,2026-01-12,716,2026-01-12 08:35:14,29-01-2026,,2026-01-10,2026-01-12,2026-01-12,2026-01-29,2026-01-09 15:26:00,2026-01-12 07:16:00,2026-01-12 08:35:14,2026-01-29
186661,2026-01-09 15:27:00,6,2026-01-12,1138,2026-01-12 14:45:51,12-01-2026,,2026-01-10,2026-01-12,2026-01-13,2026-01-12,2026-01-09 15:27:00,2026-01-12 11:38:00,2026-01-12 14:45:51,2026-01-12
186662,2026-01-09 15:28:00,1,2026-01-12,934,2026-01-12 12:10:40,12 ENE,,2026-01-10,2026-01-12,2026-01-12,2026-01-12,2026-01-09 15:28:00,2026-01-12 09:34:00,2026-01-12 12:10:40,2026-01-12
186663,2026-01-09 15:29:00,1,2026-01-12,934,2026-01-12 12:10:40,12 ENE,,2026-01-10,2026-01-12,2026-01-12,2026-01-12,2026-01-09 15:29:00,2026-01-12 09:34:00,2026-01-12 12:10:40,2026-01-12
186664,2026-01-09 15:29:00,7,2026-01-12,934,2026-01-12 12:10:40,12 ENE,,2026-01-10,2026-01-12,2026-01-12,2026-01-12,2026-01-09 15:29:00,2026-01-12 09:34:00,2026-01-12 12:10:40,2026-01-12
186665,2026-01-09 15:29:00,13,2026-01-12,935,2026-01-12 12:10:40,12 ENE,,2026-01-10,2026-01-12,2026-01-12,2026-01-12,2026-01-09 15:29:00,2026-01-12 09:35:00,2026-01-12 12:10:40,2026-01-12
186666,2026-01-09 15:29:00,5,2026-01-12,936,2026-01-12 12:10:40,12 ENE,,2026-01-10,2026-01-12,2026-01-12,2026-01-12,2026-01-09 15:29:00,2026-01-12 09:36:00,2026-01-12 12:10:40,2026-01-12
186667,2026-01-09 15:29:00,6,2026-01-12,936,2026-01-12 12:10:40,12 ENE,,2026-01-10,2026-01-12,2026-01-12,2026-01-12,2026-01-09 15:29:00,2026-01-12 09:36:00,2026-01-12 12:10:40,2026-01-12
186668,2026-01-09 15:29:00,5,2026-01-12,928,2026-01-12 12:10:40,12 ENE,,2026-01-10,2026-01-12,2026-01-12,2026-01-12,2026-01-09 15:29:00,2026-01-12 09:28:00,2026-01-12 12:10:40,2026-01-12
186669,2026-01-09 15:33:00,3,2026-01-12,1440,2026-01-12 15:17:33,12 ENE,,2026-01-10,2026-01-13,2026-01-13,2026-01-12,2026-01-09 15:33:00,2026-01-12 14:40:00,2026-01-12 15:17:33,2026-01-12
186670,2026-01-09 15:34:00,2,2026-01-12,904,2026-01-12 09:40:50,12 ENE,,2026-01-10,2026-01-12,2026-01-12,2026-01-12,2026-01-09 15:34:00,2026-01-12 09:04:00,2026-01-12 09:40:50,2026-01-12
186671,2026-01-09 15:34:00,3,2026-01-12,904,2026-01-12 09:40:50,12 ENE,,2026-01-10,2026-01-12,2026-01-12,2026-01-12,2026-01-09 15:34:00,2026-01-12 09:04:00,2026-01-12 09:40:50,2026-01-12
186672,2026-01-09 15:34:00,2,2026-01-12,856,2026-01-12 09:40:50,12 ENE,,2026-01-10,2026-01-12,2026-01-12,2026-01-12,2026-01-09 15:34:00,2026-01-12 08:56:00,2026-01-12 09:40:50,2026-01-12
186673,2026-01-09 15:39:00,1,2026-01-12,1252,2026-01-12 14:28:39,12 ENE,,2026-01-10,2026-01-12,2026-01-13,2026-01-12,2026-01-09 15:39:00,2026-01-12 12:52:00,2026-01-12 14:28:39,2026-01-12
186674,2026-01-09 15:39:00,2,2026-01-12,1106,2026-01-12 13:26:03,12 ENE,,2026-01-10,2026-01-12,2026-01-13,2026-01-12,2026-01-09 15:39:00,2026-01-12 11:06:00,2026-01-12 13:26:03,2026-01-12
186675,2026-01-09 15:49:00,1,2026-01-09,1734,2026-01-12 08:33:34,12-01-2026,,2026-01-10,2026-01-10,2026-01-12,2026-01-12,2026-01-09 15:49:00,2026-01-09 17:34:00,2026-01-12 08:33:34,2026-01-12
186676,2026-01-09 15:51:00,3,2026-01-12,1036,2026-01-12 16:02:38,14-01-2026,,2026-01-10,2026-01-12,2026-01-13,2026-01-14,2026-01-09 15:51:00,2026-01-12 10:36:00,2026-01-12 16:02:38,2026-01-14
186677,2026-01-09 15:52:00,1,2026-01-12,1556,2026-01-12 16:06:39,13-01-2025,,2026-01-10,2026-01-13,2026-01-13,2025-01-13,2026-01-09 15:52:00,2026-01-12 15:56:00,2026-01-12 16:06:39,2025-01-13
186678,2026-01-09 15:58:00,13,2026-01-12,1138,2026-01-12 14:45:04,12-01-2025,,2026-01-10,2026-01-12,2026-01-13,2025-01-12,2026-01-09 15:58:00,2026-01-12 11:38:00,2026-01-12 14:45:04,2025-01-12
186679,2026-01-09 17:17:00,1,2026-01-12,1106,2026-01-12 15:38:38,13-01-2026,,2026-01-10,2026-01-12,2026-01-13,2026-01-13,2026-01-09 17:17:00,2026-01-12 11:06:00,2026-01-12 15:38:38,2026-01-13
186680,2026-01-09 17:18:00,6,2026-01-12,1214,2026-01-12 13:27:55,12 ENE,,2026-01-10,2026-01-12,2026-01-13,2026-01-12,2026-01-09 17:18:00,2026-01-12 12:14:00,2026-01-12 13:27:55,2026-01-12
186681,2026-01-09 17:21:00,1,2026-01-12,1206,2026-01-12 13:27:55,12 ENE,,2026-01-10,2026-01-12,2026-01-13,2026-01-12,2026-01-09 17:21:00,2026-01-12 12:06:00,2026-01-12 13:27:55,2026-01-12
186682,2026-01-09 17:22:00,1,2026-01-12,1420,2026-01-12 14:39:42,12 ENE,,2026-01-10,2026-01-13,2026-01-13,2026-01-12,2026-01-09 17:22:00,2026-01-12 14:20:00,2026-01-12 14:39:42,2026-01-12
186683,2026-01-09 17:27:00,1,2026-01-12,1402,2026-01-12 14:26:08,12 ENE,,2026-01-10,2026-01-13,2026-01-13,2026-01-12,2026-01-09 17:27:00,2026-01-12 14:02:00,2026-01-12 14:26:08,2026-01-12
186684,2026-01-09 17:28:00,5,2026-01-12,1138,2026-01-12 14:47:19,12 ENE,,2026-01-10,2026-01-12,2026-01-13,2026-01-12,2026-01-09 17:28:00,2026-01-12 11:38:00,2026-01-12 14:47:19,2026-01-12
186685,2026-01-09 17:28:00,11,2026-01-12,1130,2026-01-12 12:58:47,12 ENE,,2026-01-10,2026-01-12,2026-01-12,2026-01-12,2026-01-09 17:28:00,2026-01-12 11:30:00,2026-01-12 12:58:47,2026-01-12
186686,2026-01-09 17:29:00,4,2026-01-12,1124,2026-01-12 12:47:42,12 ENE,,2026-01-10,2026-01-12,2026-01-12,2026-01-12,2026-01-09 17:29:00,2026-01-12 11:24:00,2026-01-12 12:47:42,2026-01-12
186687,2026-01-09 17:29:00,9,2026-01-12,1120,2026-01-12 12:39:54,12 ENE,,2026-01-10,2026-01-12,2026-01-12,2026-01-12,2026-01-09 17:29:00,2026-01-12 11:20:00,2026-01-12 12:39:54,2026-01-12
186688,2026-01-12 08:25:00,18,2026-01-13,944,2026-01-13 10:04:45,13-01-2026,,2026-01-12,2026-01-13,2026-01-13,2026-01-13,2026-01-12 08:25:00,2026-01-13 09:44:00,2026-01-13 10:04:45,2026-01-13
186689,2026-01-12 08:29:00,23,,,,,,2026-01-12,,,,2026-01-12 08:29:00,,,
186690,2026-01-12 08:31:00,3,2026-01-13,1008,2026-01-13 10:47:49,16 ene,,2026-01-12,2026-01-13,2026-01-13,2026-01-16,2026-01-12 08:31:00,2026-01-13 10:08:00,2026-01-13 10:47:49,2026-01-16
186691,2026-01-12 08:33:00,1,2026-01-13,914,2026-01-13 09:40:50,13 ene,,2026-01-12,2026-01-13,2026-01-13,2026-01-13,2026-01-12 08:33:00,2026-01-13 09:14:00,2026-01-13 09:40:50,2026-01-13
186692,2026-01-12 08:44:00,1,2026-01-12,1600,2026-01-13 15:03:20,16 ene,,2026-01-12,2026-01-13,2026-01-14,2026-01-16,2026-01-12 08:44:00,2026-01-12 16:00:00,2026-01-13 15:03:20,2026-01-16
186693,2026-01-12 08:53:00,7,2026-01-12,1010,2026-01-12 11:38:26,12-01-2026,,2026-01-12,2026-01-12,2026-01-12,2026-01-12,2026-01-12 08:53:00,2026-01-12 10:10:00,2026-01-12 11:38:26,2026-01-12
186694,2026-01-12 08:57:00,3,2026-01-13,914,2026-01-13 09:40:50,13 ene,,2026-01-12,2026-01-13,2026-01-13,2026-01-13,2026-01-12 08:57:00,2026-01-13 09:14:00,2026-01-13 09:40:50,2026-01-13
186695,2026-01-12 08:58:00,3,2026-01-13,1020,2026-01-13 11:18:59,14 ene,,2026-01-12,2026-01-13,2026-01-13,2026-01-14,2026-01-12 08:58:00,2026-01-13 10:20:00,2026-01-13 11:18:59,2026-01-14
186696,2026-01-12 08:58:00,3,2026-01-13,912,2026-01-13 09:40:50,13 ene,,2026-01-12,2026-01-13,2026-01-13,2026-01-13,2026-01-12 08:58:00,2026-01-13 09:12:00,2026-01-13 09:40:50,2026-01-13
186697,2026-01-12 09:00:00,1,2026-01-12,1538,2026-01-13 15:06:06,15-01-2026,,2026-01-12,2026-01-13,2026-01-14,2026-01-15,2026-01-12 09:00:00,2026-01-12 15:38:00,2026-01-13 15:06:06,2026-01-15
186698,2026-01-12 09:14:00,4,2026-01-12,1252,2026-01-12 15:00:48,12 ENE,,2026-01-12,2026-01-12,2026-01-13,2026-01-12,2026-01-12 09:14:00,2026-01-12 12:52:00,2026-01-12 15:00:48,2026-01-12
186699,2026-01-12 09:15:00,1,2026-01-12,1252,2026-01-12 14:51:48,12 ENE,,2026-01-12,2026-01-12,2026-01-13,2026-01-12,2026-01-12 09:15:00,2026-01-12 12:52:00,2026-01-12 14:51:48,2026-01-12
186700,2026-01-12 09:26:00,1,2026-01-12,1430,2026-01-12 15:38:34,12 ENE,,2026-01-12,2026-01-13,2026-01-13,2026-01-12,2026-01-12 09:26:00,2026-01-12 14:30:00,2026-01-12 15:38:34,2026-01-12
186701,2026-01-12 09:26:00,2,2026-01-12,1510,2026-01-12 15:17:34,12 ENE,,2026-01-12,2026-01-13,2026-01-13,2026-01-12,2026-01-12 09:26:00,2026-01-12 15:10:00,2026-01-12 15:17:34,2026-01-12
186702,2026-01-12 09:42:00,2,2026-01-12,1336,2026-01-12 14:46:32,12 ENE,,2026-01-12,2026-01-13,2026-01-13,2026-01-12,2026-01-12 09:42:00,2026-01-12 13:36:00,2026-01-12 14:46:32,2026-01-12
186703,2026-01-12 09:45:00,1,2026-01-12,1526,2026-01-12 15:29:39,12 ENE,,2026-01-12,2026-01-13,2026-01-13,2026-01-12,2026-01-12 09:45:00,2026-01-12 15:26:00,2026-01-12 15:29:39,2026-01-12
186704,2026-01-12 09:45:00,1,2026-01-12,1542,2026-01-12 15:52:31,12 ENE,,2026-01-12,2026-01-13,2026-01-13,2026-01-12,2026-01-12 09:45:00,2026-01-12 15:42:00,2026-01-12 15:52:31,2026-01-12
186705,2026-01-12 09:46:00,1,2026-01-12,1434,2026-01-12 15:30:29,12 ENE,,2026-01-12,2026-01-13,2026-01-13,2026-01-12,2026-01-12 09:46:00,2026-01-12 14:34:00,2026-01-12 15:30:29,2026-01-12
186706,2026-01-12 09:46:00,6,2026-01-12,1202,2026-01-12 12:20:59,12-01-2026,,2026-01-12,2026-01-12,2026-01-12,2026-01-12,2026-01-12 09:46:00,2026-01-12 12:02:00,2026-01-12 12:20:59,2026-01-12
186707,2026-01-12 10:28:00,2,2026-01-12,1456,2026-01-12 15:27:53,12 ENE,,2026-01-12,2026-01-13,2026-01-13,2026-01-12,2026-01-12 10:28:00,2026-01-12 14:56:00,2026-01-12 15:27:53,2026-01-12
186708,2026-01-12 10:28:00,1,2026-01-12,1456,2026-01-12 15:32:47,12 ENE,,2026-01-12,2026-01-13,2026-01-13,2026-01-12,2026-01-12 10:28:00,2026-01-12 14:56:00,2026-01-12 15:32:47,2026-01-12
186709,2026-01-12 10:28:00,1,2026-01-12,1602,2026-01-13 09:10:57,13 ene,,2026-01-12,2026-01-13,2026-01-13,2026-01-13,2026-01-12 10:28:00,2026-01-12 16:02:00,2026-01-13 09:10:57,2026-01-13
186710,2026-01-12 10:28:00,1,2026-01-12,1502,2026-01-12 15:30:52,12 ENE,,2026-01-12,2026-01-13,2026-01-13,2026-01-12,2026-01-12 10:28:00,2026-01-12 15:02:00,2026-01-12 15:30:52,2026-01-12
186711,2026-01-12 10:28:00,2,2026-01-12,1612,2026-01-13 08:48:25,13 ene,,2026-01-12,2026-01-13,2026-01-13,2026-01-13,2026-01-12 10:28:00,2026-01-12 16:12:00,2026-01-13 08:48:25,2026-01-13
186712,2026-01-12 10:28:00,1,2026-01-12,1538,2026-01-12 15:53:40,12 ENE,,2026-01-12,2026-01-13,2026-01-13,2026-01-12,2026-01-12 10:28:00,2026-01-12 15:38:00,2026-01-12 15:53:40,2026-01-12
186713,2026-01-12 10:28:00,2,2026-01-13,1050,2026-01-13 11:26:31,14 ene,,2026-01-12,2026-01-13,2026-01-13,2026-01-14,2026-01-12 10:28:00,2026-01-13 10:50:00,2026-01-13 11:26:31,2026-01-14
186714,2026-01-12 10:42:00,1,2026-01-12,1624,2026-01-12 16:49:15,12 ENE,,2026-01-12,2026-01-13,2026-01-13,2026-01-12,2026-01-12 10:42:00,2026-01-12 16:24:00,2026-01-12 16:49:15,2026-01-12
186715,2026-01-12 10:56:00,1,2026-01-12,1604,2026-01-12 16:15:09,12 ENE,,2026-01-12,2026-01-13,2026-01-13,2026-01-12,2026-01-12 10:56:00,2026-01-12 16:04:00,2026-01-12 16:15:09,2026-01-12
186716,2026-01-12 11:03:00,1,2026-01-12,1612,2026-01-12 16:23:18,12 ENE,,2026-01-12,2026-01-13,2026-01-13,2026-01-12,2026-01-12 11:03:00,2026-01-12 16:12:00,2026-01-12 16:23:18,2026-01-12
186717,2026-01-12 11:04:00,1,2026-01-12,1502,2026-01-12 15:42:02,12-01-2025,,2026-01-12,2026-01-13,2026-01-13,2025-01-12,2026-01-12 11:04:00,2026-01-12 15:02:00,2026-01-12 15:42:02,2025-01-12
186718,2026-01-12 11:04:00,2,,,,,,2026-01-12,,,,2026-01-12 11:04:00,,,
186719,2026-01-12 11:04:00,4,2026-01-12,1712,2026-01-13 08:26:04,13-01-2026,,2026-01-12,2026-01-13,2026-01-13,2026-01-13,2026-01-12 11:04:00,2026-01-12 17:12:00,2026-01-13 08:26:04,2026-01-13
186720,2026-01-12 11:05:00,3,2026-01-12,1712,2026-01-13 08:10:35,13-01-2026,,2026-01-12,2026-01-13,2026-01-13,2026-01-13,2026-01-12 11:05:00,2026-01-12 17:12:00,2026-01-13 08:10:35,2026-01-13
186721,2026-01-12 11:05:00,4,2026-01-13,914,2026-01-13 09:31:56,13-01-2026,,2026-01-12,2026-01-13,2026-01-13,2026-01-13,2026-01-12 11:05:00,2026-01-13 09:14:00,2026-01-13 09:31:56,2026-01-13
186722,2026-01-12 11:05:00,4,2026-01-13,924,2026-01-13 09:40:09,13-01-2026,,2026-01-12,2026-01-13,2026-01-13,2026-01-13,2026-01-12 11:05:00,2026-01-13 09:24:00,2026-01-13 09:40:09,2026-01-13
186723,2026-01-12 11:05:00,2,2026-01-12,1712,2026-01-13 08:20:07,13-01-2026,,2026-01-12,2026-01-13,2026-01-13,2026-01-13,2026-01-12 11:05:00,2026-01-12 17:12:00,2026-01-13 08:20:07,2026-01-13
186724,2026-01-12 11:05:00,43,2026-01-12,1602,2026-01-12 17:13:05,13-01-2026,,2026-01-12,2026-01-13,2026-01-13,2026-01-13,2026-01-12 11:05:00,2026-01-12 16:02:00,2026-01-12 17:13:05,2026-01-13
186725,2026-01-12 11:05:00,29,2026-01-12,1632,2026-01-12 17:42:12,13-01-2026,,2026-01-12,2026-01-13,2026-01-13,2026-01-13,2026-01-12 11:05:00,2026-01-12 16:32:00,2026-01-12 17:42:12,2026-01-13
186726,2026-01-12 11:05:00,5,2026-01-13,1324,2026-01-13 14:40:46,13-01-2026,,2026-01-12,2026-01-14,2026-01-14,2026-01-13,2026-01-12 11:05:00,2026-01-13 13:24:00,2026-01-13 14:40:46,2026-01-13
186727,2026-01-12 11:07:00,9,2026-01-13,1106,2026-01-13 11:36:39,13-01-2025,,2026-01-12,2026-01-13,2026-01-13,2025-01-13,2026-01-12 11:07:00,2026-01-13 11:06:00,2026-01-13 11:36:39,2025-01-13
186728,2026-01-12 11:08:00,1,2026-01-13,848,2026-01-13 09:09:57,14 ene,,2026-01-12,2026-01-13,2026-01-13,2026-01-14,2026-01-12 11:08:00,2026-01-13 08:48:00,2026-01-13 09:09:57,2026-01-14
186729,2026-01-12 11:10:00,1,2026-01-12,1254,2026-01-12 13:44:05,12 ENE,,2026-01-12,2026-01-12,2026-01-13,2026-01-12,2026-01-12 11:10:00,2026-01-12 12:54:00,2026-01-12 13:44:05,2026-01-12
186730,2026-01-12 11:10:00,1,2026-01-12,1254,2026-01-12 13:44:05,12 ENE,,2026-01-12,2026-01-12,2026-01-13,2026-01-12,2026-01-12 11:10:00,2026-01-12 12:54:00,2026-01-12 13:44:05,2026-01-12
186731,2026-01-12 11:11:00,2,2026-01-12,1254,2026-01-12 13:44:05,12 ENE,,2026-01-12,2026-01-12,2026-01-13,2026-01-12,2026-01-12 11:11:00,2026-01-12 12:54:00,2026-01-12 13:44:05,2026-01-12
186732,2026-01-12 11:12:00,2,2026-01-12,1714,2026-01-13 08:55:32,13 ene,,2026-01-12,2026-01-13,2026-01-13,2026-01-13,2026-01-12 11:12:00,2026-01-12 17:14:00,2026-01-13 08:55:32,2026-01-13
186733,2026-01-12 11:13:00,1,2026-01-12,1252,2026-01-12 13:44:05,12 ENE,,2026-01-12,2026-01-12,2026-01-13,2026-01-12,2026-01-12 11:13:00,2026-01-12 12:52:00,2026-01-12 13:44:05,2026-01-12
186734,2026-01-12 11:14:00,4,2026-01-12,2138,2026-01-13 08:38:31,13 ene,,2026-01-12,2026-01-13,2026-01-13,2026-01-13,2026-01-12 11:14:00,2026-01-12 21:38:00,2026-01-13 08:38:31,2026-01-13
186735,2026-01-12 11:32:00,16,2026-01-13,946,2026-01-13 10:30:55,13 ene,,2026-01-12,2026-01-13,2026-01-13,2026-01-13,2026-01-12 11:32:00,2026-01-13 09:46:00,2026-01-13 10:30:55,2026-01-13
186736,2026-01-12 11:34:00,1,2026-01-12,1624,2026-01-12 16:46:43,12 ENE,,2026-01-12,2026-01-13,2026-01-13,2026-01-12,2026-01-12 11:34:00,2026-01-12 16:24:00,2026-01-12 16:46:43,2026-01-12
186737,2026-01-12 11:38:00,11,2026-01-13,1908,2026-01-13 20:47:46,14 ene,,2026-01-12,2026-01-14,2026-01-14,2026-01-14,2026-01-12 11:38:00,2026-01-13 19:08:00,2026-01-13 20:47:46,2026-01-14
186738,2026-01-12 11:40:00,1,2026-01-12,1624,2026-01-12 16:44:54,12 ENE,,2026-01-12,2026-01-13,2026-01-13,2026-01-12,2026-01-12 11:40:00,2026-01-12 16:24:00,2026-01-12 16:44:54,2026-01-12
186739,2026-01-12 11:42:00,1,2026-01-12,1510,2026-01-12 15:23:13,12 ENE,,2026-01-12,2026-01-13,2026-01-13,2026-01-12,2026-01-12 11:42:00,2026-01-12 15:10:00,2026-01-12 15:23:13,2026-01-12
186740,2026-01-12 11:52:00,2,2026-01-12,1153,,,,2026-01-12,2026-01-12,,,2026-01-12 11:52:00,2026-01-12 11:53:00,,
186741,2026-01-12 11:56:00,1,2026-01-13,810,2026-01-13 08:39:44,13 ene,,2026-01-12,2026-01-13,2026-01-13,2026-01-13,2026-01-12 11:56:00,2026-01-13 08:10:00,2026-01-13 08:39:44,2026-01-13
186742,2026-01-12 11:57:00,4,2026-01-12,1726,2026-01-13 08:51:05,13 ene,,2026-01-12,2026-01-13,2026-01-13,2026-01-13,2026-01-12 11:57:00,2026-01-12 17:26:00,2026-01-13 08:51:05,2026-01-13
186743,2026-01-12 11:57:00,2,2026-01-12,2140,2026-01-13 08:53:15,13 ene,,2026-01-12,2026-01-13,2026-01-13,2026-01-13,2026-01-12 11:57:00,2026-01-12 21:40:00,2026-01-13 08:53:15,2026-01-13
186744,2026-01-12 12:07:00,1,2026-01-12,1710,2026-01-13 08:38:33,13 ene,,2026-01-12,2026-01-13,2026-01-13,2026-01-13,2026-01-12 12:07:00,2026-01-12 17:10:00,2026-01-13 08:38:33,2026-01-13
186745,2026-01-12 12:08:00,1,2026-01-13,1102,2026-01-13 11:11:54,16 ene,,2026-01-12,2026-01-13,2026-01-13,2026-01-16,2026-01-12 12:08:00,2026-01-13 11:02:00,2026-01-13 11:11:54,2026-01-16
186746,2026-01-12 12:16:00,3,2026-01-13,1304,2026-01-13 13:41:03,16 ene,,2026-01-12,2026-01-13,2026-01-14,2026-01-16,2026-01-12 12:16:00,2026-01-13 13:04:00,2026-01-13 13:41:03,2026-01-16
186747,2026-01-12 12:16:00,1,2026-01-12,2144,2026-01-13 08:48:28,13 ene,,2026-01-12,2026-01-13,2026-01-13,2026-01-13,2026-01-12 12:16:00,2026-01-12 21:44:00,2026-01-13 08:48:28,2026-01-13
186748,2026-01-12 12:16:00,1,2026-01-12,2136,2026-01-13 08:48:28,13 ene,,2026-01-12,2026-01-13,2026-01-13,2026-01-13,2026-01-12 12:16:00,2026-01-12 21:36:00,2026-01-13 08:48:28,2026-01-13
186749,2026-01-12 12:26:00,2,2026-01-12,2138,2026-01-13 08:59:33,13 ene,,2026-01-12,2026-01-13,2026-01-13,2026-01-13,2026-01-12 12:26:00,2026-01-12 21:38:00,2026-01-13 08:59:33,2026-01-13
186750,2026-01-12 12:27:00,1,2026-01-13,810,2026-01-13 08:42:14,13 ene,,2026-01-12,2026-01-13,2026-01-13,2026-01-13,2026-01-12 12:27:00,2026-01-13 08:10:00,2026-01-13 08:42:14,2026-01-13
186751,2026-01-12 13:57:00,7,2026-01-13,1154,2026-01-13 13:03:27,13 ENE,,2026-01-13,2026-01-13,2026-01-13,2026-01-13,2026-01-12 13:57:00,2026-01-13 11:54:00,2026-01-13 13:03:27,2026-01-13
186752,2026-01-12 13:57:00,2,2026-01-12,1440,2026-01-12 15:04:46,12-01-2026,,2026-01-13,2026-01-13,2026-01-13,2026-01-12,2026-01-12 13:57:00,2026-01-12 14:40:00,2026-01-12 15:04:46,2026-01-12
186753,2026-01-12 13:57:00,10,2026-01-13,1154,2026-01-13 13:03:27,13 ENE,,2026-01-13,2026-01-13,2026-01-13,2026-01-13,2026-01-12 13:57:00,2026-01-13 11:54:00,2026-01-13 13:03:27,2026-01-13
186754,2026-01-12 13:57:00,12,2026-01-13,1154,2026-01-13 13:03:27,13 ENE,,2026-01-13,2026-01-13,2026-01-13,2026-01-13,2026-01-12 13:57:00,2026-01-13 11:54:00,2026-01-13 13:03:27,2026-01-13
186755,2026-01-12 13:57:00,15,2026-01-13,1155,2026-01-13 13:03:27,13 ENE,,2026-01-13,2026-01-13,2026-01-13,2026-01-13,2026-01-12 13:57:00,2026-01-13 11:55:00,2026-01-13 13:03:27,2026-01-13
186756,2026-01-12 13:57:00,13,2026-01-13,1152,2026-01-13 13:03:27,13 ENE,,2026-01-13,2026-01-13,2026-01-13,2026-01-13,2026-01-12 13:57:00,2026-01-13 11:52:00,2026-01-13 13:03:27,2026-01-13
186757,2026-01-12 13:57:00,1,2026-01-12,1430,2026-01-12 15:04:12,12-01-2026,,2026-01-13,2026-01-13,2026-01-13,2026-01-12,2026-01-12 13:57:00,2026-01-12 14:30:00,2026-01-12 15:04:12,2026-01-12
186758,2026-01-12 13:58:00,7,2026-01-13,1020,2026-01-13 11:44:11,13-01-2026,,2026-01-13,2026-01-13,2026-01-13,2026-01-13,2026-01-12 13:58:00,2026-01-13 10:20:00,2026-01-13 11:44:11,2026-01-13
186759,2026-01-12 13:58:00,15,2026-01-13,1400,2026-01-13 15:54:38,13 ENE,,2026-01-13,2026-01-14,2026-01-14,2026-01-13,2026-01-12 13:58:00,2026-01-13 14:00:00,2026-01-13 15:54:38,2026-01-13
186760,2026-01-12 14:02:00,1,2026-01-13,1524,2026-01-13 17:10:52,13 ENE,,2026-01-13,2026-01-14,2026-01-14,2026-01-13,2026-01-12 14:02:00,2026-01-13 15:24:00,2026-01-13 17:10:52,2026-01-13
186761,2026-01-12 14:02:00,1,2026-01-13,1536,2026-01-13 17:11:23,13 ENE,,2026-01-13,2026-01-14,2026-01-14,2026-01-13,2026-01-12 14:02:00,2026-01-13 15:36:00,2026-01-13 17:11:23,2026-01-13
186762,2026-01-12 14:03:00,1,2026-01-13,1524,2026-01-13 17:11:50,13 ENE,,2026-01-13,2026-01-14,2026-01-14,2026-01-13,2026-01-12 14:03:00,2026-01-13 15:24:00,2026-01-13 17:11:50,2026-01-13
186763,2026-01-12 14:03:00,3,2026-01-13,1556,2026-01-14 12:45:27,14 ene,,2026-01-13,2026-01-14,2026-01-14,2026-01-14,2026-01-12 14:03:00,2026-01-13 15:56:00,2026-01-14 12:45:27,2026-01-14
186764,2026-01-12 14:08:00,1,2026-01-13,1356,2026-01-13 15:06:58,13 ENE,,2026-01-13,2026-01-14,2026-01-14,2026-01-13,2026-01-12 14:08:00,2026-01-13 13:56:00,2026-01-13 15:06:58,2026-01-13
186765,2026-01-12 14:16:00,2,2026-01-12,1718,2026-01-13 10:51:40,13 ENE,,2026-01-13,2026-01-13,2026-01-13,2026-01-13,2026-01-12 14:16:00,2026-01-12 17:18:00,2026-01-13 10:51:40,2026-01-13
186766,2026-01-12 14:23:00,46,2026-01-13,1536,2026-01-13 17:06:17,14 ene,,2026-01-13,2026-01-14,2026-01-14,2026-01-14,2026-01-12 14:23:00,2026-01-13 15:36:00,2026-01-13 17:06:17,2026-01-14
186767,2026-01-12 14:30:00,27,2026-01-13,1612,2026-01-14 09:15:50,14 ene,,2026-01-13,2026-01-14,2026-01-14,2026-01-14,2026-01-12 14:30:00,2026-01-13 16:12:00,2026-01-14 09:15:50,2026-01-14
186768,2026-01-12 14:33:00,49,,,,,,2026-01-13,,,,2026-01-12 14:33:00,,,
186769,2026-01-12 14:35:00,74,,,,,,2026-01-13,,,,2026-01-12 14:35:00,,,
186770,2026-01-12 14:38:00,170,,,,,,2026-01-13,,,,2026-01-12 14:38:00,,,
186771,2026-01-12 14:38:00,1,,,,,,2026-01-13,,,,2026-01-12 14:38:00,,,
186772,2026-01-12 14:42:00,7,2026-01-12,1443,,,,2026-01-13,2026-01-13,,,2026-01-12 14:42:00,2026-01-12 14:43:00,,
186773,2026-01-12 14:49:00,5,2026-01-12,1451,,,,2026-01-13,2026-01-13,,,2026-01-12 14:49:00,2026-01-12 14:51:00,,
186774,2026-01-12 14:52:00,10,2026-01-12,1456,,,,2026-01-13,2026-01-13,,,2026-01-12 14:52:00,2026-01-12 14:56:00,,
186775,2026-01-12 14:59:00,5,2026-01-12,1500,,,,2026-01-13,2026-01-13,,,2026-01-12 14:59:00,2026-01-12 15:00:00,,
186776,2026-01-12 15:07:00,1,2026-01-13,1522,2026-01-13 16:03:41,13 ENE,,2026-01-13,2026-01-14,2026-01-14,2026-01-13,2026-01-12 15:07:00,2026-01-13 15:22:00,2026-01-13 16:03:41,2026-01-13
186777,2026-01-12 15:50:00,1,2026-01-13,1522,2026-01-13 16:05:56,13 ENE,,2026-01-13,2026-01-14,2026-01-14,2026-01-13,2026-01-12 15:50:00,2026-01-13 15:22:00,2026-01-13 16:05:56,2026-01-13
186778,2026-01-12 15:50:00,4,2026-01-13,1008,2026-01-13 11:41:10,13 ENE,,2026-01-13,2026-01-13,2026-01-13,2026-01-13,2026-01-12 15:50:00,2026-01-13 10:08:00,2026-01-13 11:41:10,2026-01-13
186779,2026-01-12 16:22:00,8,2026-01-13,1537,2026-01-13 16:56:28,13 ENE,,2026-01-13,2026-01-14,2026-01-14,2026-01-13,2026-01-12 16:22:00,2026-01-13 15:37:00,2026-01-13 16:56:28,2026-01-13
186780,2026-01-12 16:43:00,1,,,,,,2026-01-13,,,,2026-01-12 16:43:00,,,
186781,2026-01-12 17:02:00,1,2026-01-13,1536,2026-01-13 16:40:29,14 ene,,2026-01-13,2026-01-14,2026-01-14,2026-01-14,2026-01-12 17:02:00,2026-01-13 15:36:00,2026-01-13 16:40:29,2026-01-14
186782,2026-01-12 17:02:00,1,2026-01-13,1728,2026-01-14 09:09:00,14 ene,,2026-01-13,2026-01-14,2026-01-14,2026-01-14,2026-01-12 17:02:00,2026-01-13 17:28:00,2026-01-14 09:09:00,2026-01-14
186783,2026-01-12 17:07:00,3,2026-01-13,1342,2026-01-13 13:46:09,13 ENE,,2026-01-13,2026-01-14,2026-01-14,2026-01-13,2026-01-12 17:07:00,2026-01-13 13:42:00,2026-01-13 13:46:09,2026-01-13
186784,2026-01-12 17:07:00,6,2026-01-13,1710,2026-01-14 09:21:00,14 ene,,2026-01-13,2026-01-14,2026-01-14,2026-01-14,2026-01-12 17:07:00,2026-01-13 17:10:00,2026-01-14 09:21:00,2026-01-14
186785,2026-01-12 17:08:00,5,2026-01-13,1548,2026-01-13 16:07:55,14-01-2026,,2026-01-13,2026-01-14,2026-01-14,2026-01-14,2026-01-12 17:08:00,2026-01-13 15:48:00,2026-01-13 16:07:55,2026-01-14
186786,2026-01-12 17:09:00,3,2026-01-13,1304,2026-01-13 14:40:21,13 ENE,,2026-01-13,2026-01-13,2026-01-14,2026-01-13,2026-01-12 17:09:00,2026-01-13 13:04:00,2026-01-13 14:40:21,2026-01-13
186787,2026-01-12 17:09:00,2,2026-01-13,1040,2026-01-13 10:58:45,13 ENE,,2026-01-13,2026-01-13,2026-01-13,2026-01-13,2026-01-12 17:09:00,2026-01-13 10:40:00,2026-01-13 10:58:45,2026-01-13
186788,2026-01-12 17:09:00,4,2026-01-13,1520,2026-01-13 16:38:05,13 ENE,,2026-01-13,2026-01-14,2026-01-14,2026-01-13,2026-01-12 17:09:00,2026-01-13 15:20:00,2026-01-13 16:38:05,2026-01-13
186789,2026-01-12 17:10:00,1,2026-01-13,1008,2026-01-13 11:00:38,13 ENE,,2026-01-13,2026-01-13,2026-01-13,2026-01-13,2026-01-12 17:10:00,2026-01-13 10:08:00,2026-01-13 11:00:38,2026-01-13
186790,2026-01-12 17:11:00,11,2026-01-13,1645,2026-01-14 13:24:56,15 ene,,2026-01-13,2026-01-14,2026-01-15,2026-01-15,2026-01-12 17:11:00,2026-01-13 16:45:00,2026-01-14 13:24:56,2026-01-15
186791,2026-01-12 17:12:00,7,2026-01-13,1548,2026-01-13 16:49:42,13 ENE,,2026-01-13,2026-01-14,2026-01-14,2026-01-13,2026-01-12 17:12:00,2026-01-13 15:48:00,2026-01-13 16:49:42,2026-01-13
186792,2026-01-12 17:14:00,6,2026-01-13,2136,2026-01-14 12:04:20,14 ene,,2026-01-13,2026-01-14,2026-01-14,2026-01-14,2026-01-12 17:14:00,2026-01-13 21:36:00,2026-01-14 12:04:20,2026-01-14
186793,2026-01-12 17:15:00,11,2026-01-14,916,2026-01-14 10:12:09,14 ene,,2026-01-13,2026-01-14,2026-01-14,2026-01-14,2026-01-12 17:15:00,2026-01-14 09:16:00,2026-01-14 10:12:09,2026-01-14
186794,2026-01-12 17:15:00,20,2026-01-13,1610,2026-01-14 11:10:45,14 ene,,2026-01-13,2026-01-14,2026-01-14,2026-01-14,2026-01-12 17:15:00,2026-01-13 16:10:00,2026-01-14 11:10:45,2026-01-14
186795,2026-01-12 17:24:00,1,2026-01-13,1522,2026-01-13 16:11:03,13 ENE,,2026-01-13,2026-01-14,2026-01-14,2026-01-13,2026-01-12 17:24:00,2026-01-13 15:22:00,2026-01-13 16:11:03,2026-01-13
186796,2026-01-12 17:25:00,7,2026-01-13,1122,2026-01-13 13:00:06,13 ENE,,2026-01-13,2026-01-13,2026-01-13,2026-01-13,2026-01-12 17:25:00,2026-01-13 11:22:00,2026-01-13 13:00:06,2026-01-13
186797,2026-01-13 08:57:00,3,2026-01-13,1556,2026-01-13 16:13:36,14-01-2026,,2026-01-13,2026-01-14,2026-01-14,2026-01-14,2026-01-13 08:57:00,2026-01-13 15:56:00,2026-01-13 16:13:36,2026-01-14
186798,2026-01-13 09:16:00,23,2026-01-14,918,2026-01-14 09:57:14,14-01-2026,,2026-01-13,2026-01-14,2026-01-14,2026-01-14,2026-01-13 09:16:00,2026-01-14 09:18:00,2026-01-14 09:57:14,2026-01-14
186799,2026-01-13 09:19:00,4,2026-01-14,1222,2026-01-14 12:51:37,14 ene,,2026-01-13,2026-01-14,2026-01-14,2026-01-14,2026-01-13 09:19:00,2026-01-14 12:22:00,2026-01-14 12:51:37,2026-01-14
186800,2026-01-13 09:21:00,4,2026-01-14,1016,2026-01-14 11:08:42,14 ene,,2026-01-13,2026-01-14,2026-01-14,2026-01-14,2026-01-13 09:21:00,2026-01-14 10:16:00,2026-01-14 11:08:42,2026-01-14
186801,2026-01-13 09:22:00,2,2026-01-13,1020,2026-01-13 11:03:43,13 ENE,,2026-01-13,2026-01-13,2026-01-13,2026-01-13,2026-01-13 09:22:00,2026-01-13 10:20:00,2026-01-13 11:03:43,2026-01-13
186802,2026-01-13 09:32:00,2,2026-01-13,1520,2026-01-13 19:25:40,14 ene,,2026-01-13,2026-01-14,2026-01-14,2026-01-14,2026-01-13 09:32:00,2026-01-13 15:20:00,2026-01-13 19:25:40,2026-01-14
186803,2026-01-13 09:32:00,1,2026-01-13,1522,2026-01-13 16:19:01,13 ENE,,2026-01-13,2026-01-14,2026-01-14,2026-01-13,2026-01-13 09:32:00,2026-01-13 15:22:00,2026-01-13 16:19:01,2026-01-13
186804,2026-01-13 09:38:00,3,2026-01-13,1520,2026-01-13 17:24:45,13 ENE,,2026-01-13,2026-01-14,2026-01-14,2026-01-13,2026-01-13 09:38:00,2026-01-13 15:20:00,2026-01-13 17:24:45,2026-01-13
186805,2026-01-13 09:41:00,1,2026-01-13,1632,2026-01-13 17:14:06,14-01-2026,,2026-01-13,2026-01-14,2026-01-14,2026-01-14,2026-01-13 09:41:00,2026-01-13 16:32:00,2026-01-13 17:14:06,2026-01-14
186806,2026-01-13 09:41:00,1,2026-01-14,1130,2026-01-14 11:45:14,14-01-2026,,2026-01-13,2026-01-14,2026-01-14,2026-01-14,2026-01-13 09:41:00,2026-01-14 11:30:00,2026-01-14 11:45:14,2026-01-14
186807,2026-01-13 09:42:00,1,2026-01-13,1548,2026-01-13 17:00:34,13 ENE,,2026-01-13,2026-01-14,2026-01-14,2026-01-13,2026-01-13 09:42:00,2026-01-13 15:48:00,2026-01-13 17:00:34,2026-01-13
186808,2026-01-13 09:47:00,3,2026-01-14,1400,2026-01-14 14:12:57,14-01-2026,,2026-01-13,2026-01-15,2026-01-15,2026-01-14,2026-01-13 09:47:00,2026-01-14 14:00:00,2026-01-14 14:12:57,2026-01-14
186809,2026-01-13 09:56:00,1,2026-01-13,1734,2026-01-14 08:39:10,14 ene,,2026-01-13,2026-01-14,2026-01-14,2026-01-14,2026-01-13 09:56:00,2026-01-13 17:34:00,2026-01-14 08:39:10,2026-01-14
186810,2026-01-13 10:00:00,1,2026-01-13,1556,2026-01-13 16:33:42,13 ENE,,2026-01-13,2026-01-14,2026-01-14,2026-01-13,2026-01-13 10:00:00,2026-01-13 15:56:00,2026-01-13 16:33:42,2026-01-13
186811,2026-01-13 10:14:00,1,2026-01-13,1614,2026-01-13 16:58:29,13 ENE,,2026-01-13,2026-01-14,2026-01-14,2026-01-13,2026-01-13 10:14:00,2026-01-13 16:14:00,2026-01-13 16:58:29,2026-01-13
186812,2026-01-13 10:17:00,5,2026-01-14,1204,2026-01-14 12:22:53,14 ene,,2026-01-13,2026-01-14,2026-01-14,2026-01-14,2026-01-13 10:17:00,2026-01-14 12:04:00,2026-01-14 12:22:53,2026-01-14
186813,2026-01-13 10:17:00,6,2026-01-14,1156,2026-01-14 12:22:53,14 ene,,2026-01-13,2026-01-14,2026-01-14,2026-01-14,2026-01-13 10:17:00,2026-01-14 11:56:00,2026-01-14 12:22:53,2026-01-14
186814,2026-01-13 10:17:00,8,2026-01-13,1612,2026-01-14 08:57:14,14 ene,,2026-01-13,2026-01-14,2026-01-14,2026-01-14,2026-01-13 10:17:00,2026-01-13 16:12:00,2026-01-14 08:57:14,2026-01-14
186815,2026-01-13 10:32:00,1,2026-01-13,1304,2026-01-13 13:49:07,13-01-2026,,2026-01-13,2026-01-13,2026-01-14,2026-01-13,2026-01-13 10:32:00,2026-01-13 13:04:00,2026-01-13 13:49:07,2026-01-13
186816,2026-01-13 10:34:00,1,2026-01-13,1634,2026-01-13 16:50:07,14-01-2026,,2026-01-13,2026-01-14,2026-01-14,2026-01-14,2026-01-13 10:34:00,2026-01-13 16:34:00,2026-01-13 16:50:07,2026-01-14
186817,2026-01-13 10:36:00,1,2026-01-14,1222,2026-01-14 12:38:42,14-01-2026,,2026-01-13,2026-01-14,2026-01-14,2026-01-14,2026-01-13 10:36:00,2026-01-14 12:22:00,2026-01-14 12:38:42,2026-01-14
186818,2026-01-13 10:37:00,1,2026-01-14,1224,2026-01-14 12:36:44,14-01-2026,,2026-01-13,2026-01-14,2026-01-14,2026-01-14,2026-01-13 10:37:00,2026-01-14 12:24:00,2026-01-14 12:36:44,2026-01-14
186819,2026-01-13 10:39:00,1,2026-01-13,1728,2026-01-14 10:46:34,14 ene,,2026-01-13,2026-01-14,2026-01-14,2026-01-14,2026-01-13 10:39:00,2026-01-13 17:28:00,2026-01-14 10:46:34,2026-01-14
186820,2026-01-13 10:41:00,2,2026-01-13,1520,2026-01-13 16:22:04,19 ene,,2026-01-13,2026-01-14,2026-01-14,2026-01-19,2026-01-13 10:41:00,2026-01-13 15:20:00,2026-01-13 16:22:04,2026-01-19
186821,2026-01-13 10:51:00,2,2026-01-13,1645,2026-01-13 17:23:39,13 ENE,,2026-01-13,2026-01-14,2026-01-14,2026-01-13,2026-01-13 10:51:00,2026-01-13 16:45:00,2026-01-13 17:23:39,2026-01-13
186822,2026-01-13 10:52:00,6,2026-01-14,1024,2026-01-14 10:34:37,14 ene,,2026-01-13,2026-01-14,2026-01-14,2026-01-14,2026-01-13 10:52:00,2026-01-14 10:24:00,2026-01-14 10:34:37,2026-01-14
186823,2026-01-13 10:52:00,7,2026-01-14,1016,2026-01-14 10:34:37,14 ene,,2026-01-13,2026-01-14,2026-01-14,2026-01-14,2026-01-13 10:52:00,2026-01-14 10:16:00,2026-01-14 10:34:37,2026-01-14
186824,2026-01-13 10:58:00,4,2026-01-14,1406,2026-01-14 16:08:04,14-01-2026,,2026-01-13,2026-01-15,2026-01-15,2026-01-14,2026-01-13 10:58:00,2026-01-14 14:06:00,2026-01-14 16:08:04,2026-01-14
186825,2026-01-13 10:58:00,11,2026-01-13,1656,2026-01-13 17:08:06,14-01-2026,,2026-01-13,2026-01-14,2026-01-14,2026-01-14,2026-01-13 10:58:00,2026-01-13 16:56:00,2026-01-13 17:08:06,2026-01-14
186826,2026-01-13 10:59:00,2,2026-01-13,1632,2026-01-13 16:47:10,14-01-2026,,2026-01-13,2026-01-14,2026-01-14,2026-01-14,2026-01-13 10:59:00,2026-01-13 16:32:00,2026-01-13 16:47:10,2026-01-14
186827,2026-01-13 11:09:00,1,2026-01-14,1500,2026-01-15 13:58:27,14-01-2026,,2026-01-13,2026-01-15,2026-01-16,2026-01-14,2026-01-13 11:09:00,2026-01-14 15:00:00,2026-01-15 13:58:27,2026-01-14
186828,2026-01-13 11:10:00,2,2026-01-14,818,2026-01-14 09:44:07,14 ene,,2026-01-13,2026-01-14,2026-01-14,2026-01-14,2026-01-13 11:10:00,2026-01-14 08:18:00,2026-01-14 09:44:07,2026-01-14
186829,2026-01-13 11:11:00,3,2026-01-14,1044,2026-01-14 10:53:12,14 ene,,2026-01-13,2026-01-14,2026-01-14,2026-01-14,2026-01-13 11:11:00,2026-01-14 10:44:00,2026-01-14 10:53:12,2026-01-14
186830,2026-01-13 11:12:00,2,2026-01-13,1548,2026-01-14 10:19:49,14 ene,,2026-01-13,2026-01-14,2026-01-14,2026-01-14,2026-01-13 11:12:00,2026-01-13 15:48:00,2026-01-14 10:19:49,2026-01-14
186831,2026-01-13 11:53:00,1,2026-01-14,1228,2026-01-14 13:26:15,15 ene,,2026-01-13,2026-01-14,2026-01-15,2026-01-15,2026-01-13 11:53:00,2026-01-14 12:28:00,2026-01-14 13:26:15,2026-01-15
186832,2026-01-13 11:55:00,2,2026-01-13,1612,2026-01-14 10:12:38,14 ene,,2026-01-13,2026-01-14,2026-01-14,2026-01-14,2026-01-13 11:55:00,2026-01-13 16:12:00,2026-01-14 10:12:38,2026-01-14
186833,2026-01-13 11:56:00,1,2026-01-13,1534,2026-01-13 17:14:35,13 ENE,,2026-01-13,2026-01-14,2026-01-14,2026-01-13,2026-01-13 11:56:00,2026-01-13 15:34:00,2026-01-13 17:14:35,2026-01-13
186834,2026-01-13 11:59:00,5,2026-01-13,1632,2026-01-13 17:00:48,13 ENE,,2026-01-13,2026-01-14,2026-01-14,2026-01-13,2026-01-13 11:59:00,2026-01-13 16:32:00,2026-01-13 17:00:48,2026-01-13
186835,2026-01-13 12:11:00,1,2026-01-14,1016,2026-01-14 10:42:35,14 ene,,2026-01-13,2026-01-14,2026-01-14,2026-01-14,2026-01-13 12:11:00,2026-01-14 10:16:00,2026-01-14 10:42:35,2026-01-14
186836,2026-01-13 12:13:00,1,2026-01-13,1600,2026-01-14 08:47:48,14 ene,,2026-01-13,2026-01-14,2026-01-14,2026-01-14,2026-01-13 12:13:00,2026-01-13 16:00:00,2026-01-14 08:47:48,2026-01-14
186837,2026-01-13 12:17:00,1,2026-01-13,1534,2026-01-13 17:06:26,13 ENE,,2026-01-13,2026-01-14,2026-01-14,2026-01-13,2026-01-13 12:17:00,2026-01-13 15:34:00,2026-01-13 17:06:26,2026-01-13
186838,2026-01-13 12:21:00,5,2026-01-13,1632,2026-01-13 16:40:58,13 ENE,,2026-01-13,2026-01-14,2026-01-14,2026-01-13,2026-01-13 12:21:00,2026-01-13 16:32:00,2026-01-13 16:40:58,2026-01-13
186839,2026-01-13 12:22:00,2,2026-01-13,1432,2026-01-13 14:54:47,13 ENE,,2026-01-13,2026-01-14,2026-01-14,2026-01-13,2026-01-13 12:22:00,2026-01-13 14:32:00,2026-01-13 14:54:47,2026-01-13
186840,2026-01-13 13:41:00,1,2026-01-14,830,2026-01-14 15:43:23,14 ene,,2026-01-14,2026-01-14,2026-01-15,2026-01-14,2026-01-13 13:41:00,2026-01-14 08:30:00,2026-01-14 15:43:23,2026-01-14
186841,2026-01-13 13:42:00,3,2026-01-14,848,2026-01-14 10:26:42,14 ene,,2026-01-14,2026-01-14,2026-01-14,2026-01-14,2026-01-13 13:42:00,2026-01-14 08:48:00,2026-01-14 10:26:42,2026-01-14
186842,2026-01-13 13:42:00,1,2026-01-14,848,2026-01-14 15:01:48,15 ene,,2026-01-14,2026-01-14,2026-01-15,2026-01-15,2026-01-13 13:42:00,2026-01-14 08:48:00,2026-01-14 15:01:48,2026-01-15
186843,2026-01-13 13:42:00,2,2026-01-13,1612,2026-01-13 16:16:52,13-01-2026,,2026-01-14,2026-01-14,2026-01-14,2026-01-13,2026-01-13 13:42:00,2026-01-13 16:12:00,2026-01-13 16:16:52,2026-01-13
186844,2026-01-13 13:43:00,1,2026-01-14,1238,2026-01-14 15:10:14,14 ene,,2026-01-14,2026-01-14,2026-01-15,2026-01-14,2026-01-13 13:43:00,2026-01-14 12:38:00,2026-01-14 15:10:14,2026-01-14
186845,2026-01-13 13:44:00,1,2026-01-14,846,2026-01-14 09:16:07,14-01-2026,,2026-01-14,2026-01-14,2026-01-14,2026-01-14,2026-01-13 13:44:00,2026-01-14 08:46:00,2026-01-14 09:16:07,2026-01-14
186846,2026-01-13 13:44:00,1,2026-01-14,920,2026-01-14 09:49:27,14-01-2026,,2026-01-14,2026-01-14,2026-01-14,2026-01-14,2026-01-13 13:44:00,2026-01-14 09:20:00,2026-01-14 09:49:27,2026-01-14
186847,2026-01-13 13:46:00,3,2026-01-14,846,2026-01-14 14:03:44,14 ene,,2026-01-14,2026-01-14,2026-01-15,2026-01-14,2026-01-13 13:46:00,2026-01-14 08:46:00,2026-01-14 14:03:44,2026-01-14
186848,2026-01-13 13:48:00,11,2026-01-14,1458,2026-01-14 15:15:06,16-01-2026,,2026-01-14,2026-01-15,2026-01-15,2026-01-16,2026-01-13 13:48:00,2026-01-14 14:58:00,2026-01-14 15:15:06,2026-01-16
186849,2026-01-13 13:58:00,1,2026-01-14,818,2026-01-14 13:54:12,14 ene,,2026-01-14,2026-01-14,2026-01-15,2026-01-14,2026-01-13 13:58:00,2026-01-14 08:18:00,2026-01-14 13:54:12,2026-01-14
186850,2026-01-13 13:59:00,53,2026-01-14,1610,2026-01-14 16:41:30,16-01-2026,,2026-01-14,2026-01-15,2026-01-15,2026-01-16,2026-01-13 13:59:00,2026-01-14 16:10:00,2026-01-14 16:41:30,2026-01-16
186851,2026-01-13 15:46:00,1,2026-01-14,1406,2026-01-14 15:12:51,14 ene,,2026-01-14,2026-01-15,2026-01-15,2026-01-14,2026-01-13 15:46:00,2026-01-14 14:06:00,2026-01-14 15:12:51,2026-01-14
186852,2026-01-13 15:46:00,5,2026-01-14,922,2026-01-14 09:42:15,14 ene,,2026-01-14,2026-01-14,2026-01-14,2026-01-14,2026-01-13 15:46:00,2026-01-14 09:22:00,2026-01-14 09:42:15,2026-01-14
186853,2026-01-13 15:48:00,2,2026-01-14,920,2026-01-14 11:53:01,14 ene,,2026-01-14,2026-01-14,2026-01-14,2026-01-14,2026-01-13 15:48:00,2026-01-14 09:20:00,2026-01-14 11:53:01,2026-01-14
186854,2026-01-13 15:49:00,9,2026-01-14,1706,2026-01-14 17:12:54,15-01-2026,,2026-01-14,2026-01-15,2026-01-15,2026-01-15,2026-01-13 15:49:00,2026-01-14 17:06:00,2026-01-14 17:12:54,2026-01-15
186855,2026-01-13 15:57:00,6,2026-01-14,1401,2026-01-14 15:01:33,14 ene,,2026-01-14,2026-01-15,2026-01-15,2026-01-14,2026-01-13 15:57:00,2026-01-14 14:01:00,2026-01-14 15:01:33,2026-01-14
186856,2026-01-13 15:58:00,1,2026-01-14,918,2026-01-14 10:04:36,14 ene,,2026-01-14,2026-01-14,2026-01-14,2026-01-14,2026-01-13 15:58:00,2026-01-14 09:18:00,2026-01-14 10:04:36,2026-01-14
186857,2026-01-13 15:59:00,1,2026-01-14,1022,2026-01-14 11:05:08,14 ene,,2026-01-14,2026-01-14,2026-01-14,2026-01-14,2026-01-13 15:59:00,2026-01-14 10:22:00,2026-01-14 11:05:08,2026-01-14
186858,2026-01-13 16:00:00,2,2026-01-14,1212,2026-01-14 13:11:21,14 ene,,2026-01-14,2026-01-14,2026-01-15,2026-01-14,2026-01-13 16:00:00,2026-01-14 12:12:00,2026-01-14 13:11:21,2026-01-14
186859,2026-01-13 16:23:00,8,2026-01-14,1032,2026-01-14 11:28:33,14 ene,,2026-01-14,2026-01-14,2026-01-14,2026-01-14,2026-01-13 16:23:00,2026-01-14 10:32:00,2026-01-14 11:28:33,2026-01-14
186860,2026-01-13 16:24:00,2,2026-01-14,828,2026-01-14 09:08:24,14-01-2026,,2026-01-14,2026-01-14,2026-01-14,2026-01-14,2026-01-13 16:24:00,2026-01-14 08:28:00,2026-01-14 09:08:24,2026-01-14
186861,2026-01-13 17:03:00,1,,,,,,2026-01-14,,,,2026-01-13 17:03:00,,,
186862,2026-01-13 17:05:00,2,2026-01-14,1016,2026-01-14 10:51:51,15-01-2026,,2026-01-14,2026-01-14,2026-01-14,2026-01-15,2026-01-13 17:05:00,2026-01-14 10:16:00,2026-01-14 10:51:51,2026-01-15
186863,2026-01-13 17:05:00,12,2026-01-14,1604,2026-01-14 17:17:26,14-01-2026,,2026-01-14,2026-01-15,2026-01-15,2026-01-14,2026-01-13 17:05:00,2026-01-14 16:04:00,2026-01-14 17:17:26,2026-01-14
186864,2026-01-13 17:06:00,1,2026-01-14,818,2026-01-14 10:35:51,14 ene,,2026-01-14,2026-01-14,2026-01-14,2026-01-14,2026-01-13 17:06:00,2026-01-14 08:18:00,2026-01-14 10:35:51,2026-01-14
186865,2026-01-13 17:12:00,12,2026-01-15,906,2026-01-15 10:39:25,15-01-2026,,2026-01-14,2026-01-15,2026-01-15,2026-01-15,2026-01-13 17:12:00,2026-01-15 09:06:00,2026-01-15 10:39:25,2026-01-15
186866,2026-01-13 17:16:00,1,2026-01-14,1134,2026-01-14 13:49:30,14 ene,,2026-01-14,2026-01-14,2026-01-15,2026-01-14,2026-01-13 17:16:00,2026-01-14 11:34:00,2026-01-14 13:49:30,2026-01-14
186867,2026-01-13 17:18:00,5,2026-01-14,1400,2026-01-14 14:23:20,14-01-2026,,2026-01-14,2026-01-15,2026-01-15,2026-01-14,2026-01-13 17:18:00,2026-01-14 14:00:00,2026-01-14 14:23:20,2026-01-14
186868,2026-01-13 17:22:00,4,2026-01-14,1230,2026-01-14 16:02:44,16-01-2026,,2026-01-14,2026-01-14,2026-01-15,2026-01-16,2026-01-13 17:22:00,2026-01-14 12:30:00,2026-01-14 16:02:44,2026-01-16
186869,2026-01-13 17:25:00,28,2026-01-15,934,2026-01-15 10:33:40,15-01-2026,,2026-01-14,2026-01-15,2026-01-15,2026-01-15,2026-01-13 17:25:00,2026-01-15 09:34:00,2026-01-15 10:33:40,2026-01-15
186870,2026-01-13 17:29:00,1,2026-01-14,818,2026-01-14 10:09:10,14 ene,,2026-01-14,2026-01-14,2026-01-14,2026-01-14,2026-01-13 17:29:00,2026-01-14 08:18:00,2026-01-14 10:09:10,2026-01-14
186871,2026-01-13 17:30:00,1,2026-01-14,822,2026-01-14 10:11:43,14 ene,,2026-01-14,2026-01-14,2026-01-14,2026-01-14,2026-01-13 17:30:00,2026-01-14 08:22:00,2026-01-14 10:11:43,2026-01-14
186872,2026-01-14 08:39:00,2,2026-01-14,1358,2026-01-14 14:54:40,14 ene,,2026-01-14,2026-01-15,2026-01-15,2026-01-14,2026-01-14 08:39:00,2026-01-14 13:58:00,2026-01-14 14:54:40,2026-01-14
186873,2026-01-14 08:39:00,14,2026-01-15,1000,2026-01-15 10:53:37,15-01-26,,2026-01-14,2026-01-15,2026-01-15,,2026-01-14 08:39:00,2026-01-15 10:00:00,2026-01-15 10:53:37,
186874,2026-01-14 08:42:00,1,2026-01-14,1024,2026-01-14 11:04:48,14 ene,,2026-01-14,2026-01-14,2026-01-14,2026-01-14,2026-01-14 08:42:00,2026-01-14 10:24:00,2026-01-14 11:04:48,2026-01-14
186875,2026-01-14 08:53:00,1,2026-01-14,1358,2026-01-14 14:20:36,14 ene,,2026-01-14,2026-01-15,2026-01-15,2026-01-14,2026-01-14 08:53:00,2026-01-14 13:58:00,2026-01-14 14:20:36,2026-01-14
186876,2026-01-14 08:55:00,2,2026-01-14,1358,2026-01-14 14:41:15,14 ene,,2026-01-14,2026-01-15,2026-01-15,2026-01-14,2026-01-14 08:55:00,2026-01-14 13:58:00,2026-01-14 14:41:15,2026-01-14
186877,2026-01-14 08:59:00,1,2026-01-14,1212,2026-01-14 14:54:05,14 ene,,2026-01-14,2026-01-14,2026-01-15,2026-01-14,2026-01-14 08:59:00,2026-01-14 12:12:00,2026-01-14 14:54:05,2026-01-14
186878,2026-01-14 09:09:00,191,2026-01-16,2121,2026-01-19 17:33:19,19 ene,,2026-01-14,2026-01-17,2026-01-20,2026-01-19,2026-01-14 09:09:00,2026-01-16 21:21:00,2026-01-19 17:33:19,2026-01-19
186879,2026-01-14 09:15:00,1,2026-01-14,1156,2026-01-14 15:57:01,14-01-2026,,2026-01-14,2026-01-14,2026-01-15,2026-01-14,2026-01-14 09:15:00,2026-01-14 11:56:00,2026-01-14 15:57:01,2026-01-14
186880,2026-01-14 09:16:00,5,2026-01-15,1014,2026-01-15 12:02:59,15 ene,,2026-01-14,2026-01-15,2026-01-15,2026-01-15,2026-01-14 09:16:00,2026-01-15 10:14:00,2026-01-15 12:02:59,2026-01-15
186881,2026-01-14 09:16:00,1,2026-01-14,1230,2026-01-14 13:39:36,15 ene,,2026-01-14,2026-01-14,2026-01-15,2026-01-15,2026-01-14 09:16:00,2026-01-14 12:30:00,2026-01-14 13:39:36,2026-01-15
186882,2026-01-14 09:17:00,5,2026-01-14,1458,2026-01-14 15:49:56,15 ene,,2026-01-14,2026-01-15,2026-01-15,2026-01-15,2026-01-14 09:17:00,2026-01-14 14:58:00,2026-01-14 15:49:56,2026-01-15
186883,2026-01-14 09:17:00,1,2026-01-15,926,2026-01-15 14:23:01,16 ene,,2026-01-14,2026-01-15,2026-01-16,2026-01-16,2026-01-14 09:17:00,2026-01-15 09:26:00,2026-01-15 14:23:01,2026-01-16
186884,2026-01-14 09:43:00,1,2026-01-14,1458,2026-01-14 17:27:32,14-01-2026,,2026-01-14,2026-01-15,2026-01-15,2026-01-14,2026-01-14 09:43:00,2026-01-14 14:58:00,2026-01-14 17:27:32,2026-01-14
186885,2026-01-14 09:43:00,9,2026-01-15,928,2026-01-15 09:46:11,16-01-2026,,2026-01-14,2026-01-15,2026-01-15,2026-01-16,2026-01-14 09:43:00,2026-01-15 09:28:00,2026-01-15 09:46:11,2026-01-16
186886,2026-01-14 10:39:00,2,2026-01-14,1604,2026-01-14 16:27:08,15 ene,,2026-01-14,2026-01-15,2026-01-15,2026-01-15,2026-01-14 10:39:00,2026-01-14 16:04:00,2026-01-14 16:27:08,2026-01-15
186887,2026-01-14 10:40:00,2,2026-01-15,1102,2026-01-15 14:35:18,27-01-2026,,2026-01-14,2026-01-15,2026-01-16,2026-01-27,2026-01-14 10:40:00,2026-01-15 11:02:00,2026-01-15 14:35:18,2026-01-27
186888,2026-01-14 10:41:00,2,2026-01-14,1131,2026-01-14 12:57:22,14-01-2026,,2026-01-14,2026-01-14,2026-01-14,2026-01-14,2026-01-14 10:41:00,2026-01-14 11:31:00,2026-01-14 12:57:22,2026-01-14
186889,2026-01-14 10:43:00,1,2026-01-14,1358,2026-01-14 14:58:24,14 ene,,2026-01-14,2026-01-15,2026-01-15,2026-01-14,2026-01-14 10:43:00,2026-01-14 13:58:00,2026-01-14 14:58:24,2026-01-14
186890,2026-01-14 10:43:00,2,2026-01-15,1030,2026-01-15 13:38:41,15 ENE,,2026-01-14,2026-01-15,2026-01-16,2026-01-15,2026-01-14 10:43:00,2026-01-15 10:30:00,2026-01-15 13:38:41,2026-01-15
186891,2026-01-14 10:47:00,1,2026-01-15,1024,2026-01-15 15:24:09,16 ene,,2026-01-14,2026-01-15,2026-01-16,2026-01-16,2026-01-14 10:47:00,2026-01-15 10:24:00,2026-01-15 15:24:09,2026-01-16
186892,2026-01-14 10:47:00,4,2026-01-15,1024,2026-01-15 15:24:09,16 ene,,2026-01-14,2026-01-15,2026-01-16,2026-01-16,2026-01-14 10:47:00,2026-01-15 10:24:00,2026-01-15 15:24:09,2026-01-16
186893,2026-01-14 10:47:00,3,2026-01-15,1016,2026-01-15 15:24:09,16 ene,,2026-01-14,2026-01-15,2026-01-16,2026-01-16,2026-01-14 10:47:00,2026-01-15 10:16:00,2026-01-15 15:24:09,2026-01-16
186894,2026-01-14 11:05:00,1,2026-01-14,1500,2026-01-15 09:06:53,14-01-2026,,2026-01-14,2026-01-15,2026-01-15,2026-01-14,2026-01-14 11:05:00,2026-01-14 15:00:00,2026-01-15 09:06:53,2026-01-14
186895,2026-01-14 11:12:00,2,2026-01-14,1604,2026-01-14 16:17:07,15 ene,,2026-01-14,2026-01-15,2026-01-15,2026-01-15,2026-01-14 11:12:00,2026-01-14 16:04:00,2026-01-14 16:17:07,2026-01-15
186896,2026-01-14 11:12:00,3,2026-01-15,1030,2026-01-15 13:12:33,15 ene,,2026-01-14,2026-01-15,2026-01-16,2026-01-15,2026-01-14 11:12:00,2026-01-15 10:30:00,2026-01-15 13:12:33,2026-01-15
186897,2026-01-14 11:14:00,1,2026-01-14,1606,2026-01-14 16:59:30,15 ene,,2026-01-14,2026-01-15,2026-01-15,2026-01-15,2026-01-14 11:14:00,2026-01-14 16:06:00,2026-01-14 16:59:30,2026-01-15
186898,2026-01-14 11:17:00,4,2026-01-14,1606,2026-01-15 12:47:14,15-01-2026,,2026-01-14,2026-01-15,2026-01-15,2026-01-15,2026-01-14 11:17:00,2026-01-14 16:06:00,2026-01-15 12:47:14,2026-01-15
186899,2026-01-14 11:17:00,2,2026-01-15,1034,2026-01-15 12:40:21,15-01-2026,,2026-01-14,2026-01-15,2026-01-15,2026-01-15,2026-01-14 11:17:00,2026-01-15 10:34:00,2026-01-15 12:40:21,2026-01-15
186900,2026-01-14 11:17:00,4,2026-01-14,1605,2026-01-14 18:56:29,15-01-2026,,2026-01-14,2026-01-15,2026-01-15,2026-01-15,2026-01-14 11:17:00,2026-01-14 16:05:00,2026-01-14 18:56:29,2026-01-15
186901,2026-01-14 11:17:00,5,2026-01-15,1142,2026-01-15 12:32:31,15-01-2026,,2026-01-14,2026-01-15,2026-01-15,2026-01-15,2026-01-14 11:17:00,2026-01-15 11:42:00,2026-01-15 12:32:31,2026-01-15
186902,2026-01-14 11:17:00,2,2026-01-14,1612,2026-01-14 17:06:37,15-01-2026,,2026-01-14,2026-01-15,2026-01-15,2026-01-15,2026-01-14 11:17:00,2026-01-14 16:12:00,2026-01-14 17:06:37,2026-01-15
186903,2026-01-14 11:18:00,2,2026-01-14,1226,2026-01-14 12:33:59,16-01-2026,,2026-01-14,2026-01-14,2026-01-14,2026-01-16,2026-01-14 11:18:00,2026-01-14 12:26:00,2026-01-14 12:33:59,2026-01-16
186904,2026-01-14 11:28:00,1,2026-01-14,1612,2026-01-14 16:50:42,15 ene,,2026-01-14,2026-01-15,2026-01-15,2026-01-15,2026-01-14 11:28:00,2026-01-14 16:12:00,2026-01-14 16:50:42,2026-01-15
186905,2026-01-14 11:29:00,2,2026-01-14,1611,2026-01-14 16:51:50,15 ene,,2026-01-14,2026-01-15,2026-01-15,2026-01-15,2026-01-14 11:29:00,2026-01-14 16:11:00,2026-01-14 16:51:50,2026-01-15
186906,2026-01-14 11:30:00,3,2026-01-14,1208,2026-01-14 12:12:21,14-01-2026,,2026-01-14,2026-01-14,2026-01-14,2026-01-14,2026-01-14 11:30:00,2026-01-14 12:08:00,2026-01-14 12:12:21,2026-01-14
186907,2026-01-14 11:31:00,12,2026-01-14,1706,2026-01-15 12:02:06,15 ene,,2026-01-14,2026-01-15,2026-01-15,2026-01-15,2026-01-14 11:31:00,2026-01-14 17:06:00,2026-01-15 12:02:06,2026-01-15
186908,2026-01-14 11:39:00,21,2026-01-15,1434,2026-01-15 15:14:24,16 ene,,2026-01-14,2026-01-16,2026-01-16,2026-01-16,2026-01-14 11:39:00,2026-01-15 14:34:00,2026-01-15 15:14:24,2026-01-16
186909,2026-01-14 11:44:00,17,2026-01-15,1434,2026-01-15 16:29:39,16-01-2026,,2026-01-14,2026-01-16,2026-01-16,2026-01-16,2026-01-14 11:44:00,2026-01-15 14:34:00,2026-01-15 16:29:39,2026-01-16
186910,2026-01-14 11:55:00,2,2026-01-14,1712,2026-01-14 17:19:03,15 ene,,2026-01-14,2026-01-15,2026-01-15,2026-01-15,2026-01-14 11:55:00,2026-01-14 17:12:00,2026-01-14 17:19:03,2026-01-15
186911,2026-01-14 12:10:00,1,2026-01-14,1302,2026-01-14 13:44:19,14 ene,,2026-01-14,2026-01-14,2026-01-15,2026-01-14,2026-01-14 12:10:00,2026-01-14 13:02:00,2026-01-14 13:44:19,2026-01-14
186912,2026-01-14 12:13:00,1,2026-01-15,1000,2026-01-15 10:06:18,16-01-2026,,2026-01-14,2026-01-15,2026-01-15,2026-01-16,2026-01-14 12:13:00,2026-01-15 10:00:00,2026-01-15 10:06:18,2026-01-16
186913,2026-01-14 12:13:00,5,2026-01-15,1206,2026-01-15 13:31:27,16-01-2026,,2026-01-14,2026-01-15,2026-01-16,2026-01-16,2026-01-14 12:13:00,2026-01-15 12:06:00,2026-01-15 13:31:27,2026-01-16
186914,2026-01-14 12:15:00,1,2026-01-14,1502,2026-01-14 15:32:39,14 ene,,2026-01-14,2026-01-15,2026-01-15,2026-01-14,2026-01-14 12:15:00,2026-01-14 15:02:00,2026-01-14 15:32:39,2026-01-14
186915,2026-01-14 12:15:00,1,2026-01-14,1616,2026-01-14 16:38:38,15 ene,,2026-01-14,2026-01-15,2026-01-15,2026-01-15,2026-01-14 12:15:00,2026-01-14 16:16:00,2026-01-14 16:38:38,2026-01-15
186916,2026-01-14 12:15:00,1,2026-01-14,1706,2026-01-14 17:10:57,15 ene,,2026-01-14,2026-01-15,2026-01-15,2026-01-15,2026-01-14 12:15:00,2026-01-14 17:06:00,2026-01-14 17:10:57,2026-01-15
186917,2026-01-14 12:19:00,12,2026-01-15,1435,2026-01-15 15:40:34,16 ene,,2026-01-14,2026-01-16,2026-01-16,2026-01-16,2026-01-14 12:19:00,2026-01-15 14:35:00,2026-01-15 15:40:34,2026-01-16
186918,2026-01-14 13:35:00,2,2026-01-15,1002,2026-01-15 16:22:29,15 ENE,,2026-01-15,2026-01-15,2026-01-16,2026-01-15,2026-01-14 13:35:00,2026-01-15 10:02:00,2026-01-15 16:22:29,2026-01-15
186919,2026-01-14 13:35:00,1,2026-01-15,1142,2026-01-15 16:06:58,15 ENE,,2026-01-15,2026-01-15,2026-01-16,2026-01-15,2026-01-14 13:35:00,2026-01-15 11:42:00,2026-01-15 16:06:58,2026-01-15
186920,2026-01-14 13:35:00,1,2026-01-15,914,2026-01-15 11:45:13,15 ene,,2026-01-15,2026-01-15,2026-01-15,2026-01-15,2026-01-14 13:35:00,2026-01-15 09:14:00,2026-01-15 11:45:13,2026-01-15
186921,2026-01-14 13:36:00,1,2026-01-15,914,2026-01-15 12:46:21,15 ene,,2026-01-15,2026-01-15,2026-01-15,2026-01-15,2026-01-14 13:36:00,2026-01-15 09:14:00,2026-01-15 12:46:21,2026-01-15
186922,2026-01-14 13:36:00,1,2026-01-14,2134,2026-01-15 13:20:06,15 ene,,2026-01-15,2026-01-15,2026-01-16,2026-01-15,2026-01-14 13:36:00,2026-01-14 21:34:00,2026-01-15 13:20:06,2026-01-15
186923,2026-01-14 13:37:00,1,2026-01-15,912,2026-01-15 10:01:07,16-01-2026,,2026-01-15,2026-01-15,2026-01-15,2026-01-16,2026-01-14 13:37:00,2026-01-15 09:12:00,2026-01-15 10:01:07,2026-01-16
186924,2026-01-14 13:37:00,1,2026-01-15,928,2026-01-15 10:11:26,16-01-2026,,2026-01-15,2026-01-15,2026-01-15,2026-01-16,2026-01-14 13:37:00,2026-01-15 09:28:00,2026-01-15 10:11:26,2026-01-16
186925,2026-01-14 14:01:00,8,2026-01-16,943,2026-01-16 14:21:03,16 ene,,2026-01-15,2026-01-16,2026-01-17,2026-01-16,2026-01-14 14:01:00,2026-01-16 09:43:00,2026-01-16 14:21:03,2026-01-16
186926,2026-01-14 14:29:00,3,2026-01-15,934,2026-01-15 13:43:33,15 ene,,2026-01-15,2026-01-15,2026-01-16,2026-01-15,2026-01-14 14:29:00,2026-01-15 09:34:00,2026-01-15 13:43:33,2026-01-15
186927,2026-01-14 14:34:00,2,2026-01-15,948,2026-01-15 09:50:16,15-01-2026,,2026-01-15,2026-01-15,2026-01-15,2026-01-15,2026-01-14 14:34:00,2026-01-15 09:48:00,2026-01-15 09:50:16,2026-01-15
186928,2026-01-14 14:38:00,5,2026-01-15,1000,2026-01-15 14:09:53,15 ene,,2026-01-15,2026-01-15,2026-01-16,2026-01-15,2026-01-14 14:38:00,2026-01-15 10:00:00,2026-01-15 14:09:53,2026-01-15
186929,2026-01-14 15:17:00,1,2026-01-14,2130,2026-01-15 09:39:10,16-01-2026,,2026-01-15,2026-01-15,2026-01-15,2026-01-16,2026-01-14 15:17:00,2026-01-14 21:30:00,2026-01-15 09:39:10,2026-01-16
186930,2026-01-14 15:27:00,9,2026-01-15,1446,2026-01-15 16:04:55,,,2026-01-15,2026-01-16,2026-01-16,,2026-01-14 15:27:00,2026-01-15 14:46:00,2026-01-15 16:04:55,
186931,2026-01-14 15:27:00,1,2026-01-15,1000,2026-01-15 10:03:23,16-01-2026,,2026-01-15,2026-01-15,2026-01-15,2026-01-16,2026-01-14 15:27:00,2026-01-15 10:00:00,2026-01-15 10:03:23,2026-01-16
186932,2026-01-14 15:53:00,4,2026-01-15,1206,2026-01-15 14:36:11,15-01-2026,,2026-01-15,2026-01-15,2026-01-16,2026-01-15,2026-01-14 15:53:00,2026-01-15 12:06:00,2026-01-15 14:36:11,2026-01-15
186933,2026-01-14 15:57:00,5,2026-01-15,1044,2026-01-15 12:31:09,15 ene,,2026-01-15,2026-01-15,2026-01-15,2026-01-15,2026-01-14 15:57:00,2026-01-15 10:44:00,2026-01-15 12:31:09,2026-01-15
186934,2026-01-14 15:58:00,1,2026-01-14,1950,2026-01-16 10:49:42,16 ene,,2026-01-15,2026-01-15,2026-01-16,2026-01-16,2026-01-14 15:58:00,2026-01-14 19:50:00,2026-01-16 10:49:42,2026-01-16
186935,2026-01-14 16:01:00,1,2026-01-14,2126,2026-01-15 10:32:34,16 ene,,2026-01-15,2026-01-15,2026-01-15,2026-01-16,2026-01-14 16:01:00,2026-01-14 21:26:00,2026-01-15 10:32:34,2026-01-16
186936,2026-01-14 17:06:00,16,2026-01-16,1354,2026-01-16 16:51:20,16 ene,,2026-01-15,2026-01-17,2026-01-17,2026-01-16,2026-01-14 17:06:00,2026-01-16 13:54:00,2026-01-16 16:51:20,2026-01-16
186937,2026-01-14 17:08:00,107,2026-01-28,2044,2026-01-28 21:24:55,28 ene,,2026-01-15,2026-01-29,2026-01-29,2026-01-28,2026-01-14 17:08:00,2026-01-28 20:44:00,2026-01-28 21:24:55,2026-01-28
186938,2026-01-14 17:13:00,170,2026-01-19,2131,2026-01-20 15:55:12,20 ENE,,2026-01-15,2026-01-20,2026-01-21,2026-01-20,2026-01-14 17:13:00,2026-01-19 21:31:00,2026-01-20 15:55:12,2026-01-20
186939,2026-01-15 09:21:00,4,2026-01-15,1202,2026-01-15 14:06:01,16-01-2026,,2026-01-15,2026-01-15,2026-01-16,2026-01-16,2026-01-15 09:21:00,2026-01-15 12:02:00,2026-01-15 14:06:01,2026-01-16
186940,2026-01-15 09:26:00,17,2026-01-16,942,2026-01-16 11:55:34,16 ene,,2026-01-15,2026-01-16,2026-01-16,2026-01-16,2026-01-15 09:26:00,2026-01-16 09:42:00,2026-01-16 11:55:34,2026-01-16
186941,2026-01-15 09:26:00,1,2026-01-15,1014,2026-01-15 11:07:10,15 ene,,2026-01-15,2026-01-15,2026-01-15,2026-01-15,2026-01-15 09:26:00,2026-01-15 10:14:00,2026-01-15 11:07:10,2026-01-15
186942,2026-01-15 09:28:00,3,2026-01-15,1044,2026-01-15 11:01:22,16 ene,,2026-01-15,2026-01-15,2026-01-15,2026-01-16,2026-01-15 09:28:00,2026-01-15 10:44:00,2026-01-15 11:01:22,2026-01-16
186943,2026-01-15 09:31:00,3,2026-01-16,836,2026-01-16 08:44:25,19-01-2026,,2026-01-15,2026-01-16,2026-01-16,2026-01-19,2026-01-15 09:31:00,2026-01-16 08:36:00,2026-01-16 08:44:25,2026-01-19
186944,2026-01-15 09:40:00,1,2026-01-15,1006,2026-01-15 11:08:40,15-01-2026,,2026-01-15,2026-01-15,2026-01-15,2026-01-15,2026-01-15 09:40:00,2026-01-15 10:06:00,2026-01-15 11:08:40,2026-01-15
186945,2026-01-15 09:47:00,1,2026-01-15,1142,2026-01-15 12:38:04,15 ene,,2026-01-15,2026-01-15,2026-01-15,2026-01-15,2026-01-15 09:47:00,2026-01-15 11:42:00,2026-01-15 12:38:04,2026-01-15
186946,2026-01-15 10:31:00,1,2026-01-15,1142,2026-01-15 12:06:28,26-01-2026,,2026-01-15,2026-01-15,2026-01-15,2026-01-26,2026-01-15 10:31:00,2026-01-15 11:42:00,2026-01-15 12:06:28,2026-01-26
186947,2026-01-15 10:31:00,1,2026-01-15,1204,2026-01-15 14:15:40,15-01-2026,,2026-01-15,2026-01-15,2026-01-16,2026-01-15,2026-01-15 10:31:00,2026-01-15 12:04:00,2026-01-15 14:15:40,2026-01-15
186948,2026-01-15 10:58:00,4,2026-01-15,1434,2026-01-15 16:14:35,15 ENE,,2026-01-15,2026-01-16,2026-01-16,2026-01-15,2026-01-15 10:58:00,2026-01-15 14:34:00,2026-01-15 16:14:35,2026-01-15
186949,2026-01-15 10:58:00,1,2026-01-15,1230,2026-01-15 13:01:13,16-01-2026,,2026-01-15,2026-01-15,2026-01-15,2026-01-16,2026-01-15 10:58:00,2026-01-15 12:30:00,2026-01-15 13:01:13,2026-01-16
186950,2026-01-15 11:00:00,1,2026-01-15,1432,2026-01-15 14:53:22,15 ENE,,2026-01-15,2026-01-16,2026-01-16,2026-01-15,2026-01-15 11:00:00,2026-01-15 14:32:00,2026-01-15 14:53:22,2026-01-15
186951,2026-01-15 11:00:00,2,2026-01-15,1432,2026-01-15 15:09:02,15 ENE,,2026-01-15,2026-01-16,2026-01-16,2026-01-15,2026-01-15 11:00:00,2026-01-15 14:32:00,2026-01-15 15:09:02,2026-01-15
186952,2026-01-15 11:02:00,2,2026-01-15,1432,2026-01-15 14:48:23,15 ENE,,2026-01-15,2026-01-16,2026-01-16,2026-01-15,2026-01-15 11:02:00,2026-01-15 14:32:00,2026-01-15 14:48:23,2026-01-15
186953,2026-01-15 11:03:00,3,2026-01-15,1432,2026-01-15 16:01:48,15 ENE,,2026-01-15,2026-01-16,2026-01-16,2026-01-15,2026-01-15 11:03:00,2026-01-15 14:32:00,2026-01-15 16:01:48,2026-01-15
186954,2026-01-15 11:04:00,4,2026-01-15,1446,2026-01-15 15:26:05,15 ENE,,2026-01-15,2026-01-16,2026-01-16,2026-01-15,2026-01-15 11:04:00,2026-01-15 14:46:00,2026-01-15 15:26:05,2026-01-15
186955,2026-01-15 11:06:00,1,2026-01-15,1202,2026-01-15 13:17:43,15-01-2026,,2026-01-15,2026-01-15,2026-01-16,2026-01-15,2026-01-15 11:06:00,2026-01-15 12:02:00,2026-01-15 13:17:43,2026-01-15
186956,2026-01-15 11:07:00,2,2026-01-15,1430,2026-01-15 15:32:29,15 ENE,,2026-01-15,2026-01-16,2026-01-16,2026-01-15,2026-01-15 11:07:00,2026-01-15 14:30:00,2026-01-15 15:32:29,2026-01-15
186957,2026-01-15 11:07:00,1,2026-01-15,1430,2026-01-15 14:43:37,15 ENE,,2026-01-15,2026-01-16,2026-01-16,2026-01-15,2026-01-15 11:07:00,2026-01-15 14:30:00,2026-01-15 14:43:37,2026-01-15
186958,2026-01-15 11:08:00,1,2026-01-15,1430,2026-01-15 14:44:32,15 ENE,,2026-01-15,2026-01-16,2026-01-16,2026-01-15,2026-01-15 11:08:00,2026-01-15 14:30:00,2026-01-15 14:44:32,2026-01-15
186959,2026-01-15 11:11:00,11,2026-01-16,1025,2026-01-19 09:22:15,16-01-2026,,2026-01-15,2026-01-16,2026-01-19,2026-01-16,2026-01-15 11:11:00,2026-01-16 10:25:00,2026-01-19 09:22:15,2026-01-16
186960,2026-01-15 11:17:00,21,2026-01-16,942,2026-01-16 12:48:03,16-01-2026,,2026-01-15,2026-01-16,2026-01-16,2026-01-16,2026-01-15 11:17:00,2026-01-16 09:42:00,2026-01-16 12:48:03,2026-01-16
186961,2026-01-15 11:21:00,30,,,,,,2026-01-15,,,,2026-01-15 11:21:00,,,
186962,2026-01-15 11:25:00,9,2026-01-15,1718,2026-01-16 08:35:33,16 ene,,2026-01-15,2026-01-16,2026-01-16,2026-01-16,2026-01-15 11:25:00,2026-01-15 17:18:00,2026-01-16 08:35:33,2026-01-16
186963,2026-01-15 11:26:00,3,2026-01-15,1614,2026-01-15 17:00:50,15 ENE,,2026-01-15,2026-01-16,2026-01-16,2026-01-15,2026-01-15 11:26:00,2026-01-15 16:14:00,2026-01-15 17:00:50,2026-01-15
186964,2026-01-15 11:28:00,1,2026-01-15,1446,2026-01-15 16:22:11,16-01-2026,,2026-01-15,2026-01-16,2026-01-16,2026-01-16,2026-01-15 11:28:00,2026-01-15 14:46:00,2026-01-15 16:22:11,2026-01-16
186965,2026-01-15 11:49:00,17,2026-01-16,946,2026-01-16 10:41:27,16 ene,,2026-01-15,2026-01-16,2026-01-16,2026-01-16,2026-01-15 11:49:00,2026-01-16 09:46:00,2026-01-16 10:41:27,2026-01-16
186966,2026-01-15 11:49:00,11,2026-01-15,1718,2026-01-16 08:20:30,16 ene,,2026-01-15,2026-01-16,2026-01-16,2026-01-16,2026-01-15 11:49:00,2026-01-15 17:18:00,2026-01-16 08:20:30,2026-01-16
186967,2026-01-15 11:49:00,3,2026-01-16,836,2026-01-16 08:54:35,16-01-2026,,2026-01-15,2026-01-16,2026-01-16,2026-01-16,2026-01-15 11:49:00,2026-01-16 08:36:00,2026-01-16 08:54:35,2026-01-16
186968,2026-01-15 12:02:00,31,2026-01-16,1024,2026-01-16 10:59:07,16-01-2026,,2026-01-15,2026-01-16,2026-01-16,2026-01-16,2026-01-15 12:02:00,2026-01-16 10:24:00,2026-01-16 10:59:07,2026-01-16
186969,2026-01-15 12:04:00,1,,,,,,2026-01-15,,,,2026-01-15 12:04:00,,,
186970,2026-01-15 12:33:00,1,2026-01-15,1602,2026-01-15 16:16:04,15 ENE,,2026-01-15,2026-01-16,2026-01-16,2026-01-15,2026-01-15 12:33:00,2026-01-15 16:02:00,2026-01-15 16:16:04,2026-01-15
186971,2026-01-15 12:35:00,4,2026-01-15,1718,2026-01-15 17:27:20,15 ENE,,2026-01-15,2026-01-16,2026-01-16,2026-01-15,2026-01-15 12:35:00,2026-01-15 17:18:00,2026-01-15 17:27:20,2026-01-15
186972,2026-01-15 12:37:00,3,2026-01-16,1240,2026-01-16 15:35:33,19 ene,,2026-01-15,2026-01-16,2026-01-17,2026-01-19,2026-01-15 12:37:00,2026-01-16 12:40:00,2026-01-16 15:35:33,2026-01-19
186973,2026-01-15 12:41:00,4,2026-01-15,1736,2026-01-16 08:22:53,16-01-2026,,2026-01-15,2026-01-16,2026-01-16,2026-01-16,2026-01-15 12:41:00,2026-01-15 17:36:00,2026-01-16 08:22:53,2026-01-16
186974,2026-01-15 12:41:00,1,2026-01-15,1514,2026-01-15 16:20:44,16-01-2026,,2026-01-15,2026-01-16,2026-01-16,2026-01-16,2026-01-15 12:41:00,2026-01-15 15:14:00,2026-01-15 16:20:44,2026-01-16
186975,2026-01-15 12:49:00,9,2026-01-16,836,2026-01-16 08:52:10,16 ene,,2026-01-15,2026-01-16,2026-01-16,2026-01-16,2026-01-15 12:49:00,2026-01-16 08:36:00,2026-01-16 08:52:10,2026-01-16
186976,2026-01-15 13:29:00,23,,,,,,2026-01-16,,,,2026-01-15 13:29:00,,,
186977,2026-01-15 14:23:00,1,2026-01-15,2038,2026-01-16 08:31:09,16 ene,,2026-01-16,2026-01-16,2026-01-16,2026-01-16,2026-01-15 14:23:00,2026-01-15 20:38:00,2026-01-16 08:31:09,2026-01-16
186978,2026-01-15 14:23:00,1,2026-01-15,2038,2026-01-16 08:23:25,16 ene,,2026-01-16,2026-01-16,2026-01-16,2026-01-16,2026-01-15 14:23:00,2026-01-15 20:38:00,2026-01-16 08:23:25,2026-01-16
186979,2026-01-15 14:24:00,1,2026-01-15,2038,2026-01-16 08:44:17,16 ene,,2026-01-16,2026-01-16,2026-01-16,2026-01-16,2026-01-15 14:24:00,2026-01-15 20:38:00,2026-01-16 08:44:17,2026-01-16
186980,2026-01-15 14:27:00,1,2026-01-15,1428,,,,2026-01-16,2026-01-16,,,2026-01-15 14:27:00,2026-01-15 14:28:00,,
186981,2026-01-15 14:29:00,1,2026-01-16,842,2026-01-16 08:56:53,16 ene,,2026-01-16,2026-01-16,2026-01-16,2026-01-16,2026-01-15 14:29:00,2026-01-16 08:42:00,2026-01-16 08:56:53,2026-01-16
186982,2026-01-15 14:32:00,1,2026-01-15,1432,,,,2026-01-16,2026-01-16,,,2026-01-15 14:32:00,2026-01-15 14:32:00,,
186983,2026-01-15 14:56:00,1,2026-01-15,1514,2026-01-15 16:42:35,,,2026-01-16,2026-01-16,2026-01-16,,2026-01-15 14:56:00,2026-01-15 15:14:00,2026-01-15 16:42:35,
186984,2026-01-15 15:04:00,9,2026-01-16,943,2026-01-16 12:08:14,16 ene,,2026-01-16,2026-01-16,2026-01-16,2026-01-16,2026-01-15 15:04:00,2026-01-16 09:43:00,2026-01-16 12:08:14,2026-01-16
186985,2026-01-15 16:59:00,4,2026-01-16,842,2026-01-16 09:02:16,16 ene,,2026-01-16,2026-01-16,2026-01-16,2026-01-16,2026-01-15 16:59:00,2026-01-16 08:42:00,2026-01-16 09:02:16,2026-01-16
186986,2026-01-15 17:00:00,23,2026-01-16,1206,2026-01-16 14:29:01,16 ene,,2026-01-16,2026-01-16,2026-01-17,2026-01-16,2026-01-15 17:00:00,2026-01-16 12:06:00,2026-01-16 14:29:01,2026-01-16
186987,2026-01-15 17:13:00,7,2026-01-16,946,2026-01-16 10:54:06,16 ene,,2026-01-16,2026-01-16,2026-01-16,2026-01-16,2026-01-15 17:13:00,2026-01-16 09:46:00,2026-01-16 10:54:06,2026-01-16
186988,2026-01-15 17:13:00,8,2026-01-16,1116,2026-01-16 16:46:13,19 ene,,2026-01-16,2026-01-16,2026-01-17,2026-01-19,2026-01-15 17:13:00,2026-01-16 11:16:00,2026-01-16 16:46:13,2026-01-19
186989,2026-01-15 17:13:00,14,2026-01-16,1052,2026-01-16 11:22:07,16 ene,,2026-01-16,2026-01-16,2026-01-16,2026-01-16,2026-01-15 17:13:00,2026-01-16 10:52:00,2026-01-16 11:22:07,2026-01-16
186990,2026-01-15 17:13:00,5,2026-01-16,1150,2026-01-16 12:50:37,16 ene,,2026-01-16,2026-01-16,2026-01-16,2026-01-16,2026-01-15 17:13:00,2026-01-16 11:50:00,2026-01-16 12:50:37,2026-01-16
186991,2026-01-15 17:13:00,3,2026-01-16,1054,2026-01-16 11:10:14,16 ene,,2026-01-16,2026-01-16,2026-01-16,2026-01-16,2026-01-15 17:13:00,2026-01-16 10:54:00,2026-01-16 11:10:14,2026-01-16
186992,2026-01-15 17:15:00,5,2026-01-16,1150,2026-01-16 16:28:07,19 ene,,2026-01-16,2026-01-16,2026-01-17,2026-01-19,2026-01-15 17:15:00,2026-01-16 11:50:00,2026-01-16 16:28:07,2026-01-19
186993,2026-01-15 17:15:00,4,2026-01-16,1318,2026-01-16 16:02:15,19 ene,,2026-01-16,2026-01-17,2026-01-17,2026-01-19,2026-01-15 17:15:00,2026-01-16 13:18:00,2026-01-16 16:02:15,2026-01-19
186994,2026-01-15 17:15:00,3,2026-01-16,1207,2026-01-16 16:17:04,19 ene,,2026-01-16,2026-01-16,2026-01-17,2026-01-19,2026-01-15 17:15:00,2026-01-16 12:07:00,2026-01-16 16:17:04,2026-01-19
186995,2026-01-15 17:15:00,2,2026-01-16,1256,2026-01-19 10:55:04,19 ene,,2026-01-16,2026-01-16,2026-01-19,2026-01-19,2026-01-15 17:15:00,2026-01-16 12:56:00,2026-01-19 10:55:04,2026-01-19
186996,2026-01-15 17:15:00,7,2026-01-16,1254,2026-01-16 14:19:32,16 ene,,2026-01-16,2026-01-16,2026-01-17,2026-01-16,2026-01-15 17:15:00,2026-01-16 12:54:00,2026-01-16 14:19:32,2026-01-16
186997,2026-01-15 17:15:00,1,2026-01-16,1052,2026-01-16 11:10:14,16 ene,,2026-01-16,2026-01-16,2026-01-16,2026-01-16,2026-01-15 17:15:00,2026-01-16 10:52:00,2026-01-16 11:10:14,2026-01-16
186998,2026-01-15 17:15:00,9,2026-01-16,1150,2026-01-16 16:45:03,19 ene,,2026-01-16,2026-01-16,2026-01-17,2026-01-19,2026-01-15 17:15:00,2026-01-16 11:50:00,2026-01-16 16:45:03,2026-01-19
186999,2026-01-15 17:16:00,4,2026-01-16,1208,2026-01-16 16:09:28,19 ene,,2026-01-16,2026-01-16,2026-01-17,2026-01-19,2026-01-15 17:16:00,2026-01-16 12:08:00,2026-01-16 16:09:28,2026-01-19
187000,2026-01-15 17:16:00,1,2026-01-16,1206,2026-01-16 16:12:46,19 ene,,2026-01-16,2026-01-16,2026-01-17,2026-01-19,2026-01-15 17:16:00,2026-01-16 12:06:00,2026-01-16 16:12:46,2026-01-19
187001,2026-01-15 17:16:00,6,2026-01-16,1120,2026-01-16 12:22:32,16 ene,,2026-01-16,2026-01-16,2026-01-16,2026-01-16,2026-01-15 17:16:00,2026-01-16 11:20:00,2026-01-16 12:22:32,2026-01-16
187002,2026-01-15 17:17:00,1,2026-01-16,1438,2026-01-19 10:27:08,19 ene,,2026-01-16,2026-01-17,2026-01-19,2026-01-19,2026-01-15 17:17:00,2026-01-16 14:38:00,2026-01-19 10:27:08,2026-01-19
187003,2026-01-16 08:22:00,2,2026-01-16,1342,2026-01-16 14:43:42,16 ene,,2026-01-16,2026-01-17,2026-01-17,2026-01-16,2026-01-16 08:22:00,2026-01-16 13:42:00,2026-01-16 14:43:42,2026-01-16
187004,2026-01-16 08:22:00,7,2026-01-16,1408,2026-01-16 14:48:13,16 en e,,2026-01-16,2026-01-17,2026-01-17,,2026-01-16 08:22:00,2026-01-16 14:08:00,2026-01-16 14:48:13,
187005,2026-01-16 08:23:00,3,2026-01-16,1342,2026-01-19 09:28:16,16 ene 2026,,2026-01-16,2026-01-17,2026-01-19,2026-01-16,2026-01-16 08:23:00,2026-01-16 13:42:00,2026-01-19 09:28:16,2026-01-16
187006,2026-01-16 08:23:00,1,2026-01-16,1342,2026-01-16 14:29:10,16 ene,,2026-01-16,2026-01-17,2026-01-17,2026-01-16,2026-01-16 08:23:00,2026-01-16 13:42:00,2026-01-16 14:29:10,2026-01-16
187007,2026-01-16 08:23:00,1,2026-01-16,1552,2026-01-19 10:30:36,19 ene,,2026-01-16,2026-01-17,2026-01-19,2026-01-19,2026-01-16 08:23:00,2026-01-16 15:52:00,2026-01-19 10:30:36,2026-01-19
187008,2026-01-16 08:39:00,1,2026-01-16,1348,2026-01-16 17:00:51,19 ene,,2026-01-16,2026-01-17,2026-01-17,2026-01-19,2026-01-16 08:39:00,2026-01-16 13:48:00,2026-01-16 17:00:51,2026-01-19
187009,2026-01-16 08:39:00,1,2026-01-16,1414,2026-01-16 17:13:05,19 ene,,2026-01-16,2026-01-17,2026-01-17,2026-01-19,2026-01-16 08:39:00,2026-01-16 14:14:00,2026-01-16 17:13:05,2026-01-19
187010,2026-01-16 08:39:00,1,2026-01-16,1408,2026-01-16 16:36:01,19 ene,,2026-01-16,2026-01-17,2026-01-17,2026-01-19,2026-01-16 08:39:00,2026-01-16 14:08:00,2026-01-16 16:36:01,2026-01-19
187011,2026-01-16 08:39:00,1,2026-01-16,1438,2026-01-16 17:10:59,19 ene,,2026-01-16,2026-01-17,2026-01-17,2026-01-19,2026-01-16 08:39:00,2026-01-16 14:38:00,2026-01-16 17:10:59,2026-01-19
187012,2026-01-16 08:40:00,2,2026-01-16,1456,2026-01-16 17:16:18,19 ene,,2026-01-16,2026-01-17,2026-01-17,2026-01-19,2026-01-16 08:40:00,2026-01-16 14:56:00,2026-01-16 17:16:18,2026-01-19
187013,2026-01-16 10:03:00,21,2026-01-16,1706,2026-01-19 10:18:07,19 ene,,2026-01-16,2026-01-17,2026-01-19,2026-01-19,2026-01-16 10:03:00,2026-01-16 17:06:00,2026-01-19 10:18:07,2026-01-19
187014,2026-01-16 10:14:00,6,2026-01-16,1440,2026-01-16 15:34:12,19 ene,,2026-01-16,2026-01-17,2026-01-17,2026-01-19,2026-01-16 10:14:00,2026-01-16 14:40:00,2026-01-16 15:34:12,2026-01-19
187015,2026-01-16 10:17:00,1,2026-01-16,1438,2026-01-16 14:58:11,16 ene,,2026-01-16,2026-01-17,2026-01-17,2026-01-16,2026-01-16 10:17:00,2026-01-16 14:38:00,2026-01-16 14:58:11,2026-01-16
187016,2026-01-16 10:17:00,1,2026-01-16,1514,2026-01-16 15:36:50,19 ene,,2026-01-16,2026-01-17,2026-01-17,2026-01-19,2026-01-16 10:17:00,2026-01-16 15:14:00,2026-01-16 15:36:50,2026-01-19
187017,2026-01-16 10:17:00,1,2026-01-16,1448,2026-01-16 15:59:24,19 ene,,2026-01-16,2026-01-17,2026-01-17,2026-01-19,2026-01-16 10:17:00,2026-01-16 14:48:00,2026-01-16 15:59:24,2026-01-19
187018,2026-01-16 10:17:00,1,2026-01-16,1514,2026-01-16 16:28:29,19 ene,,2026-01-16,2026-01-17,2026-01-17,2026-01-19,2026-01-16 10:17:00,2026-01-16 15:14:00,2026-01-16 16:28:29,2026-01-19
187019,2026-01-16 10:18:00,3,2026-01-16,1442,2026-01-16 15:04:04,16 ene,,2026-01-16,2026-01-17,2026-01-17,2026-01-16,2026-01-16 10:18:00,2026-01-16 14:42:00,2026-01-16 15:04:04,2026-01-16
187020,2026-01-16 10:20:00,28,2026-01-19,920,2026-01-19 10:03:16,19-01-2026,,2026-01-16,2026-01-19,2026-01-19,2026-01-19,2026-01-16 10:20:00,2026-01-19 09:20:00,2026-01-19 10:03:16,2026-01-19
187021,2026-01-16 10:22:00,16,2026-01-16,1748,2026-01-19 08:31:22,19-01-2026,,2026-01-16,2026-01-17,2026-01-19,2026-01-19,2026-01-16 10:22:00,2026-01-16 17:48:00,2026-01-19 08:31:22,2026-01-19
187022,2026-01-16 10:22:00,1,2026-01-16,1458,2026-01-19 09:54:54,19-01-2026,,2026-01-16,2026-01-17,2026-01-19,2026-01-19,2026-01-16 10:22:00,2026-01-16 14:58:00,2026-01-19 09:54:54,2026-01-19
187023,2026-01-16 10:22:00,1,2026-01-16,1438,2026-01-19 08:12:45,19-01-2026,,2026-01-16,2026-01-17,2026-01-19,2026-01-19,2026-01-16 10:22:00,2026-01-16 14:38:00,2026-01-19 08:12:45,2026-01-19
187024,2026-01-16 10:22:00,5,2026-01-16,1442,2026-01-19 08:59:19,19-01-2026,,2026-01-16,2026-01-17,2026-01-19,2026-01-19,2026-01-16 10:22:00,2026-01-16 14:42:00,2026-01-19 08:59:19,2026-01-19
187025,2026-01-16 10:22:00,14,2026-01-16,2120,2026-01-19 09:15:34,19-01-2026,,2026-01-16,2026-01-17,2026-01-19,2026-01-19,2026-01-16 10:22:00,2026-01-16 21:20:00,2026-01-19 09:15:34,2026-01-19
187026,2026-01-16 10:23:00,11,2026-01-16,1552,2026-01-19 08:46:55,19-01-2026,,2026-01-16,2026-01-17,2026-01-19,2026-01-19,2026-01-16 10:23:00,2026-01-16 15:52:00,2026-01-19 08:46:55,2026-01-19
187027,2026-01-16 10:23:00,1,2026-01-16,1410,2026-01-16 15:42:46,19-01-2026,,2026-01-16,2026-01-17,2026-01-17,2026-01-19,2026-01-16 10:23:00,2026-01-16 14:10:00,2026-01-16 15:42:46,2026-01-19
187028,2026-01-16 10:23:00,1,2026-01-16,1318,2026-01-16 13:48:51,16 ene,,2026-01-16,2026-01-17,2026-01-17,2026-01-16,2026-01-16 10:23:00,2026-01-16 13:18:00,2026-01-16 13:48:51,2026-01-16
187029,2026-01-16 10:23:00,1,2026-01-16,1544,2026-01-19 09:06:01,19-01-2026,,2026-01-16,2026-01-17,2026-01-19,2026-01-19,2026-01-16 10:23:00,2026-01-16 15:44:00,2026-01-19 09:06:01,2026-01-19
187030,2026-01-16 10:23:00,6,2026-01-16,1630,2026-01-19 09:25:27,19-01-2026,,2026-01-16,2026-01-17,2026-01-19,2026-01-19,2026-01-16 10:23:00,2026-01-16 16:30:00,2026-01-19 09:25:27,2026-01-19
187031,2026-01-16 10:30:00,1,2026-01-16,1514,2026-01-19 10:19:04,19 ene,,2026-01-16,2026-01-17,2026-01-19,2026-01-19,2026-01-16 10:30:00,2026-01-16 15:14:00,2026-01-19 10:19:04,2026-01-19
187032,2026-01-16 10:37:00,1,2026-01-16,1116,2026-01-16 11:29:32,16-01-2026,,2026-01-16,2026-01-16,2026-01-16,2026-01-16,2026-01-16 10:37:00,2026-01-16 11:16:00,2026-01-16 11:29:32,2026-01-16
187033,2026-01-16 10:43:00,2,2026-01-16,1546,2026-01-16 16:11:56,21 ENE,,2026-01-16,2026-01-17,2026-01-17,2026-01-21,2026-01-16 10:43:00,2026-01-16 15:46:00,2026-01-16 16:11:56,2026-01-21
187034,2026-01-16 10:44:00,3,2026-01-16,1706,2026-01-19 08:32:53,19 ene,,2026-01-16,2026-01-17,2026-01-19,2026-01-19,2026-01-16 10:44:00,2026-01-16 17:06:00,2026-01-19 08:32:53,2026-01-19
187035,2026-01-16 10:44:00,13,2026-01-19,940,2026-01-19 11:09:57,19 ene,,2026-01-16,2026-01-19,2026-01-19,2026-01-19,2026-01-16 10:44:00,2026-01-19 09:40:00,2026-01-19 11:09:57,2026-01-19
187036,2026-01-16 10:54:00,2,2026-01-16,1348,2026-01-16 13:57:14,19-01-2026,,2026-01-16,2026-01-17,2026-01-17,2026-01-19,2026-01-16 10:54:00,2026-01-16 13:48:00,2026-01-16 13:57:14,2026-01-19
187037,2026-01-16 11:05:00,2,2026-01-16,1528,2026-01-19 09:12:37,19-01-2026,,2026-01-16,2026-01-17,2026-01-19,2026-01-19,2026-01-16 11:05:00,2026-01-16 15:28:00,2026-01-19 09:12:37,2026-01-19
187038,2026-01-16 11:06:00,1,2026-01-16,1420,2026-01-16 14:44:08,16 ene,,2026-01-16,2026-01-17,2026-01-17,2026-01-16,2026-01-16 11:06:00,2026-01-16 14:20:00,2026-01-16 14:44:08,2026-01-16
187039,2026-01-16 11:38:00,123,2026-01-20,2034,2026-01-21 16:30:31,21 ene,,2026-01-16,2026-01-21,2026-01-22,2026-01-21,2026-01-16 11:38:00,2026-01-20 20:34:00,2026-01-21 16:30:31,2026-01-21
187040,2026-01-16 11:52:00,12,2026-01-16,1516,2026-01-16 17:01:31,19-01-2026,,2026-01-16,2026-01-17,2026-01-17,2026-01-19,2026-01-16 11:52:00,2026-01-16 15:16:00,2026-01-16 17:01:31,2026-01-19
187041,2026-01-16 12:20:00,112,2026-01-21,2120,2026-01-22 11:28:38,22 ENE,,2026-01-16,2026-01-22,2026-01-22,2026-01-22,2026-01-16 12:20:00,2026-01-21 21:20:00,2026-01-22 11:28:38,2026-01-22
187042,2026-01-16 13:31:00,2,2026-01-19,1002,2026-01-19 13:04:36,19 ene,,2026-01-17,2026-01-19,2026-01-19,2026-01-19,2026-01-16 13:31:00,2026-01-19 10:02:00,2026-01-19 13:04:36,2026-01-19
187043,2026-01-16 13:34:00,2,2026-01-19,1018,2026-01-19 13:50:27,19 ene,,2026-01-17,2026-01-19,2026-01-20,2026-01-19,2026-01-16 13:34:00,2026-01-19 10:18:00,2026-01-19 13:50:27,2026-01-19
187044,2026-01-16 13:34:00,2,2026-01-19,1002,2026-01-19 13:51:22,19 ene,,2026-01-17,2026-01-19,2026-01-20,2026-01-19,2026-01-16 13:34:00,2026-01-19 10:02:00,2026-01-19 13:51:22,2026-01-19
187045,2026-01-16 13:34:00,2,2026-01-19,1004,2026-01-19 12:12:54,19 ene,,2026-01-17,2026-01-19,2026-01-19,2026-01-19,2026-01-16 13:34:00,2026-01-19 10:04:00,2026-01-19 12:12:54,2026-01-19
187046,2026-01-16 13:34:00,1,2026-01-19,1005,2026-01-19 11:24:14,19 ene,,2026-01-17,2026-01-19,2026-01-19,2026-01-19,2026-01-16 13:34:00,2026-01-19 10:05:00,2026-01-19 11:24:14,2026-01-19
187047,2026-01-16 13:34:00,2,2026-01-19,1220,2026-01-20 11:17:15,20 ene,,2026-01-17,2026-01-19,2026-01-20,2026-01-20,2026-01-16 13:34:00,2026-01-19 12:20:00,2026-01-20 11:17:15,2026-01-20
187048,2026-01-16 13:34:00,2,2026-01-19,1005,2026-01-19 11:42:45,19 ene,,2026-01-17,2026-01-19,2026-01-19,2026-01-19,2026-01-16 13:34:00,2026-01-19 10:05:00,2026-01-19 11:42:45,2026-01-19
187049,2026-01-16 13:43:00,1,2026-01-16,1420,2026-01-16 15:34:36,19 ene,,2026-01-17,2026-01-17,2026-01-17,2026-01-19,2026-01-16 13:43:00,2026-01-16 14:20:00,2026-01-16 15:34:36,2026-01-19
187050,2026-01-16 13:47:00,1,2026-01-19,1006,2026-01-19 12:07:56,19 ene,,2026-01-17,2026-01-19,2026-01-19,2026-01-19,2026-01-16 13:47:00,2026-01-19 10:06:00,2026-01-19 12:07:56,2026-01-19
187051,2026-01-16 13:47:00,3,2026-01-19,1004,2026-01-19 12:37:53,21 ene,,2026-01-17,2026-01-19,2026-01-19,2026-01-21,2026-01-16 13:47:00,2026-01-19 10:04:00,2026-01-19 12:37:53,2026-01-21
187052,2026-01-16 13:52:00,10,2026-01-19,1022,2026-01-19 11:00:21,20-01-2026,,2026-01-17,2026-01-19,2026-01-19,2026-01-20,2026-01-16 13:52:00,2026-01-19 10:22:00,2026-01-19 11:00:21,2026-01-20
187053,2026-01-16 13:52:00,1,2026-01-19,848,2026-01-19 09:08:23,19-01-2026,,2026-01-17,2026-01-19,2026-01-19,2026-01-19,2026-01-16 13:52:00,2026-01-19 08:48:00,2026-01-19 09:08:23,2026-01-19
187054,2026-01-16 13:54:00,5,2026-01-19,1213,2026-01-19 13:29:10,19 ene,,2026-01-17,2026-01-19,2026-01-20,2026-01-19,2026-01-16 13:54:00,2026-01-19 12:13:00,2026-01-19 13:29:10,2026-01-19
187055,2026-01-16 13:56:00,7,2026-01-19,1212,2026-01-19 13:20:57,19 ene,,2026-01-17,2026-01-19,2026-01-20,2026-01-19,2026-01-16 13:56:00,2026-01-19 12:12:00,2026-01-19 13:20:57,2026-01-19
187056,2026-01-16 13:57:00,2,2026-01-19,1304,2026-01-19 14:01:47,19 ene,,2026-01-17,2026-01-19,2026-01-20,2026-01-19,2026-01-16 13:57:00,2026-01-19 13:04:00,2026-01-19 14:01:47,2026-01-19
187057,2026-01-16 13:57:00,3,2026-01-19,1213,2026-01-19 13:46:33,19 ene,,2026-01-17,2026-01-19,2026-01-20,2026-01-19,2026-01-16 13:57:00,2026-01-19 12:13:00,2026-01-19 13:46:33,2026-01-19
187058,2026-01-16 13:57:00,1,2026-01-19,1516,2026-01-19 15:48:09,20 ene,,2026-01-17,2026-01-20,2026-01-20,2026-01-20,2026-01-16 13:57:00,2026-01-19 15:16:00,2026-01-19 15:48:09,2026-01-20
187059,2026-01-16 13:57:00,3,2026-01-19,1434,2026-01-19 14:53:11,20 ene,,2026-01-17,2026-01-20,2026-01-20,2026-01-20,2026-01-16 13:57:00,2026-01-19 14:34:00,2026-01-19 14:53:11,2026-01-20
187060,2026-01-16 13:57:00,2,2026-01-19,1622,2026-01-19 16:31:30,20 ene,,2026-01-17,2026-01-20,2026-01-20,2026-01-20,2026-01-16 13:57:00,2026-01-19 16:22:00,2026-01-19 16:31:30,2026-01-20
187061,2026-01-16 13:58:00,1,2026-01-19,1006,2026-01-19 10:26:27,19 ene,,2026-01-17,2026-01-19,2026-01-19,2026-01-19,2026-01-16 13:58:00,2026-01-19 10:06:00,2026-01-19 10:26:27,2026-01-19
187062,2026-01-16 14:08:00,112,2026-01-06,1516,2026-01-23 10:49:39,22 ENE,,2026-01-17,2026-01-07,2026-01-23,2026-01-22,2026-01-16 14:08:00,2026-01-06 15:16:00,2026-01-23 10:49:39,2026-01-22
187063,2026-01-16 14:11:00,1,2026-01-19,1517,2026-01-19 15:45:07,20 ene,,2026-01-17,2026-01-20,2026-01-20,2026-01-20,2026-01-16 14:11:00,2026-01-19 15:17:00,2026-01-19 15:45:07,2026-01-20
187064,2026-01-16 14:17:00,17,2026-01-19,1240,2026-01-19 13:55:02,19 ene,,2026-01-17,2026-01-19,2026-01-20,2026-01-19,2026-01-16 14:17:00,2026-01-19 12:40:00,2026-01-19 13:55:02,2026-01-19
187065,2026-01-16 14:22:00,1,2026-01-16,1516,2026-01-16 16:02:47,19 ene,,2026-01-17,2026-01-17,2026-01-17,2026-01-19,2026-01-16 14:22:00,2026-01-16 15:16:00,2026-01-16 16:02:47,2026-01-19
187066,2026-01-16 14:22:00,1,2026-01-16,1500,2026-01-16 16:55:52,19 ene,,2026-01-17,2026-01-17,2026-01-17,2026-01-19,2026-01-16 14:22:00,2026-01-16 15:00:00,2026-01-16 16:55:52,2026-01-19
187067,2026-01-16 14:42:00,15,2026-01-19,1210,2026-01-19 12:19:43,20-01-2026,,2026-01-17,2026-01-19,2026-01-19,2026-01-20,2026-01-16 14:42:00,2026-01-19 12:10:00,2026-01-19 12:19:43,2026-01-20
187068,2026-01-16 14:49:00,23,,,,,,2026-01-17,,,,2026-01-16 14:49:00,,,
187069,2026-01-16 14:59:00,1,2026-01-19,1006,2026-01-19 11:28:03,19 ene,,2026-01-17,2026-01-19,2026-01-19,2026-01-19,2026-01-16 14:59:00,2026-01-19 10:06:00,2026-01-19 11:28:03,2026-01-19
187070,2026-01-16 15:29:00,23,2026-01-16,1538,,19-01-2026,,2026-01-17,2026-01-17,,2026-01-19,2026-01-16 15:29:00,2026-01-16 15:38:00,,2026-01-19
187071,2026-01-16 15:43:00,5,2026-01-19,1524,2026-01-19 15:38:41,20 ene,,2026-01-17,2026-01-20,2026-01-20,2026-01-20,2026-01-16 15:43:00,2026-01-19 15:24:00,2026-01-19 15:38:41,2026-01-20
187072,2026-01-16 15:43:00,2,2026-01-19,1020,2026-01-19 14:44:20,19 ene,,2026-01-17,2026-01-19,2026-01-20,2026-01-19,2026-01-16 15:43:00,2026-01-19 10:20:00,2026-01-19 14:44:20,2026-01-19
187073,2026-01-16 15:53:00,2,2026-01-19,1044,2026-01-19 11:40:55,19 ene,,2026-01-17,2026-01-19,2026-01-19,2026-01-19,2026-01-16 15:53:00,2026-01-19 10:44:00,2026-01-19 11:40:55,2026-01-19
187074,2026-01-16 15:53:00,1,2026-01-19,1214,2026-01-19 12:58:18,19 ene,,2026-01-17,2026-01-19,2026-01-19,2026-01-19,2026-01-16 15:53:00,2026-01-19 12:14:00,2026-01-19 12:58:18,2026-01-19
187075,2026-01-16 15:53:00,3,2026-01-19,1214,2026-01-19 14:35:49,21 ene,,2026-01-17,2026-01-19,2026-01-20,2026-01-21,2026-01-16 15:53:00,2026-01-19 12:14:00,2026-01-19 14:35:49,2026-01-21
187076,2026-01-16 16:09:00,1,2026-01-19,1214,2026-01-19 12:54:30,19 ene,,2026-01-17,2026-01-19,2026-01-19,2026-01-19,2026-01-16 16:09:00,2026-01-19 12:14:00,2026-01-19 12:54:30,2026-01-19
187077,2026-01-16 16:20:00,1,2026-01-19,1010,2026-01-19 10:14:22,19-01-2026,,2026-01-17,2026-01-19,2026-01-19,2026-01-19,2026-01-16 16:20:00,2026-01-19 10:10:00,2026-01-19 10:14:22,2026-01-19
187078,2026-01-16 16:29:00,1,2026-01-19,1045,2026-01-19 11:57:32,19 ene,,2026-01-17,2026-01-19,2026-01-19,2026-01-19,2026-01-16 16:29:00,2026-01-19 10:45:00,2026-01-19 11:57:32,2026-01-19
187079,2026-01-16 16:32:00,3,2026-01-19,1213,2026-01-19 13:36:36,19 ene,,2026-01-17,2026-01-19,2026-01-20,2026-01-19,2026-01-16 16:32:00,2026-01-19 12:13:00,2026-01-19 13:36:36,2026-01-19
187080,2026-01-19 10:04:00,1,2026-01-19,1215,2026-01-19 12:51:41,19 ene,,2026-01-19,2026-01-19,2026-01-19,2026-01-19,2026-01-19 10:04:00,2026-01-19 12:15:00,2026-01-19 12:51:41,2026-01-19
187081,2026-01-19 10:44:00,11,,,,,,2026-01-19,,,,2026-01-19 10:44:00,,,
187082,2026-01-19 10:47:00,11,2026-01-19,1623,2026-01-19 16:54:39,20 ene,,2026-01-19,2026-01-20,2026-01-20,2026-01-20,2026-01-19 10:47:00,2026-01-19 16:23:00,2026-01-19 16:54:39,2026-01-20
187083,2026-01-19 10:52:00,4,2026-01-19,1546,2026-01-19 15:59:10,20-01-2026,,2026-01-19,2026-01-20,2026-01-20,2026-01-20,2026-01-19 10:52:00,2026-01-19 15:46:00,2026-01-19 15:59:10,2026-01-20
187084,2026-01-19 10:52:00,6,2026-01-19,1636,2026-01-19 16:48:57,20-01-2026,,2026-01-19,2026-01-20,2026-01-20,2026-01-20,2026-01-19 10:52:00,2026-01-19 16:36:00,2026-01-19 16:48:57,2026-01-20
187085,2026-01-19 10:52:00,6,2026-01-19,1356,2026-01-19 14:50:48,20-01-2026,,2026-01-19,2026-01-20,2026-01-20,2026-01-20,2026-01-19 10:52:00,2026-01-19 13:56:00,2026-01-19 14:50:48,2026-01-20
187086,2026-01-19 10:53:00,9,2026-01-19,1517,2026-01-19 15:55:24,20-01-2026,,2026-01-19,2026-01-20,2026-01-20,2026-01-20,2026-01-19 10:53:00,2026-01-19 15:17:00,2026-01-19 15:55:24,2026-01-20
187087,2026-01-19 10:54:00,15,2026-01-19,1400,2026-01-19 14:30:47,19-01-2026,,2026-01-19,2026-01-20,2026-01-20,2026-01-19,2026-01-19 10:54:00,2026-01-19 14:00:00,2026-01-19 14:30:47,2026-01-19
187088,2026-01-19 10:56:00,4,2026-01-19,1434,2026-01-19 14:38:39,20-01-2026,,2026-01-19,2026-01-20,2026-01-20,2026-01-20,2026-01-19 10:56:00,2026-01-19 14:34:00,2026-01-19 14:38:39,2026-01-20
187089,2026-01-19 10:56:00,4,2026-01-19,1344,2026-01-19 14:06:08,20-01-2026,,2026-01-19,2026-01-20,2026-01-20,2026-01-20,2026-01-19 10:56:00,2026-01-19 13:44:00,2026-01-19 14:06:08,2026-01-20
187090,2026-01-19 10:56:00,1,2026-01-19,1356,2026-01-19 14:53:23,20 ene,,2026-01-19,2026-01-20,2026-01-20,2026-01-20,2026-01-19 10:56:00,2026-01-19 13:56:00,2026-01-19 14:53:23,2026-01-20
187091,2026-01-19 11:02:00,4,2026-01-19,1418,2026-01-19 14:23:06,20-01-2026,,2026-01-19,2026-01-20,2026-01-20,2026-01-20,2026-01-19 11:02:00,2026-01-19 14:18:00,2026-01-19 14:23:06,2026-01-20
187092,2026-01-19 11:04:00,1,2026-01-19,1220,2026-01-19 12:46:18,19 ene,,2026-01-19,2026-01-19,2026-01-19,2026-01-19,2026-01-19 11:04:00,2026-01-19 12:20:00,2026-01-19 12:46:18,2026-01-19
187093,2026-01-19 11:04:00,1,2026-01-19,1704,2026-01-19 17:10:31,20 ene,,2026-01-19,2026-01-20,2026-01-20,2026-01-20,2026-01-19 11:04:00,2026-01-19 17:04:00,2026-01-19 17:10:31,2026-01-20
187094,2026-01-19 11:05:00,1,2026-01-19,1636,2026-01-19 17:02:26,20 ene,,2026-01-19,2026-01-20,2026-01-20,2026-01-20,2026-01-19 11:05:00,2026-01-19 16:36:00,2026-01-19 17:02:26,2026-01-20
187095,2026-01-19 11:05:00,1,2026-01-19,1733,2026-01-20 10:34:08,20 ene,,2026-01-19,2026-01-20,2026-01-20,2026-01-20,2026-01-19 11:05:00,2026-01-19 17:33:00,2026-01-20 10:34:08,2026-01-20
187096,2026-01-19 11:11:00,1,2026-01-19,1344,2026-01-19 15:01:59,20 ene,,2026-01-19,2026-01-20,2026-01-20,2026-01-20,2026-01-19 11:11:00,2026-01-19 13:44:00,2026-01-19 15:01:59,2026-01-20
187097,2026-01-19 11:18:00,1,2026-01-19,1402,2026-01-19 14:55:54,20 ene,,2026-01-19,2026-01-20,2026-01-20,2026-01-20,2026-01-19 11:18:00,2026-01-19 14:02:00,2026-01-19 14:55:54,2026-01-20
187098,2026-01-19 11:19:00,1,2026-01-19,1650,2026-01-19 17:12:54,20 ene,,2026-01-19,2026-01-20,2026-01-20,2026-01-20,2026-01-19 11:19:00,2026-01-19 16:50:00,2026-01-19 17:12:54,2026-01-20
187099,2026-01-19 12:10:00,19,2026-01-19,1930,2026-01-20 09:50:52,20 ene,,2026-01-19,2026-01-20,2026-01-20,2026-01-20,2026-01-19 12:10:00,2026-01-19 19:30:00,2026-01-20 09:50:52,2026-01-20
187100,2026-01-19 12:12:00,2,2026-01-19,1623,2026-01-19 16:53:58,20-01-2026,,2026-01-19,2026-01-20,2026-01-20,2026-01-20,2026-01-19 12:12:00,2026-01-19 16:23:00,2026-01-19 16:53:58,2026-01-20
187101,2026-01-19 12:15:00,2,2026-01-19,1400,2026-01-19 14:45:16,21-01-2026,,2026-01-19,2026-01-20,2026-01-20,2026-01-21,2026-01-19 12:15:00,2026-01-19 14:00:00,2026-01-19 14:45:16,2026-01-21
187102,2026-01-19 12:22:00,1,2026-01-19,1408,2026-01-19 14:34:33,20-01-2026,,2026-01-19,2026-01-20,2026-01-20,2026-01-20,2026-01-19 12:22:00,2026-01-19 14:08:00,2026-01-19 14:34:33,2026-01-20
187103,2026-01-19 12:23:00,2,2026-01-19,1435,2026-01-19 15:12:57,22 ENE,,2026-01-19,2026-01-20,2026-01-20,2026-01-22,2026-01-19 12:23:00,2026-01-19 14:35:00,2026-01-19 15:12:57,2026-01-22
187104,2026-01-19 12:23:00,3,2026-01-19,1517,2026-01-19 15:49:46,20 ene,,2026-01-19,2026-01-20,2026-01-20,2026-01-20,2026-01-19 12:23:00,2026-01-19 15:17:00,2026-01-19 15:49:46,2026-01-20
187105,2026-01-19 13:50:00,3,2026-01-19,1930,2026-01-20 09:08:58,20 ene,,2026-01-20,2026-01-20,2026-01-20,2026-01-20,2026-01-19 13:50:00,2026-01-19 19:30:00,2026-01-20 09:08:58,2026-01-20
187106,2026-01-19 13:53:00,2,,,,,,2026-01-20,,,,2026-01-19 13:53:00,,,
187107,2026-01-19 13:53:00,1,2026-01-20,938,2026-01-20 11:09:13,04-02-2026,,2026-01-20,2026-01-20,2026-01-20,2026-02-04,2026-01-19 13:53:00,2026-01-20 09:38:00,2026-01-20 11:09:13,2026-02-04
187108,2026-01-19 13:53:00,3,2026-01-19,1525,2026-01-19 15:50:40,20 ene,,2026-01-20,2026-01-20,2026-01-20,2026-01-20,2026-01-19 13:53:00,2026-01-19 15:25:00,2026-01-19 15:50:40,2026-01-20
187109,2026-01-19 13:54:00,1,2026-01-19,1525,2026-01-19 15:45:05,20 ene,,2026-01-20,2026-01-20,2026-01-20,2026-01-20,2026-01-19 13:54:00,2026-01-19 15:25:00,2026-01-19 15:45:05,2026-01-20
187110,2026-01-19 13:55:00,2,2026-01-19,1546,2026-01-19 15:53:43,,,2026-01-20,2026-01-20,2026-01-20,,2026-01-19 13:55:00,2026-01-19 15:46:00,2026-01-19 15:53:43,
187111,2026-01-19 13:56:00,1,2026-01-19,1518,2026-01-19 15:43:48,20 ene,,2026-01-20,2026-01-20,2026-01-20,2026-01-20,2026-01-19 13:56:00,2026-01-19 15:18:00,2026-01-19 15:43:48,2026-01-20
187112,2026-01-19 13:56:00,9,2026-01-19,1732,2026-01-20 10:27:38,20 ene,,2026-01-20,2026-01-20,2026-01-20,2026-01-20,2026-01-19 13:56:00,2026-01-19 17:32:00,2026-01-20 10:27:38,2026-01-20
187113,2026-01-19 13:56:00,1,2026-01-19,1525,2026-01-19 15:40:24,20 ene,,2026-01-20,2026-01-20,2026-01-20,2026-01-20,2026-01-19 13:56:00,2026-01-19 15:25:00,2026-01-19 15:40:24,2026-01-20
187114,2026-01-19 14:05:00,2,2026-01-20,1224,2026-01-20 13:00:26,21 ENE,,2026-01-20,2026-01-20,2026-01-20,2026-01-21,2026-01-19 14:05:00,2026-01-20 12:24:00,2026-01-20 13:00:26,2026-01-21
187115,2026-01-19 14:11:00,9,2026-01-20,830,2026-01-20 11:00:43,20-01-2026,,2026-01-20,2026-01-20,2026-01-20,2026-01-20,2026-01-19 14:11:00,2026-01-20 08:30:00,2026-01-20 11:00:43,2026-01-20
187116,2026-01-19 14:15:00,1,2026-01-19,1623,2026-01-19 16:35:44,20 ene,,2026-01-20,2026-01-20,2026-01-20,2026-01-20,2026-01-19 14:15:00,2026-01-19 16:23:00,2026-01-19 16:35:44,2026-01-20
187117,2026-01-19 14:43:00,3,2026-01-19,1444,,,,2026-01-20,2026-01-20,,,2026-01-19 14:43:00,2026-01-19 14:44:00,,
187118,2026-01-19 14:59:00,2,,,,,,2026-01-20,,,,2026-01-19 14:59:00,,,
187119,2026-01-19 15:05:00,1,2026-01-19,1650,2026-01-19 16:58:00,20 ene,,2026-01-20,2026-01-20,2026-01-20,2026-01-20,2026-01-19 15:05:00,2026-01-19 16:50:00,2026-01-19 16:58:00,2026-01-20
187120,2026-01-19 15:07:00,1,2026-01-19,1637,2026-01-19 16:43:25,20 ene,,2026-01-20,2026-01-20,2026-01-20,2026-01-20,2026-01-19 15:07:00,2026-01-19 16:37:00,2026-01-19 16:43:25,2026-01-20
187121,2026-01-19 15:10:00,1,2026-01-22,1346,2026-01-22 14:12:30,26 ene,,2026-01-20,2026-01-23,2026-01-23,2026-01-26,2026-01-19 15:10:00,2026-01-22 13:46:00,2026-01-22 14:12:30,2026-01-26
187122,2026-01-19 15:10:00,1,,,2026-01-29 16:34:55,,,2026-01-20,,2026-01-30,,2026-01-19 15:10:00,,2026-01-29 16:34:55,
187123,2026-01-19 15:29:00,1,2026-01-19,1732,2026-01-19 17:30:20,20-01-2026,,2026-01-20,2026-01-20,2026-01-20,2026-01-20,2026-01-19 15:29:00,2026-01-19 17:32:00,2026-01-19 17:30:20,2026-01-20
187124,2026-01-19 15:32:00,1,2026-01-19,1624,2026-01-19 16:44:25,20-01-2026,,2026-01-20,2026-01-20,2026-01-20,2026-01-20,2026-01-19 15:32:00,2026-01-19 16:24:00,2026-01-19 16:44:25,2026-01-20
187125,2026-01-19 15:35:00,1,2026-01-19,1637,2026-01-20 11:08:09,20 ene,,2026-01-20,2026-01-20,2026-01-20,2026-01-20,2026-01-19 15:35:00,2026-01-19 16:37:00,2026-01-20 11:08:09,2026-01-20
187126,2026-01-19 15:44:00,40,2026-01-20,1413,2026-01-20 15:27:53,21 ENE,,2026-01-20,2026-01-21,2026-01-21,2026-01-21,2026-01-19 15:44:00,2026-01-20 14:13:00,2026-01-20 15:27:53,2026-01-21
187127,2026-01-19 15:46:00,2,2026-01-19,1650,2026-01-19 17:05:25,22-01-2026,,2026-01-20,2026-01-20,2026-01-20,2026-01-22,2026-01-19 15:46:00,2026-01-19 16:50:00,2026-01-19 17:05:25,2026-01-22
187128,2026-01-19 15:47:00,5,2026-01-20,848,2026-01-20 10:00:04,,,2026-01-20,2026-01-20,2026-01-20,,2026-01-19 15:47:00,2026-01-20 08:48:00,2026-01-20 10:00:04,
187129,2026-01-19 16:00:00,3,2026-01-20,950,2026-01-20 10:51:07,20-01-2026,,2026-01-20,2026-01-20,2026-01-20,2026-01-20,2026-01-19 16:00:00,2026-01-20 09:50:00,2026-01-20 10:51:07,2026-01-20
187130,2026-01-19 16:22:00,4,2026-01-20,1227,2026-01-20 13:46:14,20 ene,,2026-01-20,2026-01-20,2026-01-21,2026-01-20,2026-01-19 16:22:00,2026-01-20 12:27:00,2026-01-20 13:46:14,2026-01-20
187131,2026-01-19 16:22:00,1,2026-01-20,1227,2026-01-20 14:04:07,20 ene,,2026-01-20,2026-01-20,2026-01-21,2026-01-20,2026-01-19 16:22:00,2026-01-20 12:27:00,2026-01-20 14:04:07,2026-01-20
187132,2026-01-19 16:22:00,3,2026-01-20,1226,2026-01-20 13:35:31,20 ene,,2026-01-20,2026-01-20,2026-01-21,2026-01-20,2026-01-19 16:22:00,2026-01-20 12:26:00,2026-01-20 13:35:31,2026-01-20
187133,2026-01-19 16:55:00,2,2026-01-20,1226,2026-01-20 13:51:02,20 ene,,2026-01-20,2026-01-20,2026-01-21,2026-01-20,2026-01-19 16:55:00,2026-01-20 12:26:00,2026-01-20 13:51:02,2026-01-20
187134,2026-01-19 16:56:00,1,2026-01-20,830,2026-01-20 09:05:27,20-01-2026,,2026-01-20,2026-01-20,2026-01-20,2026-01-20,2026-01-19 16:56:00,2026-01-20 08:30:00,2026-01-20 09:05:27,2026-01-20
187135,2026-01-19 16:56:00,8,2026-01-20,1225,2026-01-20 14:13:07,20-01-2026,,2026-01-20,2026-01-20,2026-01-21,2026-01-20,2026-01-19 16:56:00,2026-01-20 12:25:00,2026-01-20 14:13:07,2026-01-20
187136,2026-01-19 16:56:00,7,2026-01-20,1225,2026-01-20 13:32:55,20-01-2026,,2026-01-20,2026-01-20,2026-01-21,2026-01-20,2026-01-19 16:56:00,2026-01-20 12:25:00,2026-01-20 13:32:55,2026-01-20
187137,2026-01-19 16:57:00,1,2026-01-20,828,2026-01-20 10:08:11,20 ene,,2026-01-20,2026-01-20,2026-01-20,2026-01-20,2026-01-19 16:57:00,2026-01-20 08:28:00,2026-01-20 10:08:11,2026-01-20
187138,2026-01-19 17:02:00,2,2026-01-20,1224,2026-01-20 12:34:25,20 ene,,2026-01-20,2026-01-20,2026-01-20,2026-01-20,2026-01-19 17:02:00,2026-01-20 12:24:00,2026-01-20 12:34:25,2026-01-20
187139,2026-01-20 09:56:00,2,2026-01-20,1228,2026-01-20 12:41:38,20 ene,,2026-01-20,2026-01-20,2026-01-20,2026-01-20,2026-01-20 09:56:00,2026-01-20 12:28:00,2026-01-20 12:41:38,2026-01-20
187140,2026-01-20 09:56:00,1,2026-01-20,1228,2026-01-20 12:32:14,20 ene,,2026-01-20,2026-01-20,2026-01-20,2026-01-20,2026-01-20 09:56:00,2026-01-20 12:28:00,2026-01-20 12:32:14,2026-01-20
187141,2026-01-20 09:57:00,21,2026-01-20,1729,2026-01-21 09:15:50,21 ENE,,2026-01-20,2026-01-21,2026-01-21,2026-01-21,2026-01-20 09:57:00,2026-01-20 17:29:00,2026-01-21 09:15:50,2026-01-21
187142,2026-01-20 09:57:00,6,2026-01-20,1232,2026-01-20 12:46:25,20 ene,,2026-01-20,2026-01-20,2026-01-20,2026-01-20,2026-01-20 09:57:00,2026-01-20 12:32:00,2026-01-20 12:46:25,2026-01-20
187143,2026-01-20 10:12:00,7,2026-01-20,1401,2026-01-20 14:13:45,22-01-2026,,2026-01-20,2026-01-21,2026-01-21,2026-01-22,2026-01-20 10:12:00,2026-01-20 14:01:00,2026-01-20 14:13:45,2026-01-22
187144,2026-01-20 10:17:00,8,2026-01-20,1429,2026-01-20 17:10:05,21 ENE,,2026-01-20,2026-01-21,2026-01-21,2026-01-21,2026-01-20 10:17:00,2026-01-20 14:29:00,2026-01-20 17:10:05,2026-01-21
187145,2026-01-20 10:17:00,1,2026-01-20,1414,2026-01-20 15:42:14,21 ENE,,2026-01-20,2026-01-21,2026-01-21,2026-01-21,2026-01-20 10:17:00,2026-01-20 14:14:00,2026-01-20 15:42:14,2026-01-21
187146,2026-01-20 10:17:00,1,2026-01-20,1415,2026-01-20 15:49:46,21 ENE,,2026-01-20,2026-01-21,2026-01-21,2026-01-21,2026-01-20 10:17:00,2026-01-20 14:15:00,2026-01-20 15:49:46,2026-01-21
187147,2026-01-20 10:18:00,2,2026-01-20,1414,2026-01-20 14:39:37,20 ene,,2026-01-20,2026-01-21,2026-01-21,2026-01-20,2026-01-20 10:18:00,2026-01-20 14:14:00,2026-01-20 14:39:37,2026-01-20
187148,2026-01-20 10:18:00,1,2026-01-20,1423,2026-01-20 16:24:10,21 ENE,,2026-01-20,2026-01-21,2026-01-21,2026-01-21,2026-01-20 10:18:00,2026-01-20 14:23:00,2026-01-20 16:24:10,2026-01-21
187149,2026-01-20 10:18:00,1,2026-01-20,1424,2026-01-20 16:09:05,21 ENE,,2026-01-20,2026-01-21,2026-01-21,2026-01-21,2026-01-20 10:18:00,2026-01-20 14:24:00,2026-01-20 16:09:05,2026-01-21
187150,2026-01-20 10:18:00,1,2026-01-20,1527,2026-01-20 16:33:18,21 ENE,,2026-01-20,2026-01-21,2026-01-21,2026-01-21,2026-01-20 10:18:00,2026-01-20 15:27:00,2026-01-20 16:33:18,2026-01-21
187151,2026-01-20 10:18:00,1,2026-01-20,1415,2026-01-20 14:31:16,20 ene,,2026-01-20,2026-01-21,2026-01-21,2026-01-20,2026-01-20 10:18:00,2026-01-20 14:15:00,2026-01-20 14:31:16,2026-01-20
187152,2026-01-20 10:30:00,1,2026-01-20,1415,2026-01-20 16:08:40,21 ENE,,2026-01-20,2026-01-21,2026-01-21,2026-01-21,2026-01-20 10:30:00,2026-01-20 14:15:00,2026-01-20 16:08:40,2026-01-21
187153,2026-01-20 10:37:00,2,2026-01-20,1427,2026-01-20 14:37:39,20 ene,,2026-01-20,2026-01-21,2026-01-21,2026-01-20,2026-01-20 10:37:00,2026-01-20 14:27:00,2026-01-20 14:37:39,2026-01-20
187154,2026-01-20 10:44:00,1,,,,,,2026-01-20,,,,2026-01-20 10:44:00,,,
187155,2026-01-20 10:51:00,5,2026-01-20,1433,2026-01-20 15:52:02,20-01-2026,,2026-01-20,2026-01-21,2026-01-21,2026-01-20,2026-01-20 10:51:00,2026-01-20 14:33:00,2026-01-20 15:52:02,2026-01-20
187156,2026-01-20 10:52:00,13,,,,,,2026-01-20,,,,2026-01-20 10:52:00,,,
187157,2026-01-20 10:54:00,1,2026-01-20,1417,2026-01-20 14:44:20,20 ene,,2026-01-20,2026-01-21,2026-01-21,2026-01-20,2026-01-20 10:54:00,2026-01-20 14:17:00,2026-01-20 14:44:20,2026-01-20
187158,2026-01-20 10:54:00,1,2026-01-20,1447,2026-01-20 16:02:04,21 ENE,,2026-01-20,2026-01-21,2026-01-21,2026-01-21,2026-01-20 10:54:00,2026-01-20 14:47:00,2026-01-20 16:02:04,2026-01-21
187159,2026-01-20 11:00:00,11,2026-01-20,1503,2026-01-20 15:59:15,22-01-2026,,2026-01-20,2026-01-21,2026-01-21,2026-01-22,2026-01-20 11:00:00,2026-01-20 15:03:00,2026-01-20 15:59:15,2026-01-22
187160,2026-01-20 11:02:00,13,,,,,,2026-01-20,,,,2026-01-20 11:02:00,,,
187161,2026-01-20 11:14:00,1,2026-01-20,1417,2026-01-20 14:25:26,20 ene,,2026-01-20,2026-01-21,2026-01-21,2026-01-20,2026-01-20 11:14:00,2026-01-20 14:17:00,2026-01-20 14:25:26,2026-01-20
187162,2026-01-20 11:14:00,1,2026-01-20,1558,2026-01-20 16:29:00,21 ENE,,2026-01-20,2026-01-21,2026-01-21,2026-01-21,2026-01-20 11:14:00,2026-01-20 15:58:00,2026-01-20 16:29:00,2026-01-21
187163,2026-01-20 11:16:00,1,2026-01-20,1233,2026-01-20 13:17:24,20 ene,,2026-01-20,2026-01-20,2026-01-21,2026-01-20,2026-01-20 11:16:00,2026-01-20 12:33:00,2026-01-20 13:17:24,2026-01-20
187164,2026-01-20 11:30:00,27,2026-01-20,1557,2026-01-21 09:08:09,21 ENE,,2026-01-20,2026-01-21,2026-01-21,2026-01-21,2026-01-20 11:30:00,2026-01-20 15:57:00,2026-01-21 09:08:09,2026-01-21
187165,2026-01-20 11:31:00,1,2026-01-20,1417,2026-01-20 16:16:09,21 ENE,,2026-01-20,2026-01-21,2026-01-21,2026-01-21,2026-01-20 11:31:00,2026-01-20 14:17:00,2026-01-20 16:16:09,2026-01-21
187166,2026-01-20 11:33:00,13,2026-01-20,1623,2026-01-20 16:38:46,21-01-2026,,2026-01-20,2026-01-21,2026-01-21,2026-01-21,2026-01-20 11:33:00,2026-01-20 16:23:00,2026-01-20 16:38:46,2026-01-21
187167,2026-01-20 11:37:00,1,2026-01-20,1624,2026-01-20 16:35:47,21 ENE,,2026-01-20,2026-01-21,2026-01-21,2026-01-21,2026-01-20 11:37:00,2026-01-20 16:24:00,2026-01-20 16:35:47,2026-01-21
187168,2026-01-20 11:41:00,2,2026-01-20,1441,2026-01-20 15:43:09,21 ENE,,2026-01-20,2026-01-21,2026-01-21,2026-01-21,2026-01-20 11:41:00,2026-01-20 14:41:00,2026-01-20 15:43:09,2026-01-21
187169,2026-01-20 11:42:00,1,2026-01-20,1631,2026-01-20 17:01:41,21 ENE,,2026-01-20,2026-01-21,2026-01-21,2026-01-21,2026-01-20 11:42:00,2026-01-20 16:31:00,2026-01-20 17:01:41,2026-01-21
187170,2026-01-20 11:42:00,1,2026-01-20,1647,2026-01-20 17:10:31,21 ENE,,2026-01-20,2026-01-21,2026-01-21,2026-01-21,2026-01-20 11:42:00,2026-01-20 16:47:00,2026-01-20 17:10:31,2026-01-21
187171,2026-01-20 11:43:00,4,,,,,,2026-01-20,,,,2026-01-20 11:43:00,,,
187172,2026-01-20 11:44:00,4,2026-01-20,1623,2026-01-20 17:07:33,21 ENE,,2026-01-20,2026-01-21,2026-01-21,2026-01-21,2026-01-20 11:44:00,2026-01-20 16:23:00,2026-01-20 17:07:33,2026-01-21
187173,2026-01-20 11:48:00,1,2026-01-20,1555,2026-01-20 16:08:07,21-01-2026,,2026-01-20,2026-01-21,2026-01-21,2026-01-21,2026-01-20 11:48:00,2026-01-20 15:55:00,2026-01-20 16:08:07,2026-01-21
187174,2026-01-20 11:48:00,19,2026-01-20,1657,2026-01-20 17:04:32,21-01-2026,,2026-01-20,2026-01-21,2026-01-21,2026-01-21,2026-01-20 11:48:00,2026-01-20 16:57:00,2026-01-20 17:04:32,2026-01-21
187175,2026-01-20 11:57:00,1,2026-01-20,1631,2026-01-20 16:59:15,21 ENE,,2026-01-20,2026-01-21,2026-01-21,2026-01-21,2026-01-20 11:57:00,2026-01-20 16:31:00,2026-01-20 16:59:15,2026-01-21
187176,2026-01-20 12:00:00,1,2026-01-20,1715,2026-01-20 17:19:44,21 ENE,,2026-01-20,2026-01-21,2026-01-21,2026-01-21,2026-01-20 12:00:00,2026-01-20 17:15:00,2026-01-20 17:19:44,2026-01-21
187177,2026-01-20 12:00:00,1,2026-01-20,1645,2026-01-20 16:58:22,21 ENE,,2026-01-20,2026-01-21,2026-01-21,2026-01-21,2026-01-20 12:00:00,2026-01-20 16:45:00,2026-01-20 16:58:22,2026-01-21
187178,2026-01-20 12:00:00,1,2026-01-20,1559,2026-01-20 16:29:33,21 ENE,,2026-01-20,2026-01-21,2026-01-21,2026-01-21,2026-01-20 12:00:00,2026-01-20 15:59:00,2026-01-20 16:29:33,2026-01-21
187179,2026-01-20 12:00:00,1,2026-01-20,1528,2026-01-20 16:32:18,21 ENE,,2026-01-20,2026-01-21,2026-01-21,2026-01-21,2026-01-20 12:00:00,2026-01-20 15:28:00,2026-01-20 16:32:18,2026-01-21
187180,2026-01-20 12:00:00,1,2026-01-20,1559,2026-01-20 16:33:36,21 ENE,,2026-01-20,2026-01-21,2026-01-21,2026-01-21,2026-01-20 12:00:00,2026-01-20 15:59:00,2026-01-20 16:33:36,2026-01-21
187181,2026-01-20 12:00:00,1,2026-01-20,1645,2026-01-20 16:52:48,21 ENE,,2026-01-20,2026-01-21,2026-01-21,2026-01-21,2026-01-20 12:00:00,2026-01-20 16:45:00,2026-01-20 16:52:48,2026-01-21
187182,2026-01-20 12:00:00,1,2026-01-20,1633,2026-01-20 16:40:35,21 ENE,,2026-01-20,2026-01-21,2026-01-21,2026-01-21,2026-01-20 12:00:00,2026-01-20 16:33:00,2026-01-20 16:40:35,2026-01-21
187183,2026-01-20 12:00:00,1,2026-01-20,1633,2026-01-20 16:51:07,21-01-2026,,2026-01-20,2026-01-21,2026-01-21,2026-01-21,2026-01-20 12:00:00,2026-01-20 16:33:00,2026-01-20 16:51:07,2026-01-21
187184,2026-01-20 12:04:00,1,2026-01-20,1633,2026-01-20 16:47:08,21 ENE,,2026-01-20,2026-01-21,2026-01-21,2026-01-21,2026-01-20 12:04:00,2026-01-20 16:33:00,2026-01-20 16:47:08,2026-01-21
187185,2026-01-20 12:05:00,1,2026-01-20,1507,2026-01-20 16:01:01,21 ENE,,2026-01-20,2026-01-21,2026-01-21,2026-01-21,2026-01-20 12:05:00,2026-01-20 15:07:00,2026-01-20 16:01:01,2026-01-21
187186,2026-01-20 12:06:00,5,2026-01-20,1558,2026-01-20 17:21:52,21-01-2026,,2026-01-20,2026-01-21,2026-01-21,2026-01-21,2026-01-20 12:06:00,2026-01-20 15:58:00,2026-01-20 17:21:52,2026-01-21
187187,2026-01-20 12:07:00,2,2026-01-20,1505,2026-01-20 16:38:48,21-01-2026,,2026-01-20,2026-01-21,2026-01-21,2026-01-21,2026-01-20 12:07:00,2026-01-20 15:05:00,2026-01-20 16:38:48,2026-01-21
187188,2026-01-20 12:25:00,1,2026-01-20,1441,2026-01-20 16:17:33,22 ENE,,2026-01-20,2026-01-21,2026-01-21,2026-01-22,2026-01-20 12:25:00,2026-01-20 14:41:00,2026-01-20 16:17:33,2026-01-22
187189,2026-01-20 13:20:00,2,2026-01-21,802,2026-01-21 11:08:21,21 ENE,,2026-01-21,2026-01-21,2026-01-21,2026-01-21,2026-01-20 13:20:00,2026-01-21 08:02:00,2026-01-21 11:08:21,2026-01-21
187190,2026-01-20 13:20:00,1,2026-01-20,2129,2026-01-21 10:15:20,21 ENE,,2026-01-21,2026-01-21,2026-01-21,2026-01-21,2026-01-20 13:20:00,2026-01-20 21:29:00,2026-01-21 10:15:20,2026-01-21
187191,2026-01-20 13:20:00,2,2026-01-20,2129,2026-01-21 09:43:12,21 ENE,,2026-01-21,2026-01-21,2026-01-21,2026-01-21,2026-01-20 13:20:00,2026-01-20 21:29:00,2026-01-21 09:43:12,2026-01-21
187192,2026-01-20 13:24:00,1,,,,,,2026-01-21,,,,2026-01-20 13:24:00,,,
187193,2026-01-20 13:24:00,1,2026-01-20,2130,2026-01-21 10:01:46,21 ENE,,2026-01-21,2026-01-21,2026-01-21,2026-01-21,2026-01-20 13:24:00,2026-01-20 21:30:00,2026-01-21 10:01:46,2026-01-21
187194,2026-01-20 13:34:00,53,2026-01-22,2119,2026-01-23 15:20:59,26 ene,,2026-01-21,2026-01-23,2026-01-24,2026-01-26,2026-01-20 13:34:00,2026-01-22 21:19:00,2026-01-23 15:20:59,2026-01-26
187195,2026-01-20 13:47:00,100,2026-01-23,2056,2026-01-26 10:36:23,23 ENE,,2026-01-21,2026-01-24,2026-01-26,2026-01-23,2026-01-20 13:47:00,2026-01-23 20:56:00,2026-01-26 10:36:23,2026-01-23
187196,2026-01-20 13:49:00,3,2026-01-21,821,2026-01-21 10:09:28,21-01-2026,,2026-01-21,2026-01-21,2026-01-21,2026-01-21,2026-01-20 13:49:00,2026-01-21 08:21:00,2026-01-21 10:09:28,2026-01-21
187197,2026-01-20 14:05:00,6,2026-01-21,949,2026-01-21 10:24:50,22-01-2026,,2026-01-21,2026-01-21,2026-01-21,2026-01-22,2026-01-20 14:05:00,2026-01-21 09:49:00,2026-01-21 10:24:50,2026-01-22
187198,2026-01-20 14:08:00,41,,,2026-02-09 08:07:38,,,2026-01-21,,2026-02-09,,2026-01-20 14:08:00,,2026-02-09 08:07:38,
187199,2026-01-20 14:20:00,1,2026-01-21,823,2026-01-21 09:56:49,21 ENE,,2026-01-21,2026-01-21,2026-01-21,2026-01-21,2026-01-20 14:20:00,2026-01-21 08:23:00,2026-01-21 09:56:49,2026-01-21
187200,2026-01-20 14:31:00,2,2026-01-21,832,2026-01-21 10:19:46,21 ENE,,2026-01-21,2026-01-21,2026-01-21,2026-01-21,2026-01-20 14:31:00,2026-01-21 08:32:00,2026-01-21 10:19:46,2026-01-21
187201,2026-01-20 14:59:00,4,2026-01-21,847,2026-01-21 10:33:56,22 ENE,,2026-01-21,2026-01-21,2026-01-21,2026-01-22,2026-01-20 14:59:00,2026-01-21 08:47:00,2026-01-21 10:33:56,2026-01-22
187202,2026-01-20 15:10:00,1,2026-01-20,2131,2026-01-21 09:51:45,21 ENE,,2026-01-21,2026-01-21,2026-01-21,2026-01-21,2026-01-20 15:10:00,2026-01-20 21:31:00,2026-01-21 09:51:45,2026-01-21
187203,2026-01-20 15:10:00,2,2026-01-21,837,2026-01-21 10:28:55,21 ENE,,2026-01-21,2026-01-21,2026-01-21,2026-01-21,2026-01-20 15:10:00,2026-01-21 08:37:00,2026-01-21 10:28:55,2026-01-21
187204,2026-01-20 15:11:00,1,2026-01-21,825,2026-01-21 12:31:22,22 ENE,,2026-01-21,2026-01-21,2026-01-21,2026-01-22,2026-01-20 15:11:00,2026-01-21 08:25:00,2026-01-21 12:31:22,2026-01-22
187205,2026-01-20 15:11:00,2,2026-01-21,849,2026-01-21 10:44:13,21 ENE,,2026-01-21,2026-01-21,2026-01-21,2026-01-21,2026-01-20 15:11:00,2026-01-21 08:49:00,2026-01-21 10:44:13,2026-01-21
187206,2026-01-20 15:12:00,2,2026-01-21,917,2026-01-21 11:41:09,21 ENE,,2026-01-21,2026-01-21,2026-01-21,2026-01-21,2026-01-20 15:12:00,2026-01-21 09:17:00,2026-01-21 11:41:09,2026-01-21
187207,2026-01-20 15:12:00,1,2026-01-21,802,2026-01-21 09:49:45,21 ENE,,2026-01-21,2026-01-21,2026-01-21,2026-01-21,2026-01-20 15:12:00,2026-01-21 08:02:00,2026-01-21 09:49:45,2026-01-21
187208,2026-01-20 15:12:00,1,2026-01-21,909,2026-01-21 10:52:10,21 ENE,,2026-01-21,2026-01-21,2026-01-21,2026-01-21,2026-01-20 15:12:00,2026-01-21 09:09:00,2026-01-21 10:52:10,2026-01-21
187209,2026-01-20 15:12:00,1,2026-01-21,840,2026-01-21 11:16:09,21 ENE,,2026-01-21,2026-01-21,2026-01-21,2026-01-21,2026-01-20 15:12:00,2026-01-21 08:40:00,2026-01-21 11:16:09,2026-01-21
187210,2026-01-20 15:12:00,1,2026-01-30,1142,2026-01-30 12:17:52,10 FEB,,2026-01-21,2026-01-30,2026-01-30,2026-02-10,2026-01-20 15:12:00,2026-01-30 11:42:00,2026-01-30 12:17:52,2026-02-10
187211,2026-01-20 15:17:00,3,2026-01-20,1651,2026-01-20 17:19:48,21 ENE,,2026-01-21,2026-01-21,2026-01-21,2026-01-21,2026-01-20 15:17:00,2026-01-20 16:51:00,2026-01-20 17:19:48,2026-01-21
187212,2026-01-20 15:35:00,8,2026-01-21,853,2026-01-21 09:33:28,21 ENE,,2026-01-21,2026-01-21,2026-01-21,2026-01-21,2026-01-20 15:35:00,2026-01-21 08:53:00,2026-01-21 09:33:28,2026-01-21
187213,2026-01-20 15:36:00,13,2026-01-21,1031,2026-01-21 12:02:54,21 ENE,,2026-01-21,2026-01-21,2026-01-21,2026-01-21,2026-01-20 15:36:00,2026-01-21 10:31:00,2026-01-21 12:02:54,2026-01-21
187214,2026-01-20 15:58:00,1,2026-01-21,909,2026-01-21 12:18:35,22 ENE,,2026-01-21,2026-01-21,2026-01-21,2026-01-22,2026-01-20 15:58:00,2026-01-21 09:09:00,2026-01-21 12:18:35,2026-01-22
187215,2026-01-20 16:12:00,1,2026-01-21,943,2026-01-22 13:10:36,23 ene,,2026-01-21,2026-01-21,2026-01-23,2026-01-23,2026-01-20 16:12:00,2026-01-21 09:43:00,2026-01-22 13:10:36,2026-01-23
187216,2026-01-20 16:16:00,2,2026-01-21,1111,2026-01-21 12:02:15,21 ENE,,2026-01-21,2026-01-21,2026-01-21,2026-01-21,2026-01-20 16:16:00,2026-01-21 11:11:00,2026-01-21 12:02:15,2026-01-21
187217,2026-01-20 16:17:00,4,2026-01-21,1033,2026-01-21 10:44:10,21-01-2026,,2026-01-21,2026-01-21,2026-01-21,2026-01-21,2026-01-20 16:17:00,2026-01-21 10:33:00,2026-01-21 10:44:10,2026-01-21
187218,2026-01-20 16:17:00,1,2026-01-21,831,2026-01-21 09:52:47,21-01-2026,,2026-01-21,2026-01-21,2026-01-21,2026-01-21,2026-01-20 16:17:00,2026-01-21 08:31:00,2026-01-21 09:52:47,2026-01-21
187219,2026-01-20 16:24:00,1,2026-01-21,839,2026-01-21 11:22:15,21 ENE,,2026-01-21,2026-01-21,2026-01-21,2026-01-21,2026-01-20 16:24:00,2026-01-21 08:39:00,2026-01-21 11:22:15,2026-01-21
187220,2026-01-20 16:24:00,1,2026-01-21,849,2026-01-21 11:09:26,21 ENE,,2026-01-21,2026-01-21,2026-01-21,2026-01-21,2026-01-20 16:24:00,2026-01-21 08:49:00,2026-01-21 11:09:26,2026-01-21
187221,2026-01-20 16:29:00,2,2026-01-21,917,2026-01-21 11:50:30,22 ENE,,2026-01-21,2026-01-21,2026-01-21,2026-01-22,2026-01-20 16:29:00,2026-01-21 09:17:00,2026-01-21 11:50:30,2026-01-22
187222,2026-01-20 16:34:00,1,2026-01-21,907,2026-01-21 11:00:43,21 ENE,,2026-01-21,2026-01-21,2026-01-21,2026-01-21,2026-01-20 16:34:00,2026-01-21 09:07:00,2026-01-21 11:00:43,2026-01-21
187223,2026-01-20 16:40:00,2,2026-01-21,855,2026-01-21 09:57:23,21-01-2026,,2026-01-21,2026-01-21,2026-01-21,2026-01-21,2026-01-20 16:40:00,2026-01-21 08:55:00,2026-01-21 09:57:23,2026-01-21
187224,2026-01-20 16:45:00,2,2026-01-21,1045,2026-01-21 10:55:09,21 ENE,,2026-01-21,2026-01-21,2026-01-21,2026-01-21,2026-01-20 16:45:00,2026-01-21 10:45:00,2026-01-21 10:55:09,2026-01-21
187225,2026-01-20 17:07:00,1,,,,,,2026-01-21,,,,2026-01-20 17:07:00,,,
187226,2026-01-20 17:20:00,8,2026-01-21,1058,2026-01-21 14:15:42,22 ENE,,2026-01-21,2026-01-21,2026-01-22,2026-01-22,2026-01-20 17:20:00,2026-01-21 10:58:00,2026-01-21 14:15:42,2026-01-22
187227,2026-01-21 08:40:00,1,2026-01-21,1001,2026-01-21 11:38:48,21 ENE,,2026-01-21,2026-01-21,2026-01-21,2026-01-21,2026-01-21 08:40:00,2026-01-21 10:01:00,2026-01-21 11:38:48,2026-01-21
187228,2026-01-21 09:27:00,3,2026-01-21,1009,2026-01-21 11:26:15,21 ENE,,2026-01-21,2026-01-21,2026-01-21,2026-01-21,2026-01-21 09:27:00,2026-01-21 10:09:00,2026-01-21 11:26:15,2026-01-21
187229,2026-01-21 09:32:00,1,,,,,,2026-01-21,,,,2026-01-21 09:32:00,,,
187230,2026-01-21 09:48:00,1,2026-01-21,1137,2026-01-21 11:44:47,21 ENE,,2026-01-21,2026-01-21,2026-01-21,2026-01-21,2026-01-21 09:48:00,2026-01-21 11:37:00,2026-01-21 11:44:47,2026-01-21
187231,2026-01-21 09:49:00,1,2026-01-21,1401,2026-01-21 14:21:30,22 ENE,,2026-01-21,2026-01-22,2026-01-22,2026-01-22,2026-01-21 09:49:00,2026-01-21 14:01:00,2026-01-21 14:21:30,2026-01-22
187232,2026-01-21 09:50:00,1,2026-01-21,1137,2026-01-21 12:22:55,22 ENE,,2026-01-21,2026-01-21,2026-01-21,2026-01-22,2026-01-21 09:50:00,2026-01-21 11:37:00,2026-01-21 12:22:55,2026-01-22
187233,2026-01-21 09:51:00,20,,,,,,2026-01-21,,,,2026-01-21 09:51:00,,,
187234,2026-01-21 10:02:00,20,2026-01-22,925,2026-01-22 08:38:02,22-01-2026,,2026-01-21,2026-01-22,2026-01-22,2026-01-22,2026-01-21 10:02:00,2026-01-22 09:25:00,2026-01-22 08:38:02,2026-01-22
187235,2026-01-21 10:06:00,12,2026-01-21,1526,2026-01-21 16:25:56,22 ENE,,2026-01-21,2026-01-22,2026-01-22,2026-01-22,2026-01-21 10:06:00,2026-01-21 15:26:00,2026-01-21 16:25:56,2026-01-22
187236,2026-01-21 10:08:00,1,2026-01-21,1101,2026-01-21 11:12:00,21 ENE,,2026-01-21,2026-01-21,2026-01-21,2026-01-21,2026-01-21 10:08:00,2026-01-21 11:01:00,2026-01-21 11:12:00,2026-01-21
187237,2026-01-21 10:08:00,9,2026-01-21,1525,2026-01-21 16:23:08,22 ENE,,2026-01-21,2026-01-22,2026-01-22,2026-01-22,2026-01-21 10:08:00,2026-01-21 15:25:00,2026-01-21 16:23:08,2026-01-22
187238,2026-01-21 10:30:00,3,2026-01-21,1401,2026-01-21 15:08:30,22 ENE,,2026-01-21,2026-01-22,2026-01-22,2026-01-22,2026-01-21 10:30:00,2026-01-21 14:01:00,2026-01-21 15:08:30,2026-01-22
187239,2026-01-21 10:30:00,1,2026-01-21,1402,2026-01-21 15:33:46,22-01-2026,,2026-01-21,2026-01-22,2026-01-22,2026-01-22,2026-01-21 10:30:00,2026-01-21 14:02:00,2026-01-21 15:33:46,2026-01-22
187240,2026-01-21 10:30:00,4,2026-01-21,1507,2026-01-21 15:29:23,22-01-2026,,2026-01-21,2026-01-22,2026-01-22,2026-01-22,2026-01-21 10:30:00,2026-01-21 15:07:00,2026-01-21 15:29:23,2026-01-22
187241,2026-01-21 10:31:00,1,2026-01-21,1445,2026-01-21 14:56:03,22 ENE,,2026-01-21,2026-01-22,2026-01-22,2026-01-22,2026-01-21 10:31:00,2026-01-21 14:45:00,2026-01-21 14:56:03,2026-01-22
187242,2026-01-21 10:37:00,1,2026-01-21,1632,2026-01-21 16:49:45,22 ENE,,2026-01-21,2026-01-22,2026-01-22,2026-01-22,2026-01-21 10:37:00,2026-01-21 16:32:00,2026-01-21 16:49:45,2026-01-22
187243,2026-01-21 10:47:00,7,2026-01-21,1653,2026-01-21 17:04:39,22 ENE,,2026-01-21,2026-01-22,2026-01-22,2026-01-22,2026-01-21 10:47:00,2026-01-21 16:53:00,2026-01-21 17:04:39,2026-01-22
187244,2026-01-21 10:57:00,12,2026-01-21,1631,2026-01-21 17:24:10,22 ENE,,2026-01-21,2026-01-22,2026-01-22,2026-01-22,2026-01-21 10:57:00,2026-01-21 16:31:00,2026-01-21 17:24:10,2026-01-22
187245,2026-01-21 11:02:00,2,2026-01-21,1413,2026-01-21 16:06:47,22 ENE,,2026-01-21,2026-01-22,2026-01-22,2026-01-22,2026-01-21 11:02:00,2026-01-21 14:13:00,2026-01-21 16:06:47,2026-01-22
187246,2026-01-21 11:03:00,1,2026-01-21,1413,2026-01-21 14:42:26,22 ENE,,2026-01-21,2026-01-22,2026-01-22,2026-01-22,2026-01-21 11:03:00,2026-01-21 14:13:00,2026-01-21 14:42:26,2026-01-22
187247,2026-01-21 11:08:00,1,2026-01-21,1112,,,,2026-01-21,2026-01-21,,,2026-01-21 11:08:00,2026-01-21 11:12:00,,
187248,2026-01-21 12:05:00,3,2026-01-21,1529,2026-01-21 15:39:59,22 ENE,,2026-01-21,2026-01-22,2026-01-22,2026-01-22,2026-01-21 12:05:00,2026-01-21 15:29:00,2026-01-21 15:39:59,2026-01-22
187249,2026-01-21 12:07:00,1,2026-01-21,1535,2026-01-21 15:59:35,23 ene,,2026-01-21,2026-01-22,2026-01-22,2026-01-23,2026-01-21 12:07:00,2026-01-21 15:35:00,2026-01-21 15:59:35,2026-01-23
187250,2026-01-21 12:11:00,4,2026-01-21,1233,2026-01-21 12:44:50,21-01-2026,,2026-01-21,2026-01-21,2026-01-21,2026-01-21,2026-01-21 12:11:00,2026-01-21 12:33:00,2026-01-21 12:44:50,2026-01-21
187251,2026-01-21 12:13:00,6,2026-01-21,1632,2026-01-21 17:23:15,22 ENE,,2026-01-21,2026-01-22,2026-01-22,2026-01-22,2026-01-21 12:13:00,2026-01-21 16:32:00,2026-01-21 17:23:15,2026-01-22
187252,2026-01-21 12:16:00,1,2026-01-21,1455,2026-01-21 15:12:47,22 ENE,,2026-01-21,2026-01-22,2026-01-22,2026-01-22,2026-01-21 12:16:00,2026-01-21 14:55:00,2026-01-21 15:12:47,2026-01-22
187253,2026-01-21 12:16:00,2,2026-01-21,1643,2026-01-21 16:56:11,22-01-2026,,2026-01-21,2026-01-22,2026-01-22,2026-01-22,2026-01-21 12:16:00,2026-01-21 16:43:00,2026-01-21 16:56:11,2026-01-22
187254,2026-01-21 12:37:00,1,2026-01-21,1425,2026-01-21 15:05:20,22 ENE,,2026-01-21,2026-01-22,2026-01-22,2026-01-22,2026-01-21 12:37:00,2026-01-21 14:25:00,2026-01-21 15:05:20,2026-01-22
187255,2026-01-21 13:45:00,1,2026-01-21,1456,2026-01-21 16:40:37,22 ENE,,2026-01-22,2026-01-22,2026-01-22,2026-01-22,2026-01-21 13:45:00,2026-01-21 14:56:00,2026-01-21 16:40:37,2026-01-22
187256,2026-01-21 13:46:00,1,2026-01-21,1508,2026-01-21 16:36:14,22 ENE,,2026-01-22,2026-01-22,2026-01-22,2026-01-22,2026-01-21 13:46:00,2026-01-21 15:08:00,2026-01-21 16:36:14,2026-01-22
187257,2026-01-21 13:46:00,1,2026-01-21,1456,2026-01-21 16:39:45,22 ENE,,2026-01-22,2026-01-22,2026-01-22,2026-01-22,2026-01-21 13:46:00,2026-01-21 14:56:00,2026-01-21 16:39:45,2026-01-22
187258,2026-01-21 13:46:00,3,2026-01-21,1445,2026-01-21 16:30:46,22 ENE,,2026-01-22,2026-01-22,2026-01-22,2026-01-22,2026-01-21 13:46:00,2026-01-21 14:45:00,2026-01-21 16:30:46,2026-01-22
187259,2026-01-21 13:47:00,1,2026-01-21,1632,2026-01-21 16:50:55,22 ENE,,2026-01-22,2026-01-22,2026-01-22,2026-01-22,2026-01-21 13:47:00,2026-01-21 16:32:00,2026-01-21 16:50:55,2026-01-22
187260,2026-01-21 14:14:00,1,2026-01-21,1414,,,,2026-01-22,2026-01-22,,,2026-01-21 14:14:00,2026-01-21 14:14:00,,
187261,2026-01-21 14:56:00,1,2026-01-21,1751,2026-01-22 08:33:37,22 ENE,,2026-01-22,2026-01-22,2026-01-22,2026-01-22,2026-01-21 14:56:00,2026-01-21 17:51:00,2026-01-22 08:33:37,2026-01-22
187262,2026-01-21 15:10:00,14,2026-01-23,1202,2026-01-26 10:03:44,28 ene,,2026-01-22,2026-01-23,2026-01-26,2026-01-28,2026-01-21 15:10:00,2026-01-23 12:02:00,2026-01-26 10:03:44,2026-01-28
187263,2026-01-21 15:23:00,4,2026-01-21,1645,2026-01-21 17:27:42,22 ENE,,2026-01-22,2026-01-22,2026-01-22,2026-01-22,2026-01-21 15:23:00,2026-01-21 16:45:00,2026-01-21 17:27:42,2026-01-22
187264,2026-01-21 15:23:00,2,,,,,,2026-01-22,,,,2026-01-21 15:23:00,,,
187265,2026-01-21 15:31:00,1,2026-01-22,1335,2026-01-22 08:28:02,22-01-2026,,2026-01-22,2026-01-23,2026-01-22,2026-01-22,2026-01-21 15:31:00,2026-01-22 13:35:00,2026-01-22 08:28:02,2026-01-22
187266,2026-01-21 15:33:00,9,2026-01-22,743,2026-01-22 08:18:55,22-01-2026,,2026-01-22,2026-01-22,2026-01-22,2026-01-22,2026-01-21 15:33:00,2026-01-22 07:43:00,2026-01-22 08:18:55,2026-01-22
187267,2026-01-21 15:37:00,1,2026-01-21,2119,2026-01-22 09:03:18,22 ENE,,2026-01-22,2026-01-22,2026-01-22,2026-01-22,2026-01-21 15:37:00,2026-01-21 21:19:00,2026-01-22 09:03:18,2026-01-22
187268,2026-01-21 15:38:00,2,2026-01-22,817,2026-01-22 08:24:49,26-01-2026,,2026-01-22,2026-01-22,2026-01-22,2026-01-26,2026-01-21 15:38:00,2026-01-22 08:17:00,2026-01-22 08:24:49,2026-01-26
187269,2026-01-21 15:39:00,5,2026-01-22,1309,2026-01-22 15:04:48,23 ENE,,2026-01-22,2026-01-23,2026-01-23,2026-01-23,2026-01-21 15:39:00,2026-01-22 13:09:00,2026-01-22 15:04:48,2026-01-23
187270,2026-01-21 15:40:00,8,2026-01-22,1150,2026-01-22 12:41:39,23 ENE,,2026-01-22,2026-01-22,2026-01-22,2026-01-23,2026-01-21 15:40:00,2026-01-22 11:50:00,2026-01-22 12:41:39,2026-01-23
187271,2026-01-21 15:42:00,2,2026-01-22,1346,2026-01-22 14:40:30,22 ENE,,2026-01-22,2026-01-23,2026-01-23,2026-01-22,2026-01-21 15:42:00,2026-01-22 13:46:00,2026-01-22 14:40:30,2026-01-22
187272,2026-01-21 15:47:00,5,2026-01-22,1107,2026-01-22 12:10:21,22 ENE,,2026-01-22,2026-01-22,2026-01-22,2026-01-22,2026-01-21 15:47:00,2026-01-22 11:07:00,2026-01-22 12:10:21,2026-01-22
187273,2026-01-21 15:47:00,1,2026-01-22,1013,2026-01-22 12:01:52,22 ENE,,2026-01-22,2026-01-22,2026-01-22,2026-01-22,2026-01-21 15:47:00,2026-01-22 10:13:00,2026-01-22 12:01:52,2026-01-22
187274,2026-01-21 15:48:00,1,2026-01-22,1032,2026-01-22 11:43:33,22 ENE,,2026-01-22,2026-01-22,2026-01-22,2026-01-22,2026-01-21 15:48:00,2026-01-22 10:32:00,2026-01-22 11:43:33,2026-01-22
187275,2026-01-21 15:50:00,9,2026-01-23,738,2026-01-23 08:31:54,23 ENE,,2026-01-22,2026-01-23,2026-01-23,2026-01-23,2026-01-21 15:50:00,2026-01-23 07:38:00,2026-01-23 08:31:54,2026-01-23
187276,2026-01-21 15:54:00,1,2026-01-22,954,2026-01-22 10:57:01,22 ENE,,2026-01-22,2026-01-22,2026-01-22,2026-01-22,2026-01-21 15:54:00,2026-01-22 09:54:00,2026-01-22 10:57:01,2026-01-22
187277,2026-01-21 16:10:00,2,2026-01-22,953,2026-01-22 10:55:31,22 ENE,,2026-01-22,2026-01-22,2026-01-22,2026-01-22,2026-01-21 16:10:00,2026-01-22 09:53:00,2026-01-22 10:55:31,2026-01-22
187278,2026-01-21 16:30:00,161,2026-01-27,1700,2026-01-27 21:34:44,27 ene,,2026-01-22,2026-01-28,2026-01-28,2026-01-27,2026-01-21 16:30:00,2026-01-27 17:00:00,2026-01-27 21:34:44,2026-01-27
187279,2026-01-21 16:40:00,5,2026-01-22,953,2026-01-22 10:47:53,22 ENE,,2026-01-22,2026-01-22,2026-01-22,2026-01-22,2026-01-21 16:40:00,2026-01-22 09:53:00,2026-01-22 10:47:53,2026-01-22
187280,2026-01-21 16:49:00,1,2026-01-21,1751,2026-01-22 08:36:25,22 ENE,,2026-01-22,2026-01-22,2026-01-22,2026-01-22,2026-01-21 16:49:00,2026-01-21 17:51:00,2026-01-22 08:36:25,2026-01-22
187281,2026-01-21 16:50:00,5,2026-01-22,823,2026-01-22 09:48:47,26 ene,,2026-01-22,2026-01-22,2026-01-22,2026-01-26,2026-01-21 16:50:00,2026-01-22 08:23:00,2026-01-22 09:48:47,2026-01-26
187282,2026-01-21 16:51:00,2,2026-01-22,751,2026-01-22 08:32:43,22 ENE,,2026-01-22,2026-01-22,2026-01-22,2026-01-22,2026-01-21 16:51:00,2026-01-22 07:51:00,2026-01-22 08:32:43,2026-01-22
187283,2026-01-21 16:51:00,1,2026-01-22,744,2026-01-22 08:27:52,22 ENE,,2026-01-22,2026-01-22,2026-01-22,2026-01-22,2026-01-21 16:51:00,2026-01-22 07:44:00,2026-01-22 08:27:52,2026-01-22
187284,2026-01-21 16:56:00,2,2026-01-22,1131,2026-01-22 11:52:11,22 ENE,,2026-01-22,2026-01-22,2026-01-22,2026-01-22,2026-01-21 16:56:00,2026-01-22 11:31:00,2026-01-22 11:52:11,2026-01-22
187285,2026-01-21 16:56:00,1,2026-01-22,1136,2026-01-22 12:10:13,22 ENE,,2026-01-22,2026-01-22,2026-01-22,2026-01-22,2026-01-21 16:56:00,2026-01-22 11:36:00,2026-01-22 12:10:13,2026-01-22
187286,2026-01-21 17:24:00,2,2026-01-22,847,2026-01-22 08:51:41,22-01-2026,,2026-01-22,2026-01-22,2026-01-22,2026-01-22,2026-01-21 17:24:00,2026-01-22 08:47:00,2026-01-22 08:51:41,2026-01-22
187287,2026-01-21 17:25:00,1,2026-01-22,1031,2026-01-22 11:17:27,22 ENE,,2026-01-22,2026-01-22,2026-01-22,2026-01-22,2026-01-21 17:25:00,2026-01-22 10:31:00,2026-01-22 11:17:27,2026-01-22
187288,2026-01-21 17:25:00,6,2026-01-22,1345,2026-01-22 14:22:17,22 ene,,2026-01-22,2026-01-23,2026-01-23,2026-01-22,2026-01-21 17:25:00,2026-01-22 13:45:00,2026-01-22 14:22:17,2026-01-22
187289,2026-01-22 08:42:00,1,2026-01-22,1150,2026-01-22 11:59:23,22 ENE,,2026-01-22,2026-01-22,2026-01-22,2026-01-22,2026-01-22 08:42:00,2026-01-22 11:50:00,2026-01-22 11:59:23,2026-01-22
187290,2026-01-22 08:43:00,5,2026-01-22,1149,2026-01-22 12:05:35,22 ENE,,2026-01-22,2026-01-22,2026-01-22,2026-01-22,2026-01-22 08:43:00,2026-01-22 11:49:00,2026-01-22 12:05:35,2026-01-22
187291,2026-01-22 08:55:00,1,2026-01-22,959,2026-01-22 12:13:06,22-01-2026,,2026-01-22,2026-01-22,2026-01-22,2026-01-22,2026-01-22 08:55:00,2026-01-22 09:59:00,2026-01-22 12:13:06,2026-01-22
187292,2026-01-22 09:41:00,12,2026-01-23,737,2026-01-23 11:46:56,03-02-2026,,2026-01-22,2026-01-23,2026-01-23,2026-02-03,2026-01-22 09:41:00,2026-01-23 07:37:00,2026-01-23 11:46:56,2026-02-03
187293,2026-01-22 09:43:00,2,2026-01-22,1049,2026-01-22 10:58:35,22-01-2026,,2026-01-22,2026-01-22,2026-01-22,2026-01-22,2026-01-22 09:43:00,2026-01-22 10:49:00,2026-01-22 10:58:35,2026-01-22
187294,2026-01-22 09:47:00,2,2026-01-22,1558,2026-01-22 16:28:03,23 ENE,,2026-01-22,2026-01-23,2026-01-23,2026-01-23,2026-01-22 09:47:00,2026-01-22 15:58:00,2026-01-22 16:28:03,2026-01-23
187295,2026-01-22 09:47:00,1,2026-01-22,1131,2026-01-22 11:31:00,,,2026-01-22,2026-01-22,2026-01-22,,2026-01-22 09:47:00,2026-01-22 11:31:00,2026-01-22 11:31:00,
187296,2026-01-22 09:48:00,1,2026-01-22,1409,2026-01-22 14:26:03,23 ENE,,2026-01-22,2026-01-23,2026-01-23,2026-01-23,2026-01-22 09:48:00,2026-01-22 14:09:00,2026-01-22 14:26:03,2026-01-23
187297,2026-01-22 09:48:00,2,,,,,,2026-01-22,,,,2026-01-22 09:48:00,,,
187298,2026-01-22 09:49:00,1,2026-01-22,1346,2026-01-22 14:21:49,23 ENE,,2026-01-22,2026-01-23,2026-01-23,2026-01-23,2026-01-22 09:49:00,2026-01-22 13:46:00,2026-01-22 14:21:49,2026-01-23
187299,2026-01-22 09:50:00,1,2026-01-22,1409,2026-01-22 14:15:08,23 ENE,,2026-01-22,2026-01-23,2026-01-23,2026-01-23,2026-01-22 09:50:00,2026-01-22 14:09:00,2026-01-22 14:15:08,2026-01-23
187300,2026-01-22 09:50:00,6,2026-01-22,1557,2026-01-22 16:10:00,23 ENE,,2026-01-22,2026-01-23,2026-01-23,2026-01-23,2026-01-22 09:50:00,2026-01-22 15:57:00,2026-01-22 16:10:00,2026-01-23
187301,2026-01-22 09:50:00,1,2026-01-22,1258,2026-01-22 13:38:00,23 ENE,,2026-01-22,2026-01-22,2026-01-23,2026-01-23,2026-01-22 09:50:00,2026-01-22 12:58:00,2026-01-22 13:38:00,2026-01-23
187302,2026-01-22 10:18:00,1,2026-01-22,1421,2026-01-22 14:30:19,22-01-2026,,2026-01-22,2026-01-23,2026-01-23,2026-01-22,2026-01-22 10:18:00,2026-01-22 14:21:00,2026-01-22 14:30:19,2026-01-22
187303,2026-01-22 10:18:00,19,2026-01-22,1558,2026-01-22 16:24:02,23 ENE,,2026-01-22,2026-01-23,2026-01-23,2026-01-23,2026-01-22 10:18:00,2026-01-22 15:58:00,2026-01-22 16:24:02,2026-01-23
187304,2026-01-22 10:25:00,1,2026-01-22,1433,2026-01-22 14:40:22,22 ene,,2026-01-22,2026-01-23,2026-01-23,2026-01-22,2026-01-22 10:25:00,2026-01-22 14:33:00,2026-01-22 14:40:22,2026-01-22
187305,2026-01-22 10:26:00,14,2026-01-22,1457,2026-01-22 15:27:03,23 ENE,,2026-01-22,2026-01-23,2026-01-23,2026-01-23,2026-01-22 10:26:00,2026-01-22 14:57:00,2026-01-22 15:27:03,2026-01-23
187306,2026-01-22 10:28:00,8,2026-01-22,1257,2026-01-22 13:45:28,23 ene,,2026-01-22,2026-01-22,2026-01-23,2026-01-23,2026-01-22 10:28:00,2026-01-22 12:57:00,2026-01-22 13:45:28,2026-01-23
187307,2026-01-22 10:28:00,1,2026-01-22,1136,2026-01-22 11:41:42,28-01-2026,,2026-01-22,2026-01-22,2026-01-22,2026-01-28,2026-01-22 10:28:00,2026-01-22 11:36:00,2026-01-22 11:41:42,2026-01-28
187308,2026-01-22 11:35:00,4,2026-01-22,1623,2026-01-22 16:32:20,23 ENE,,2026-01-22,2026-01-23,2026-01-23,2026-01-23,2026-01-22 11:35:00,2026-01-22 16:23:00,2026-01-22 16:32:20,2026-01-23
187309,2026-01-22 11:37:00,6,2026-01-22,1611,2026-01-22 16:45:55,23 ENE,,2026-01-22,2026-01-23,2026-01-23,2026-01-23,2026-01-22 11:37:00,2026-01-22 16:11:00,2026-01-22 16:45:55,2026-01-23
187310,2026-01-22 12:50:00,16,2026-01-23,847,2026-01-23 11:45:35,30-01-2026,,2026-01-22,2026-01-23,2026-01-23,2026-01-30,2026-01-22 12:50:00,2026-01-23 08:47:00,2026-01-23 11:45:35,2026-01-30
187311,2026-01-22 12:51:00,6,2026-01-22,1635,2026-01-23 08:59:25,23 ene,,2026-01-22,2026-01-23,2026-01-23,2026-01-23,2026-01-22 12:51:00,2026-01-22 16:35:00,2026-01-23 08:59:25,2026-01-23
187312,2026-01-22 12:51:00,10,2026-01-23,1157,2026-01-23 14:02:35,,,2026-01-22,2026-01-23,2026-01-24,,2026-01-22 12:51:00,2026-01-23 11:57:00,2026-01-23 14:02:35,
187313,2026-01-22 12:51:00,2,2026-01-22,1732,2026-01-23 11:29:13,23-01-2026,,2026-01-22,2026-01-23,2026-01-23,2026-01-23,2026-01-22 12:51:00,2026-01-22 17:32:00,2026-01-23 11:29:13,2026-01-23
187314,2026-01-22 12:51:00,5,2026-01-22,1732,2026-01-23 11:30:16,23-01-2026,,2026-01-22,2026-01-23,2026-01-23,2026-01-23,2026-01-22 12:51:00,2026-01-22 17:32:00,2026-01-23 11:30:16,2026-01-23
187315,2026-01-22 12:52:00,8,2026-01-23,1602,2026-01-23 17:17:50,26 ENE,,2026-01-22,2026-01-24,2026-01-24,2026-01-26,2026-01-22 12:52:00,2026-01-23 16:02:00,2026-01-23 17:17:50,2026-01-26
187316,2026-01-22 12:52:00,1,2026-01-22,1731,2026-01-23 11:03:33,23 ENE,,2026-01-22,2026-01-23,2026-01-23,2026-01-23,2026-01-22 12:52:00,2026-01-22 17:31:00,2026-01-23 11:03:33,2026-01-23
187317,2026-01-22 12:53:00,12,2026-01-22,2120,2026-01-23 10:31:24,23 ENE,,2026-01-22,2026-01-23,2026-01-23,2026-01-23,2026-01-22 12:53:00,2026-01-22 21:20:00,2026-01-23 10:31:24,2026-01-23
187318,2026-01-22 12:53:00,1,2026-01-22,1419,2026-01-22 14:35:09,23 ENE,,2026-01-22,2026-01-23,2026-01-23,2026-01-23,2026-01-22 12:53:00,2026-01-22 14:19:00,2026-01-22 14:35:09,2026-01-23
187319,2026-01-22 12:54:00,1,2026-01-22,1623,2026-01-22 16:35:21,23 ENE,,2026-01-22,2026-01-23,2026-01-23,2026-01-23,2026-01-22 12:54:00,2026-01-22 16:23:00,2026-01-22 16:35:21,2026-01-23
187320,2026-01-22 12:54:00,3,2026-01-22,1731,2026-01-23 10:47:14,23 ENE,,2026-01-22,2026-01-23,2026-01-23,2026-01-23,2026-01-22 12:54:00,2026-01-22 17:31:00,2026-01-23 10:47:14,2026-01-23
187321,2026-01-22 12:54:00,1,2026-01-22,1431,2026-01-22 15:02:01,23 ENE,,2026-01-22,2026-01-23,2026-01-23,2026-01-23,2026-01-22 12:54:00,2026-01-22 14:31:00,2026-01-22 15:02:01,2026-01-23
187322,2026-01-22 12:55:00,1,2026-01-22,1431,2026-01-22 14:53:06,23 ENE,,2026-01-22,2026-01-23,2026-01-23,2026-01-23,2026-01-22 12:55:00,2026-01-22 14:31:00,2026-01-22 14:53:06,2026-01-23
187323,2026-01-22 12:55:00,7,2026-01-23,802,2026-01-23 10:40:21,23 ENE,,2026-01-22,2026-01-23,2026-01-23,2026-01-23,2026-01-22 12:55:00,2026-01-23 08:02:00,2026-01-23 10:40:21,2026-01-23
187324,2026-01-22 13:05:00,8,2026-01-23,1202,2026-01-23 14:18:24,26 ENE,,2026-01-23,2026-01-23,2026-01-24,2026-01-26,2026-01-22 13:05:00,2026-01-23 12:02:00,2026-01-23 14:18:24,2026-01-26
187325,2026-01-22 13:51:00,2,2026-01-23,1202,2026-01-23 16:49:05,26 ENE,,2026-01-23,2026-01-23,2026-01-24,2026-01-26,2026-01-22 13:51:00,2026-01-23 12:02:00,2026-01-23 16:49:05,2026-01-26
187326,2026-01-22 13:59:00,1,2026-01-23,1201,2026-01-23 16:30:19,26 ENE,,2026-01-23,2026-01-23,2026-01-24,2026-01-26,2026-01-22 13:59:00,2026-01-23 12:01:00,2026-01-23 16:30:19,2026-01-26
187327,2026-01-22 13:59:00,3,2026-01-23,1307,2026-01-23 13:34:10,23 ENE,,2026-01-23,2026-01-24,2026-01-24,2026-01-23,2026-01-22 13:59:00,2026-01-23 13:07:00,2026-01-23 13:34:10,2026-01-23
187328,2026-01-22 13:59:00,1,2026-01-23,1200,2026-01-23 12:49:35,23 ENE,,2026-01-23,2026-01-23,2026-01-23,2026-01-23,2026-01-22 13:59:00,2026-01-23 12:00:00,2026-01-23 12:49:35,2026-01-23
187329,2026-01-22 14:23:00,2,2026-01-23,1159,2026-01-23 12:50:51,23 ENE,,2026-01-23,2026-01-23,2026-01-23,2026-01-23,2026-01-22 14:23:00,2026-01-23 11:59:00,2026-01-23 12:50:51,2026-01-23
187330,2026-01-22 14:23:00,1,2026-01-23,738,2026-01-23 09:24:31,23 ENE,,2026-01-23,2026-01-23,2026-01-23,2026-01-23,2026-01-22 14:23:00,2026-01-23 07:38:00,2026-01-23 09:24:31,2026-01-23
187331,2026-01-22 14:36:00,5,2026-01-23,1624,2026-01-26 08:48:57,26 ENE,,2026-01-23,2026-01-24,2026-01-26,2026-01-26,2026-01-22 14:36:00,2026-01-23 16:24:00,2026-01-26 08:48:57,2026-01-26
187332,2026-01-22 14:36:00,1,2026-01-23,737,2026-01-23 09:23:08,23 ENE,,2026-01-23,2026-01-23,2026-01-23,2026-01-23,2026-01-22 14:36:00,2026-01-23 07:37:00,2026-01-23 09:23:08,2026-01-23
187333,2026-01-22 14:50:00,2,2026-01-22,1733,2026-01-22 18:40:01,22 ene,,2026-01-23,2026-01-23,2026-01-23,2026-01-22,2026-01-22 14:50:00,2026-01-22 17:33:00,2026-01-22 18:40:01,2026-01-22
187334,2026-01-22 14:54:00,2,2026-01-23,1159,2026-01-23 12:45:34,26 ENE,,2026-01-23,2026-01-23,2026-01-23,2026-01-26,2026-01-22 14:54:00,2026-01-23 11:59:00,2026-01-23 12:45:34,2026-01-26
187335,2026-01-22 15:35:00,2,2026-01-22,1635,2026-01-23 16:12:05,22 ENE,,2026-01-23,2026-01-23,2026-01-24,2026-01-22,2026-01-22 15:35:00,2026-01-22 16:35:00,2026-01-23 16:12:05,2026-01-22
187336,2026-01-22 15:38:00,1,2026-01-22,1558,2026-01-22 16:29:21,22-01-2026,,2026-01-23,2026-01-23,2026-01-23,2026-01-22,2026-01-22 15:38:00,2026-01-22 15:58:00,2026-01-22 16:29:21,2026-01-22
187337,2026-01-22 16:01:00,14,2026-01-23,1307,2026-01-23 13:43:54,,,2026-01-23,2026-01-24,2026-01-24,,2026-01-22 16:01:00,2026-01-23 13:07:00,2026-01-23 13:43:54,
187338,2026-01-22 16:01:00,12,2026-01-23,1321,2026-01-23 13:41:57,23-01-2026,,2026-01-23,2026-01-24,2026-01-24,2026-01-23,2026-01-22 16:01:00,2026-01-23 13:21:00,2026-01-23 13:41:57,2026-01-23
187339,2026-01-22 16:01:00,2,2026-01-23,945,2026-01-23 11:13:09,23-01-2026,,2026-01-23,2026-01-23,2026-01-23,2026-01-23,2026-01-22 16:01:00,2026-01-23 09:45:00,2026-01-23 11:13:09,2026-01-23
187340,2026-01-22 16:12:00,6,2026-01-23,1502,2026-01-23 15:45:01,23 ENE,,2026-01-23,2026-01-24,2026-01-24,2026-01-23,2026-01-22 16:12:00,2026-01-23 15:02:00,2026-01-23 15:45:01,2026-01-23
187341,2026-01-22 16:30:00,3,2026-01-23,1159,2026-01-23 12:11:31,23 ENE,,2026-01-23,2026-01-23,2026-01-23,2026-01-23,2026-01-22 16:30:00,2026-01-23 11:59:00,2026-01-23 12:11:31,2026-01-23
187342,2026-01-23 07:15:00,11,2026-01-23,1305,2026-01-23 14:33:19,23 ENE,,2026-01-23,2026-01-24,2026-01-24,2026-01-23,2026-01-23 07:15:00,2026-01-23 13:05:00,2026-01-23 14:33:19,2026-01-23
187343,2026-01-23 07:42:00,6,2026-01-23,1458,2026-01-26 09:21:54,26 ENE,,2026-01-23,2026-01-24,2026-01-26,2026-01-26,2026-01-23 07:42:00,2026-01-23 14:58:00,2026-01-26 09:21:54,2026-01-26
187344,2026-01-23 07:43:00,8,2026-01-06,1408,2026-01-23 14:09:55,23-01-2026,,2026-01-23,2026-01-07,2026-01-24,2026-01-23,2026-01-23 07:43:00,2026-01-06 14:08:00,2026-01-23 14:09:55,2026-01-23
187345,2026-01-23 09:48:00,3,2026-01-23,1458,2026-01-26 10:13:46,26 ENE,,2026-01-23,2026-01-24,2026-01-26,2026-01-26,2026-01-23 09:48:00,2026-01-23 14:58:00,2026-01-26 10:13:46,2026-01-26
187346,2026-01-23 09:48:00,1,2026-01-23,1157,2026-01-23 12:07:25,23 ENE,,2026-01-23,2026-01-23,2026-01-23,2026-01-23,2026-01-23 09:48:00,2026-01-23 11:57:00,2026-01-23 12:07:25,2026-01-23
187347,2026-01-23 10:26:00,1,2026-01-23,1726,2026-01-26 09:10:34,26 ENE,,2026-01-23,2026-01-24,2026-01-26,2026-01-26,2026-01-23 10:26:00,2026-01-23 17:26:00,2026-01-26 09:10:34,2026-01-26
187348,2026-01-23 10:26:00,1,2026-01-23,1458,2026-01-23 15:36:43,23 ENE,,2026-01-23,2026-01-24,2026-01-24,2026-01-23,2026-01-23 10:26:00,2026-01-23 14:58:00,2026-01-23 15:36:43,2026-01-23
187349,2026-01-23 10:27:00,24,2026-01-23,2112,2026-01-26 08:27:36,26-01-2026,,2026-01-23,2026-01-24,2026-01-26,2026-01-26,2026-01-23 10:27:00,2026-01-23 21:12:00,2026-01-26 08:27:36,2026-01-26
187350,2026-01-23 10:27:00,3,2026-01-23,1526,2026-01-23 17:19:43,26 ENE,,2026-01-23,2026-01-24,2026-01-24,2026-01-26,2026-01-23 10:27:00,2026-01-23 15:26:00,2026-01-23 17:19:43,2026-01-26
187351,2026-01-23 10:27:00,5,2026-01-23,1528,2026-01-23 17:08:10,26 ENE,,2026-01-23,2026-01-24,2026-01-24,2026-01-26,2026-01-23 10:27:00,2026-01-23 15:28:00,2026-01-23 17:08:10,2026-01-26
187352,2026-01-23 10:27:00,7,2026-01-23,1530,2026-01-26 08:51:14,26 ENE,,2026-01-23,2026-01-24,2026-01-26,2026-01-26,2026-01-23 10:27:00,2026-01-23 15:30:00,2026-01-26 08:51:14,2026-01-26
187353,2026-01-23 10:27:00,5,2026-01-23,1549,2026-01-23 16:29:12,26 ENE,,2026-01-23,2026-01-24,2026-01-24,2026-01-26,2026-01-23 10:27:00,2026-01-23 15:49:00,2026-01-23 16:29:12,2026-01-26
187354,2026-01-23 10:28:00,1,2026-01-23,1554,2026-01-23 16:54:50,26-01-2026,,2026-01-23,2026-01-24,2026-01-24,2026-01-26,2026-01-23 10:28:00,2026-01-23 15:54:00,2026-01-23 16:54:50,2026-01-26
187355,2026-01-23 10:28:00,1,2026-01-23,1558,2026-01-23 16:58:40,26-01-2026,,2026-01-23,2026-01-24,2026-01-24,2026-01-26,2026-01-23 10:28:00,2026-01-23 15:58:00,2026-01-23 16:58:40,2026-01-26
187356,2026-01-23 10:28:00,1,2026-01-23,1458,2026-01-23 15:23:31,26-01-2026,,2026-01-23,2026-01-24,2026-01-24,2026-01-26,2026-01-23 10:28:00,2026-01-23 14:58:00,2026-01-23 15:23:31,2026-01-26
187357,2026-01-23 10:28:00,7,2026-01-23,1600,2026-01-26 09:10:58,26-01-2026,,2026-01-23,2026-01-24,2026-01-26,2026-01-26,2026-01-23 10:28:00,2026-01-23 16:00:00,2026-01-26 09:10:58,2026-01-26
187358,2026-01-23 10:29:00,14,2026-01-26,740,2026-01-26 10:55:27,26-01-2026,,2026-01-23,2026-01-26,2026-01-26,2026-01-26,2026-01-23 10:29:00,2026-01-26 07:40:00,2026-01-26 10:55:27,2026-01-26
187359,2026-01-23 10:29:00,4,2026-01-23,1616,2026-01-23 16:47:08,26-01-2026,,2026-01-23,2026-01-24,2026-01-24,2026-01-26,2026-01-23 10:29:00,2026-01-23 16:16:00,2026-01-23 16:47:08,2026-01-26
187360,2026-01-23 10:32:00,4,2026-01-23,2112,2026-01-26 08:23:59,26-01-2026,,2026-01-23,2026-01-24,2026-01-26,2026-01-26,2026-01-23 10:32:00,2026-01-23 21:12:00,2026-01-26 08:23:59,2026-01-26
187361,2026-01-23 10:34:00,1,2026-01-23,1548,2026-01-23 15:57:53,23 ene,,2026-01-23,2026-01-24,2026-01-24,2026-01-23,2026-01-23 10:34:00,2026-01-23 15:48:00,2026-01-23 15:57:53,2026-01-23
187362,2026-01-23 10:34:00,1,2026-01-23,1716,2026-01-23 17:24:46,23 ene,,2026-01-23,2026-01-24,2026-01-24,2026-01-23,2026-01-23 10:34:00,2026-01-23 17:16:00,2026-01-23 17:24:46,2026-01-23
187363,2026-01-23 10:43:00,1,,,,,,2026-01-23,,,,2026-01-23 10:43:00,,,
187364,2026-01-23 10:43:00,3,2026-01-26,1124,2026-01-26 12:26:16,26 ENE,,2026-01-23,2026-01-26,2026-01-26,2026-01-26,2026-01-23 10:43:00,2026-01-26 11:24:00,2026-01-26 12:26:16,2026-01-26
187365,2026-01-23 10:44:00,4,2026-01-23,1542,2026-01-26 14:56:07,26 ene,,2026-01-23,2026-01-24,2026-01-27,2026-01-26,2026-01-23 10:44:00,2026-01-23 15:42:00,2026-01-26 14:56:07,2026-01-26
187366,2026-01-23 10:49:00,1,2026-01-23,1554,2026-01-23 16:11:57,23 ene,,2026-01-23,2026-01-24,2026-01-24,2026-01-23,2026-01-23 10:49:00,2026-01-23 15:54:00,2026-01-23 16:11:57,2026-01-23
187367,2026-01-23 10:51:00,6,2026-01-23,2110,2026-01-26 09:00:18,27 ene,,2026-01-23,2026-01-24,2026-01-26,2026-01-27,2026-01-23 10:51:00,2026-01-23 21:10:00,2026-01-26 09:00:18,2026-01-27
187368,2026-01-23 10:55:00,2,2026-01-23,1716,2026-01-26 10:09:40,27 ene,,2026-01-23,2026-01-24,2026-01-26,2026-01-27,2026-01-23 10:55:00,2026-01-23 17:16:00,2026-01-26 10:09:40,2026-01-27
187369,2026-01-23 11:00:00,3,2026-01-23,1615,2026-01-26 08:11:05,26-01-2026,,2026-01-23,2026-01-24,2026-01-26,2026-01-26,2026-01-23 11:00:00,2026-01-23 16:15:00,2026-01-26 08:11:05,2026-01-26
187370,2026-01-23 11:15:00,1,2026-01-23,1306,2026-01-23 14:47:55,23 ENE,,2026-01-23,2026-01-24,2026-01-24,2026-01-23,2026-01-23 11:15:00,2026-01-23 13:06:00,2026-01-23 14:47:55,2026-01-23
187371,2026-01-23 11:15:00,1,2026-01-23,1306,2026-01-23 13:52:35,23 ENE,,2026-01-23,2026-01-24,2026-01-24,2026-01-23,2026-01-23 11:15:00,2026-01-23 13:06:00,2026-01-23 13:52:35,2026-01-23
187372,2026-01-23 11:17:00,3,2026-01-23,1658,2026-01-26 09:13:00,26 ENE,,2026-01-23,2026-01-24,2026-01-26,2026-01-26,2026-01-23 11:17:00,2026-01-23 16:58:00,2026-01-26 09:13:00,2026-01-26
187373,2026-01-23 11:17:00,5,2026-01-23,1658,2026-01-26 09:29:53,26 ENE,,2026-01-23,2026-01-24,2026-01-26,2026-01-26,2026-01-23 11:17:00,2026-01-23 16:58:00,2026-01-26 09:29:53,2026-01-26
187374,2026-01-23 11:18:00,1,2026-01-23,1306,2026-01-23 16:37:58,26 ENE,,2026-01-23,2026-01-24,2026-01-24,2026-01-26,2026-01-23 11:18:00,2026-01-23 13:06:00,2026-01-23 16:37:58,2026-01-26
187375,2026-01-23 11:19:00,2,2026-01-23,1500,2026-01-23 15:59:57,26 ENE,,2026-01-23,2026-01-24,2026-01-24,2026-01-26,2026-01-23 11:19:00,2026-01-23 15:00:00,2026-01-23 15:59:57,2026-01-26
187376,2026-01-23 11:19:00,2,2026-01-23,1500,2026-01-23 16:58:02,26 ENE,,2026-01-23,2026-01-24,2026-01-24,2026-01-26,2026-01-23 11:19:00,2026-01-23 15:00:00,2026-01-23 16:58:02,2026-01-26
187377,2026-01-23 11:20:00,2,2026-01-23,1526,2026-01-23 15:52:15,26 ENE,,2026-01-23,2026-01-24,2026-01-24,2026-01-26,2026-01-23 11:20:00,2026-01-23 15:26:00,2026-01-23 15:52:15,2026-01-26
187378,2026-01-23 11:21:00,27,2026-01-26,1124,2026-01-26 12:01:05,26 ENE,,2026-01-23,2026-01-26,2026-01-26,2026-01-26,2026-01-23 11:21:00,2026-01-26 11:24:00,2026-01-26 12:01:05,2026-01-26
187379,2026-01-23 11:24:00,1,2026-01-23,1500,2026-01-23 16:20:02,26 ENE,,2026-01-23,2026-01-24,2026-01-24,2026-01-26,2026-01-23 11:24:00,2026-01-23 15:00:00,2026-01-23 16:20:02,2026-01-26
187380,2026-01-23 11:24:00,28,2026-01-23,2112,2026-01-26 07:43:16,26 ENE,,2026-01-23,2026-01-24,2026-01-26,2026-01-26,2026-01-23 11:24:00,2026-01-23 21:12:00,2026-01-26 07:43:16,2026-01-26
187381,2026-01-23 11:24:00,2,2026-01-23,1700,2026-01-23 17:28:30,26 ENE,,2026-01-23,2026-01-24,2026-01-24,2026-01-26,2026-01-23 11:24:00,2026-01-23 17:00:00,2026-01-23 17:28:30,2026-01-26
187382,2026-01-23 11:25:00,3,2026-01-26,1112,2026-01-26 12:13:19,26 ENE,,2026-01-23,2026-01-26,2026-01-26,2026-01-26,2026-01-23 11:25:00,2026-01-26 11:12:00,2026-01-26 12:13:19,2026-01-26
187383,2026-01-23 11:27:00,3,2026-01-26,1116,2026-01-26 12:26:49,26 ENE,,2026-01-23,2026-01-26,2026-01-26,2026-01-26,2026-01-23 11:27:00,2026-01-26 11:16:00,2026-01-26 12:26:49,2026-01-26
187384,2026-01-23 11:52:00,1,2026-01-23,1658,2026-01-26 08:33:06,26-01-2026,,2026-01-23,2026-01-24,2026-01-26,2026-01-26,2026-01-23 11:52:00,2026-01-23 16:58:00,2026-01-26 08:33:06,2026-01-26
187385,2026-01-23 11:58:00,15,2026-01-23,1620,2026-01-23 16:40:07,26 ENE,,2026-01-23,2026-01-24,2026-01-24,2026-01-26,2026-01-23 11:58:00,2026-01-23 16:20:00,2026-01-23 16:40:07,2026-01-26
187386,2026-01-23 12:02:00,2,2026-01-26,1422,2026-01-26 14:36:04,26 ENE,,2026-01-23,2026-01-27,2026-01-27,2026-01-26,2026-01-23 12:02:00,2026-01-26 14:22:00,2026-01-26 14:36:04,2026-01-26
187387,2026-01-23 12:52:00,1,2026-01-26,1058,2026-01-26 11:25:27,26 ENE,,2026-01-23,2026-01-26,2026-01-26,2026-01-26,2026-01-23 12:52:00,2026-01-26 10:58:00,2026-01-26 11:25:27,2026-01-26
187388,2026-01-23 12:52:00,1,2026-01-23,1502,2026-01-23 15:50:56,23 ENE,,2026-01-23,2026-01-24,2026-01-24,2026-01-23,2026-01-23 12:52:00,2026-01-23 15:02:00,2026-01-23 15:50:56,2026-01-23
187389,2026-01-23 12:52:00,1,2026-01-23,2112,2026-01-26 08:41:43,26 ENE,,2026-01-23,2026-01-24,2026-01-26,2026-01-26,2026-01-23 12:52:00,2026-01-23 21:12:00,2026-01-26 08:41:43,2026-01-26
187390,2026-01-23 12:53:00,3,2026-01-26,918,2026-01-26 10:53:31,26 ENE,,2026-01-23,2026-01-26,2026-01-26,2026-01-26,2026-01-23 12:53:00,2026-01-26 09:18:00,2026-01-26 10:53:31,2026-01-26
187391,2026-01-23 12:54:00,1,2026-01-23,1500,2026-01-23 15:39:56,26 ENE,,2026-01-23,2026-01-24,2026-01-24,2026-01-26,2026-01-23 12:54:00,2026-01-23 15:00:00,2026-01-23 15:39:56,2026-01-26
187392,2026-01-23 12:54:00,2,2026-01-23,1716,2026-01-26 08:28:03,26-01-2026,,2026-01-23,2026-01-24,2026-01-26,2026-01-26,2026-01-23 12:54:00,2026-01-23 17:16:00,2026-01-26 08:28:03,2026-01-26
187393,2026-01-23 13:15:00,3,2026-01-23,1658,2026-01-23 17:16:50,26 ENE,,2026-01-24,2026-01-24,2026-01-24,2026-01-26,2026-01-23 13:15:00,2026-01-23 16:58:00,2026-01-23 17:16:50,2026-01-26
187394,2026-01-23 13:43:00,1,2026-01-23,1507,,23 ene,,2026-01-24,2026-01-24,,2026-01-23,2026-01-23 13:43:00,2026-01-23 15:07:00,,2026-01-23
187395,2026-01-23 14:06:00,2,2026-01-26,812,2026-01-26 13:10:14,27 ene,,2026-01-24,2026-01-26,2026-01-27,2026-01-27,2026-01-23 14:06:00,2026-01-26 08:12:00,2026-01-26 13:10:14,2026-01-27
187396,2026-01-23 15:04:00,1,2026-01-23,1508,,,,2026-01-24,2026-01-24,,,2026-01-23 15:04:00,2026-01-23 15:08:00,,
187397,2026-01-23 15:26:00,156,,,,,,2026-01-24,,,,2026-01-23 15:26:00,,,
187398,2026-01-23 15:31:00,2,2026-01-26,1454,2026-01-26 15:00:16,27 ene,,2026-01-24,2026-01-27,2026-01-27,2026-01-27,2026-01-23 15:31:00,2026-01-26 14:54:00,2026-01-26 15:00:16,2026-01-27
187399,2026-01-23 15:31:00,1,2026-01-26,1116,2026-01-26 11:34:43,26 ENE,,2026-01-24,2026-01-26,2026-01-26,2026-01-26,2026-01-23 15:31:00,2026-01-26 11:16:00,2026-01-26 11:34:43,2026-01-26
187400,2026-01-23 15:44:00,15,2026-01-26,1606,2026-01-26 17:03:04,27 ene,,2026-01-24,2026-01-27,2026-01-27,2026-01-27,2026-01-23 15:44:00,2026-01-26 16:06:00,2026-01-26 17:03:04,2026-01-27
187401,2026-01-23 16:04:00,5,2026-01-27,1004,2026-01-27 13:21:32,27 ene,,2026-01-24,2026-01-27,2026-01-28,2026-01-27,2026-01-23 16:04:00,2026-01-27 10:04:00,2026-01-27 13:21:32,2026-01-27
187402,2026-01-23 16:04:00,1,2026-01-26,918,2026-01-26 11:05:25,26 ENE,,2026-01-24,2026-01-26,2026-01-26,2026-01-26,2026-01-23 16:04:00,2026-01-26 09:18:00,2026-01-26 11:05:25,2026-01-26
187403,2026-01-23 16:05:00,1,2026-01-26,1050,2026-01-26 11:04:54,26 ENE,,2026-01-24,2026-01-26,2026-01-26,2026-01-26,2026-01-23 16:05:00,2026-01-26 10:50:00,2026-01-26 11:04:54,2026-01-26
187404,2026-01-23 16:05:00,1,2026-01-26,1402,2026-01-26 14:22:52,27 ene,,2026-01-24,2026-01-27,2026-01-27,2026-01-27,2026-01-23 16:05:00,2026-01-26 14:02:00,2026-01-26 14:22:52,2026-01-27
187405,2026-01-23 16:06:00,2,2026-01-26,1736,2026-01-27 09:38:36,27 ene,,2026-01-24,2026-01-27,2026-01-27,2026-01-27,2026-01-23 16:06:00,2026-01-26 17:36:00,2026-01-27 09:38:36,2026-01-27
187406,2026-01-23 16:06:00,1,2026-01-26,1152,2026-01-26 12:17:01,26 ENE,,2026-01-24,2026-01-26,2026-01-26,2026-01-26,2026-01-23 16:06:00,2026-01-26 11:52:00,2026-01-26 12:17:01,2026-01-26
187407,2026-01-23 16:06:00,1,2026-01-26,1402,2026-01-26 14:10:14,27 ene,,2026-01-24,2026-01-27,2026-01-27,2026-01-27,2026-01-23 16:06:00,2026-01-26 14:02:00,2026-01-26 14:10:14,2026-01-27
187408,2026-01-23 16:06:00,1,2026-01-26,1154,2026-01-26 12:08:21,26-01-2026,,2026-01-24,2026-01-26,2026-01-26,2026-01-26,2026-01-23 16:06:00,2026-01-26 11:54:00,2026-01-26 12:08:21,2026-01-26
187409,2026-01-23 16:13:00,1,2026-01-23,1614,,,,2026-01-24,2026-01-24,,,2026-01-23 16:13:00,2026-01-23 16:14:00,,
187410,2026-01-23 16:25:00,27,2026-01-27,910,2026-01-27 10:35:25,27 ene,,2026-01-24,2026-01-27,2026-01-27,2026-01-27,2026-01-23 16:25:00,2026-01-27 09:10:00,2026-01-27 10:35:25,2026-01-27
187411,2026-01-23 16:25:00,6,2026-01-27,806,2026-01-27 11:13:15,27 ene,,2026-01-24,2026-01-27,2026-01-27,2026-01-27,2026-01-23 16:25:00,2026-01-27 08:06:00,2026-01-27 11:13:15,2026-01-27
187412,2026-01-23 16:26:00,21,2026-01-26,1402,2026-01-26 16:08:25,27 ene,,2026-01-24,2026-01-27,2026-01-27,2026-01-27,2026-01-23 16:26:00,2026-01-26 14:02:00,2026-01-26 16:08:25,2026-01-27
187413,2026-01-23 17:07:00,3,2026-01-23,1709,,,,2026-01-24,2026-01-24,,,2026-01-23 17:07:00,2026-01-23 17:09:00,,
187414,2026-01-23 17:13:00,1,2026-01-23,1734,2026-01-26 09:53:56,26 ENE,,2026-01-24,2026-01-24,2026-01-26,2026-01-26,2026-01-23 17:13:00,2026-01-23 17:34:00,2026-01-26 09:53:56,2026-01-26
187415,2026-01-26 07:36:00,31,2026-01-26,1458,2026-01-26 16:14:54,27 ene,,2026-01-26,2026-01-27,2026-01-27,2026-01-27,2026-01-26 07:36:00,2026-01-26 14:58:00,2026-01-26 16:14:54,2026-01-27
187416,2026-01-26 07:36:00,19,2026-01-27,919,2026-01-27 09:55:46,27 ene,,2026-01-26,2026-01-27,2026-01-27,2026-01-27,2026-01-26 07:36:00,2026-01-27 09:19:00,2026-01-27 09:55:46,2026-01-27
187417,2026-01-26 08:04:00,16,2026-01-26,1533,2026-01-26 16:04:41,27-01-2026,,2026-01-26,2026-01-27,2026-01-27,2026-01-27,2026-01-26 08:04:00,2026-01-26 15:33:00,2026-01-26 16:04:41,2026-01-27
187418,2026-01-26 08:37:00,1,2026-01-26,1152,2026-01-26 12:34:32,27 ene,,2026-01-26,2026-01-26,2026-01-26,2026-01-27,2026-01-26 08:37:00,2026-01-26 11:52:00,2026-01-26 12:34:32,2026-01-27
187419,2026-01-26 09:09:00,21,2026-01-27,1106,2026-01-27 11:36:52,27-01-2026,,2026-01-26,2026-01-27,2026-01-27,2026-01-27,2026-01-26 09:09:00,2026-01-27 11:06:00,2026-01-27 11:36:52,2026-01-27
187420,2026-01-26 09:15:00,1,2026-01-26,1606,2026-01-26 16:23:03,26-01-2026,,2026-01-26,2026-01-27,2026-01-27,2026-01-26,2026-01-26 09:15:00,2026-01-26 16:06:00,2026-01-26 16:23:03,2026-01-26
187421,2026-01-26 09:19:00,1,2026-01-26,1533,2026-01-26 15:48:43,27 ene,,2026-01-26,2026-01-27,2026-01-27,2026-01-27,2026-01-26 09:19:00,2026-01-26 15:33:00,2026-01-26 15:48:43,2026-01-27
187422,2026-01-26 09:26:00,4,2026-01-26,1152,2026-01-26 12:06:29,27-01-2026,,2026-01-26,2026-01-26,2026-01-26,2026-01-27,2026-01-26 09:26:00,2026-01-26 11:52:00,2026-01-26 12:06:29,2026-01-27
187423,2026-01-26 10:28:00,2,2026-01-26,1112,2026-01-26 11:33:06,26-01-2026,,2026-01-26,2026-01-26,2026-01-26,2026-01-26,2026-01-26 10:28:00,2026-01-26 11:12:00,2026-01-26 11:33:06,2026-01-26
187424,2026-01-26 10:29:00,4,2026-01-27,810,2026-01-27 13:15:03,27 ene,,2026-01-26,2026-01-27,2026-01-28,2026-01-27,2026-01-26 10:29:00,2026-01-27 08:10:00,2026-01-27 13:15:03,2026-01-27
187425,2026-01-26 10:30:00,1,2026-01-26,1454,2026-01-26 15:04:01,27 ene,,2026-01-26,2026-01-27,2026-01-27,2026-01-27,2026-01-26 10:30:00,2026-01-26 14:54:00,2026-01-26 15:04:01,2026-01-27
187426,2026-01-26 10:30:00,1,2026-01-26,1740,2026-01-27 12:56:21,27 ene,,2026-01-26,2026-01-27,2026-01-27,2026-01-27,2026-01-26 10:30:00,2026-01-26 17:40:00,2026-01-27 12:56:21,2026-01-27
187427,2026-01-26 10:30:00,1,2026-01-26,1606,2026-01-26 16:12:57,27 ene,,2026-01-26,2026-01-27,2026-01-27,2026-01-27,2026-01-26 10:30:00,2026-01-26 16:06:00,2026-01-26 16:12:57,2026-01-27
187428,2026-01-26 10:31:00,1,2026-01-26,1534,2026-01-26 15:52:55,26-01-2026,,2026-01-26,2026-01-27,2026-01-27,2026-01-26,2026-01-26 10:31:00,2026-01-26 15:34:00,2026-01-26 15:52:55,2026-01-26
187429,2026-01-26 10:31:00,2,2026-01-26,1534,2026-01-26 15:54:59,26-01-2026,,2026-01-26,2026-01-27,2026-01-27,2026-01-26,2026-01-26 10:31:00,2026-01-26 15:34:00,2026-01-26 15:54:59,2026-01-26
187430,2026-01-26 10:31:00,1,2026-01-27,1152,2026-01-27 12:18:35,27-01-2026,,2026-01-26,2026-01-27,2026-01-27,2026-01-27,2026-01-26 10:31:00,2026-01-27 11:52:00,2026-01-27 12:18:35,2026-01-27
187431,2026-01-26 10:31:00,6,2026-01-27,1142,2026-01-27 12:18:35,27-01-2026,,2026-01-26,2026-01-27,2026-01-27,2026-01-27,2026-01-26 10:31:00,2026-01-27 11:42:00,2026-01-27 12:18:35,2026-01-27
187432,2026-01-26 10:31:00,6,2026-01-27,850,2026-01-27 12:53:06,27-01-2026,,2026-01-26,2026-01-27,2026-01-27,2026-01-27,2026-01-26 10:31:00,2026-01-27 08:50:00,2026-01-27 12:53:06,2026-01-27
187433,2026-01-26 10:50:00,5,2026-01-27,1004,2026-01-27 17:10:07,28 ENE,,2026-01-26,2026-01-27,2026-01-28,2026-01-28,2026-01-26 10:50:00,2026-01-27 10:04:00,2026-01-27 17:10:07,2026-01-28
187434,2026-01-26 10:50:00,1,2026-01-29,908,2026-01-27 11:06:18,27 ene,,2026-01-26,2026-01-29,2026-01-27,2026-01-27,2026-01-26 10:50:00,2026-01-29 09:08:00,2026-01-27 11:06:18,2026-01-27
187435,2026-01-26 11:32:00,47,,,,,,2026-01-26,,,,2026-01-26 11:32:00,,,
187436,2026-01-26 11:37:00,92,,,,,,2026-01-26,,,,2026-01-26 11:37:00,,,
187437,2026-01-26 11:53:00,5,2026-01-27,1003,2026-01-27 11:06:18,27 ene,,2026-01-26,2026-01-27,2026-01-27,2026-01-27,2026-01-26 11:53:00,2026-01-27 10:03:00,2026-01-27 11:06:18,2026-01-27
187438,2026-01-26 11:54:00,5,2026-01-27,1106,2026-01-27 12:33:17,27 ene,,2026-01-26,2026-01-27,2026-01-27,2026-01-27,2026-01-26 11:54:00,2026-01-27 11:06:00,2026-01-27 12:33:17,2026-01-27
187439,2026-01-26 11:54:00,2,2026-01-27,1003,2026-01-27 11:06:18,27 ene,,2026-01-26,2026-01-27,2026-01-27,2026-01-27,2026-01-26 11:54:00,2026-01-27 10:03:00,2026-01-27 11:06:18,2026-01-27
187440,2026-01-26 11:54:00,15,2026-01-27,1414,2026-01-27 14:51:30,27 ene,,2026-01-26,2026-01-28,2026-01-28,2026-01-27,2026-01-26 11:54:00,2026-01-27 14:14:00,2026-01-27 14:51:30,2026-01-27
187441,2026-01-26 11:54:00,10,2026-01-27,1542,2026-01-27 16:54:14,28 ENE,,2026-01-26,2026-01-28,2026-01-28,2026-01-28,2026-01-26 11:54:00,2026-01-27 15:42:00,2026-01-27 16:54:14,2026-01-28
187442,2026-01-26 11:54:00,1,2026-01-27,1003,2026-01-27 11:06:18,27 ene,,2026-01-26,2026-01-27,2026-01-27,2026-01-27,2026-01-26 11:54:00,2026-01-27 10:03:00,2026-01-27 11:06:18,2026-01-27
187443,2026-01-26 11:55:00,2,2026-01-27,1004,2026-01-27 11:06:18,27 ene,,2026-01-26,2026-01-27,2026-01-27,2026-01-27,2026-01-26 11:55:00,2026-01-27 10:04:00,2026-01-27 11:06:18,2026-01-27
187444,2026-01-26 11:57:00,1,2026-01-27,1004,2026-01-27 11:06:18,27 ene,,2026-01-26,2026-01-27,2026-01-27,2026-01-27,2026-01-26 11:57:00,2026-01-27 10:04:00,2026-01-27 11:06:18,2026-01-27
187445,2026-01-26 11:57:00,1,2026-01-27,1000,2026-01-27 11:06:18,27 ene,,2026-01-26,2026-01-27,2026-01-27,2026-01-27,2026-01-26 11:57:00,2026-01-27 10:00:00,2026-01-27 11:06:18,2026-01-27
187446,2026-01-26 11:57:00,1,2026-01-26,1403,2026-01-26 14:24:03,27 ene,,2026-01-26,2026-01-27,2026-01-27,2026-01-27,2026-01-26 11:57:00,2026-01-26 14:03:00,2026-01-26 14:24:03,2026-01-27
187447,2026-01-26 11:57:00,1,2026-01-26,1738,2026-01-27 11:52:21,27 ene,,2026-01-26,2026-01-27,2026-01-27,2026-01-27,2026-01-26 11:57:00,2026-01-26 17:38:00,2026-01-27 11:52:21,2026-01-27
187448,2026-01-26 11:57:00,2,2026-01-26,1738,2026-01-27 09:29:42,27 ene,,2026-01-26,2026-01-27,2026-01-27,2026-01-27,2026-01-26 11:57:00,2026-01-26 17:38:00,2026-01-27 09:29:42,2026-01-27
187449,2026-01-26 11:58:00,2,2026-01-27,1000,2026-01-27 13:56:43,27 ene,,2026-01-26,2026-01-27,2026-01-28,2026-01-27,2026-01-26 11:58:00,2026-01-27 10:00:00,2026-01-27 13:56:43,2026-01-27
187450,2026-01-26 11:58:00,3,2026-01-27,850,2026-01-27 09:12:29,27 ene,,2026-01-26,2026-01-27,2026-01-27,2026-01-27,2026-01-26 11:58:00,2026-01-27 08:50:00,2026-01-27 09:12:29,2026-01-27
187451,2026-01-26 11:59:00,2,2026-01-26,1443,2026-01-26 14:57:08,27 ene,,2026-01-26,2026-01-27,2026-01-27,2026-01-27,2026-01-26 11:59:00,2026-01-26 14:43:00,2026-01-26 14:57:08,2026-01-27
187452,2026-01-26 12:01:00,2,2026-01-27,910,2026-01-27 10:31:31,27 ene,,2026-01-26,2026-01-27,2026-01-27,2026-01-27,2026-01-26 12:01:00,2026-01-27 09:10:00,2026-01-27 10:31:31,2026-01-27
187453,2026-01-26 12:01:00,3,2026-01-27,838,2026-01-27 09:35:06,27 ene,,2026-01-26,2026-01-27,2026-01-27,2026-01-27,2026-01-26 12:01:00,2026-01-27 08:38:00,2026-01-27 09:35:06,2026-01-27
187454,2026-01-26 12:01:00,5,2026-01-27,910,2026-01-27 11:25:03,27 ene,,2026-01-26,2026-01-27,2026-01-27,2026-01-27,2026-01-26 12:01:00,2026-01-27 09:10:00,2026-01-27 11:25:03,2026-01-27
187455,2026-01-26 13:17:00,1,2026-01-27,1306,2026-01-27 13:43:38,27 ene,,2026-01-27,2026-01-28,2026-01-28,2026-01-27,2026-01-26 13:17:00,2026-01-27 13:06:00,2026-01-27 13:43:38,2026-01-27
187456,2026-01-26 13:18:00,5,2026-01-27,1719,2026-01-28 09:56:45,28 ENE,,2026-01-27,2026-01-28,2026-01-28,2026-01-28,2026-01-26 13:18:00,2026-01-27 17:19:00,2026-01-28 09:56:45,2026-01-28
187457,2026-01-26 13:19:00,1,2026-01-27,1106,2026-01-27 11:43:48,27 ene,,2026-01-27,2026-01-27,2026-01-27,2026-01-27,2026-01-26 13:19:00,2026-01-27 11:06:00,2026-01-27 11:43:48,2026-01-27
187458,2026-01-26 13:38:00,2,,,,,,2026-01-27,,,,2026-01-26 13:38:00,,,
187459,2026-01-26 13:40:00,16,2026-01-29,908,2026-01-28 14:19:38,28 ENE,,2026-01-27,2026-01-29,2026-01-29,2026-01-28,2026-01-26 13:40:00,2026-01-29 09:08:00,2026-01-28 14:19:38,2026-01-28
187460,2026-01-26 13:40:00,1,2026-01-28,823,2026-01-28 11:04:48,28 ENE,,2026-01-27,2026-01-28,2026-01-28,2026-01-28,2026-01-26 13:40:00,2026-01-28 08:23:00,2026-01-28 11:04:48,2026-01-28
187461,2026-01-26 13:40:00,6,2026-01-28,823,2026-01-28 11:04:48,28 ENE,,2026-01-27,2026-01-28,2026-01-28,2026-01-28,2026-01-26 13:40:00,2026-01-28 08:23:00,2026-01-28 11:04:48,2026-01-28
187462,2026-01-26 13:40:00,1,,,,,,2026-01-27,,,,2026-01-26 13:40:00,,,
187463,2026-01-26 13:40:00,1,2026-01-27,1306,2026-01-27 13:49:29,27 ene,,2026-01-27,2026-01-28,2026-01-28,2026-01-27,2026-01-26 13:40:00,2026-01-27 13:06:00,2026-01-27 13:49:29,2026-01-27
187464,2026-01-26 13:41:00,3,2026-01-27,1306,2026-01-27 14:22:57,27 ENE,,2026-01-27,2026-01-28,2026-01-28,2026-01-27,2026-01-26 13:41:00,2026-01-27 13:06:00,2026-01-27 14:22:57,2026-01-27
187465,2026-01-26 13:41:00,2,2026-01-27,1308,2026-01-27 13:42:22,27 ene,,2026-01-27,2026-01-28,2026-01-28,2026-01-27,2026-01-26 13:41:00,2026-01-27 13:08:00,2026-01-27 13:42:22,2026-01-27
187466,2026-01-26 13:44:00,2,2026-01-27,1308,2026-01-27 14:20:37,27 ENE,,2026-01-27,2026-01-28,2026-01-28,2026-01-27,2026-01-26 13:44:00,2026-01-27 13:08:00,2026-01-27 14:20:37,2026-01-27
187467,2026-01-26 13:44:00,1,2026-01-27,1346,2026-01-27 14:16:45,27 ENE,,2026-01-27,2026-01-28,2026-01-28,2026-01-27,2026-01-26 13:44:00,2026-01-27 13:46:00,2026-01-27 14:16:45,2026-01-27
187468,2026-01-26 13:44:00,3,2026-01-28,1538,2026-01-28 16:25:56,30 ENE,,2026-01-27,2026-01-29,2026-01-29,2026-01-30,2026-01-26 13:44:00,2026-01-28 15:38:00,2026-01-28 16:25:56,2026-01-30
187469,2026-01-26 13:44:00,2,2026-01-27,1346,2026-01-27 14:59:31,27 ENE,,2026-01-27,2026-01-28,2026-01-28,2026-01-27,2026-01-26 13:44:00,2026-01-27 13:46:00,2026-01-27 14:59:31,2026-01-27
187470,2026-01-26 13:45:00,1,2026-01-27,1412,2026-01-27 16:14:54,28 ENE,,2026-01-27,2026-01-28,2026-01-28,2026-01-28,2026-01-26 13:45:00,2026-01-27 14:12:00,2026-01-27 16:14:54,2026-01-28
187471,2026-01-26 13:45:00,2,2026-01-27,1420,2026-01-27 16:25:29,28 ENE,,2026-01-27,2026-01-28,2026-01-28,2026-01-28,2026-01-26 13:45:00,2026-01-27 14:20:00,2026-01-27 16:25:29,2026-01-28
187472,2026-01-26 13:45:00,2,2026-01-27,1500,2026-01-27 16:16:46,28 ENE,,2026-01-27,2026-01-28,2026-01-28,2026-01-28,2026-01-26 13:45:00,2026-01-27 15:00:00,2026-01-27 16:16:46,2026-01-28
187473,2026-01-26 13:45:00,3,2026-01-28,812,2026-01-28 09:11:20,28 ENE,,2026-01-27,2026-01-28,2026-01-28,2026-01-28,2026-01-26 13:45:00,2026-01-28 08:12:00,2026-01-28 09:11:20,2026-01-28
187474,2026-01-26 13:45:00,5,2026-01-27,1412,2026-01-27 15:49:59,28 ENE,,2026-01-27,2026-01-28,2026-01-28,2026-01-28,2026-01-26 13:45:00,2026-01-27 14:12:00,2026-01-27 15:49:59,2026-01-28
187475,2026-01-26 13:45:00,2,2026-01-27,1346,2026-01-27 14:53:28,27 ENE,,2026-01-27,2026-01-28,2026-01-28,2026-01-27,2026-01-26 13:45:00,2026-01-27 13:46:00,2026-01-27 14:53:28,2026-01-27
187476,2026-01-26 13:46:00,13,2026-01-28,1306,2026-01-28 15:20:09,29-01-2026,,2026-01-27,2026-01-29,2026-01-29,2026-01-29,2026-01-26 13:46:00,2026-01-28 13:06:00,2026-01-28 15:20:09,2026-01-29
187477,2026-01-26 13:46:00,2,2026-01-27,2122,2026-01-28 08:25:23,28-01-2026,,2026-01-27,2026-01-28,2026-01-28,2026-01-28,2026-01-26 13:46:00,2026-01-27 21:22:00,2026-01-28 08:25:23,2026-01-28
187478,2026-01-26 13:46:00,2,2026-01-28,1356,2026-01-28 15:16:34,29-01-2026,,2026-01-27,2026-01-29,2026-01-29,2026-01-29,2026-01-26 13:46:00,2026-01-28 13:56:00,2026-01-28 15:16:34,2026-01-29
187479,2026-01-26 13:46:00,4,2026-01-28,1612,2026-01-28 16:34:35,29-01-2026,,2026-01-27,2026-01-29,2026-01-29,2026-01-29,2026-01-26 13:46:00,2026-01-28 16:12:00,2026-01-28 16:34:35,2026-01-29
187480,2026-01-26 13:46:00,2,2026-01-28,1046,2026-01-28 15:37:10,29-01-2026,,2026-01-27,2026-01-28,2026-01-29,2026-01-29,2026-01-26 13:46:00,2026-01-28 10:46:00,2026-01-28 15:37:10,2026-01-29
187481,2026-01-26 14:35:00,1,2026-01-27,1450,2026-01-27 15:03:32,27 ENE,,2026-01-27,2026-01-28,2026-01-28,2026-01-27,2026-01-26 14:35:00,2026-01-27 14:50:00,2026-01-27 15:03:32,2026-01-27
187482,2026-01-26 14:39:00,13,2026-01-28,1652,2026-01-28 17:25:59,29 ENE,,2026-01-27,2026-01-29,2026-01-29,2026-01-29,2026-01-26 14:39:00,2026-01-28 16:52:00,2026-01-28 17:25:59,2026-01-29
187483,2026-01-26 14:57:00,8,2026-01-28,1059,2026-01-27 11:23:34,27 ene,,2026-01-27,2026-01-28,2026-01-27,2026-01-27,2026-01-26 14:57:00,2026-01-28 10:59:00,2026-01-27 11:23:34,2026-01-27
187484,2026-01-26 14:57:00,1,,,,,,2026-01-27,,,,2026-01-26 14:57:00,,,
187485,2026-01-26 14:57:00,15,2026-01-27,2122,2026-01-28 10:28:22,28 ENE,,2026-01-27,2026-01-28,2026-01-28,2026-01-28,2026-01-26 14:57:00,2026-01-27 21:22:00,2026-01-28 10:28:22,2026-01-28
187486,2026-01-26 14:58:00,1,2026-01-27,1106,2026-01-27 11:23:34,27 ene,,2026-01-27,2026-01-27,2026-01-27,2026-01-27,2026-01-26 14:58:00,2026-01-27 11:06:00,2026-01-27 11:23:34,2026-01-27
187487,2026-01-26 14:59:00,1,2026-01-27,1308,2026-01-27 14:11:41,27 ENE,,2026-01-27,2026-01-28,2026-01-28,2026-01-27,2026-01-26 14:59:00,2026-01-27 13:08:00,2026-01-27 14:11:41,2026-01-27
187488,2026-01-26 15:07:00,64,2026-01-28,906,2026-01-28 10:44:28,28 ENE,,2026-01-27,2026-01-28,2026-01-28,2026-01-28,2026-01-26 15:07:00,2026-01-28 09:06:00,2026-01-28 10:44:28,2026-01-28
187489,2026-01-26 15:12:00,16,2026-01-27,1722,2026-01-28 12:11:20,29 ene,,2026-01-27,2026-01-28,2026-01-28,2026-01-29,2026-01-26 15:12:00,2026-01-27 17:22:00,2026-01-28 12:11:20,2026-01-29
187490,2026-01-26 15:16:00,27,2026-01-28,1040,2026-01-28 11:41:58,28 ENE,,2026-01-27,2026-01-28,2026-01-28,2026-01-28,2026-01-26 15:16:00,2026-01-28 10:40:00,2026-01-28 11:41:58,2026-01-28
187491,2026-01-26 15:23:00,20,2026-01-28,1032,2026-01-28 12:56:49,28 ENE,,2026-01-27,2026-01-28,2026-01-28,2026-01-28,2026-01-26 15:23:00,2026-01-28 10:32:00,2026-01-28 12:56:49,2026-01-28
187492,2026-01-26 15:23:00,10,2026-01-27,919,2026-01-27 10:46:07,27 ene,,2026-01-27,2026-01-27,2026-01-27,2026-01-27,2026-01-26 15:23:00,2026-01-27 09:19:00,2026-01-27 10:46:07,2026-01-27
187493,2026-01-26 15:23:00,1,2026-01-27,1436,2026-01-27 15:18:07,27 ENE,,2026-01-27,2026-01-28,2026-01-28,2026-01-27,2026-01-26 15:23:00,2026-01-27 14:36:00,2026-01-27 15:18:07,2026-01-27
187494,2026-01-26 15:23:00,1,2026-01-28,1040,2026-01-28 11:52:53,28 ENE,,2026-01-27,2026-01-28,2026-01-28,2026-01-28,2026-01-26 15:23:00,2026-01-28 10:40:00,2026-01-28 11:52:53,2026-01-28
187495,2026-01-26 15:23:00,1,2026-01-28,1150,2026-01-28 13:21:28,28 ENE,,2026-01-27,2026-01-28,2026-01-29,2026-01-28,2026-01-26 15:23:00,2026-01-28 11:50:00,2026-01-28 13:21:28,2026-01-28
187496,2026-01-26 15:40:00,3,2026-01-28,816,2026-01-28 11:04:48,28 ENE,,2026-01-27,2026-01-28,2026-01-28,2026-01-28,2026-01-26 15:40:00,2026-01-28 08:16:00,2026-01-28 11:04:48,2026-01-28
187497,2026-01-26 15:42:00,1,2026-01-26,1622,2026-01-26 16:25:48,27-01-2026,,2026-01-27,2026-01-27,2026-01-27,2026-01-27,2026-01-26 15:42:00,2026-01-26 16:22:00,2026-01-26 16:25:48,2026-01-27
187498,2026-01-26 15:57:00,12,2026-01-28,1650,2026-01-28 17:04:21,,,2026-01-27,2026-01-29,2026-01-29,,2026-01-26 15:57:00,2026-01-28 16:50:00,2026-01-28 17:04:21,
187499,2026-01-26 15:57:00,29,2026-01-28,810,2026-01-28 10:09:22,28-01-2026,,2026-01-27,2026-01-28,2026-01-28,2026-01-28,2026-01-26 15:57:00,2026-01-28 08:10:00,2026-01-28 10:09:22,2026-01-28
187500,2026-01-26 16:07:00,3,2026-01-28,1422,2026-01-28 15:16:15,29 ENE,,2026-01-27,2026-01-29,2026-01-29,2026-01-29,2026-01-26 16:07:00,2026-01-28 14:22:00,2026-01-28 15:16:15,2026-01-29
187501,2026-01-26 16:21:00,18,2026-01-27,1514,2026-01-27 15:30:57,27-01-2026,,2026-01-27,2026-01-28,2026-01-28,2026-01-27,2026-01-26 16:21:00,2026-01-27 15:14:00,2026-01-27 15:30:57,2026-01-27
187502,2026-01-27 07:38:00,1,2026-01-27,1306,2026-01-27 14:12:16,27-01-2026,,2026-01-27,2026-01-28,2026-01-28,2026-01-27,2026-01-27 07:38:00,2026-01-27 13:06:00,2026-01-27 14:12:16,2026-01-27
187503,2026-01-27 07:45:00,1,2026-01-28,1338,2026-01-28 15:11:29,29 ENE,,2026-01-27,2026-01-29,2026-01-29,2026-01-29,2026-01-27 07:45:00,2026-01-28 13:38:00,2026-01-28 15:11:29,2026-01-29
187504,2026-01-27 08:12:00,3,2026-01-27,2122,2026-01-28 08:48:58,28-01-2026,,2026-01-27,2026-01-28,2026-01-28,2026-01-28,2026-01-27 08:12:00,2026-01-27 21:22:00,2026-01-28 08:48:58,2026-01-28
187505,2026-01-27 08:13:00,4,2026-01-27,2122,2026-01-28 08:31:51,28-01-2026,,2026-01-27,2026-01-28,2026-01-28,2026-01-28,2026-01-27 08:13:00,2026-01-27 21:22:00,2026-01-28 08:31:51,2026-01-28
187506,2026-01-27 08:13:00,19,2026-01-28,832,2026-01-28 09:21:48,28-01-2026,,2026-01-27,2026-01-28,2026-01-28,2026-01-28,2026-01-27 08:13:00,2026-01-28 08:32:00,2026-01-28 09:21:48,2026-01-28
187507,2026-01-27 08:13:00,10,2026-01-27,1655,2026-01-27 20:09:21,28-01-2026,,2026-01-27,2026-01-28,2026-01-28,2026-01-28,2026-01-27 08:13:00,2026-01-27 16:55:00,2026-01-27 20:09:21,2026-01-28
187508,2026-01-27 08:38:00,4,2026-01-27,1542,2026-01-27 16:18:03,28 ENE,,2026-01-27,2026-01-28,2026-01-28,2026-01-28,2026-01-27 08:38:00,2026-01-27 15:42:00,2026-01-27 16:18:03,2026-01-28
187509,2026-01-27 09:40:00,4,2026-01-27,1412,2026-01-27 14:23:40,27 ENE,,2026-01-27,2026-01-28,2026-01-28,2026-01-27,2026-01-27 09:40:00,2026-01-27 14:12:00,2026-01-27 14:23:40,2026-01-27
187510,2026-01-27 09:47:00,2,2026-01-27,1413,2026-01-27 15:11:53,28 ENE,,2026-01-27,2026-01-28,2026-01-28,2026-01-28,2026-01-27 09:47:00,2026-01-27 14:13:00,2026-01-27 15:11:53,2026-01-28
187511,2026-01-27 09:48:00,3,2026-01-28,1422,2026-01-28 15:28:48,29 ENE,,2026-01-27,2026-01-29,2026-01-29,2026-01-29,2026-01-27 09:48:00,2026-01-28 14:22:00,2026-01-28 15:28:48,2026-01-29
187512,2026-01-27 09:50:00,2,2026-01-28,816,2026-01-28 12:49:24,28 ENE,,2026-01-27,2026-01-28,2026-01-28,2026-01-28,2026-01-27 09:50:00,2026-01-28 08:16:00,2026-01-28 12:49:24,2026-01-28
187513,2026-01-27 09:51:00,7,2026-01-28,1738,2026-01-29 12:00:54,30 ENE,,2026-01-27,2026-01-29,2026-01-29,2026-01-30,2026-01-27 09:51:00,2026-01-28 17:38:00,2026-01-29 12:00:54,2026-01-30
187514,2026-01-27 10:04:00,7,2026-01-27,1658,2026-01-27 17:16:39,28 ENE,,2026-01-27,2026-01-28,2026-01-28,2026-01-28,2026-01-27 10:04:00,2026-01-27 16:58:00,2026-01-27 17:16:39,2026-01-28
187515,2026-01-27 10:05:00,1,2026-01-27,1448,2026-01-27 15:08:06,27 ENE,,2026-01-27,2026-01-28,2026-01-28,2026-01-27,2026-01-27 10:05:00,2026-01-27 14:48:00,2026-01-27 15:08:06,2026-01-27
187516,2026-01-27 10:05:00,1,2026-01-27,1658,2026-01-27 17:26:48,28 ENE,,2026-01-27,2026-01-28,2026-01-28,2026-01-28,2026-01-27 10:05:00,2026-01-27 16:58:00,2026-01-27 17:26:48,2026-01-28
187517,2026-01-27 10:05:00,1,2026-01-27,1448,2026-01-27 15:37:07,28 ENE,,2026-01-27,2026-01-28,2026-01-28,2026-01-28,2026-01-27 10:05:00,2026-01-27 14:48:00,2026-01-27 15:37:07,2026-01-28
187518,2026-01-27 10:05:00,2,2026-01-27,1542,2026-01-27 16:23:44,28 ENE,,2026-01-27,2026-01-28,2026-01-28,2026-01-28,2026-01-27 10:05:00,2026-01-27 15:42:00,2026-01-27 16:23:44,2026-01-28
187519,2026-01-27 10:05:00,9,2026-01-27,1658,2026-01-27 17:28:39,28-01-2026,,2026-01-27,2026-01-28,2026-01-28,2026-01-28,2026-01-27 10:05:00,2026-01-27 16:58:00,2026-01-27 17:28:39,2026-01-28
187520,2026-01-27 10:05:00,16,2026-01-27,1719,2026-01-28 09:17:13,28 ENE,,2026-01-27,2026-01-28,2026-01-28,2026-01-28,2026-01-27 10:05:00,2026-01-27 17:19:00,2026-01-28 09:17:13,2026-01-28
187521,2026-01-27 10:28:00,2,,,,,,2026-01-27,,,,2026-01-27 10:28:00,,,
187522,2026-01-27 10:37:00,1,2026-01-27,1719,2026-01-28 14:38:41,28 ENE,,2026-01-27,2026-01-28,2026-01-29,2026-01-28,2026-01-27 10:37:00,2026-01-27 17:19:00,2026-01-28 14:38:41,2026-01-28
187523,2026-01-27 10:37:00,6,2026-01-27,1719,2026-01-27 20:47:30,28-01-2026,,2026-01-27,2026-01-28,2026-01-28,2026-01-28,2026-01-27 10:37:00,2026-01-27 17:19:00,2026-01-27 20:47:30,2026-01-28
187524,2026-01-27 10:45:00,1,2026-01-28,1036,2026-01-28 15:29:24,29-01-2026,,2026-01-27,2026-01-28,2026-01-29,2026-01-29,2026-01-27 10:45:00,2026-01-28 10:36:00,2026-01-28 15:29:24,2026-01-29
187525,2026-01-27 11:13:00,3,2026-01-29,840,2026-01-29 10:10:25,29 ENE,,2026-01-27,2026-01-29,2026-01-29,2026-01-29,2026-01-27 11:13:00,2026-01-29 08:40:00,2026-01-29 10:10:25,2026-01-29
187526,2026-01-27 11:14:00,6,2026-01-28,1356,2026-01-28 15:17:08,29 ENE,,2026-01-27,2026-01-29,2026-01-29,2026-01-29,2026-01-27 11:14:00,2026-01-28 13:56:00,2026-01-28 15:17:08,2026-01-29
187527,2026-01-27 11:15:00,1,2026-01-28,1306,2026-01-28 13:28:28,28 ENE,,2026-01-27,2026-01-29,2026-01-29,2026-01-28,2026-01-27 11:15:00,2026-01-28 13:06:00,2026-01-28 13:28:28,2026-01-28
187528,2026-01-27 11:16:00,14,2026-01-29,940,2026-01-29 10:04:22,29-01-2026,,2026-01-27,2026-01-29,2026-01-29,2026-01-29,2026-01-27 11:16:00,2026-01-29 09:40:00,2026-01-29 10:04:22,2026-01-29
187529,2026-01-27 11:24:00,1,2026-01-27,1426,2026-01-27 16:35:46,28 ENE,,2026-01-27,2026-01-28,2026-01-28,2026-01-28,2026-01-27 11:24:00,2026-01-27 14:26:00,2026-01-27 16:35:46,2026-01-28
187530,2026-01-27 11:33:00,47,2026-01-28,1738,2026-01-29 12:02:29,29 ENE,,2026-01-27,2026-01-29,2026-01-29,2026-01-29,2026-01-27 11:33:00,2026-01-28 17:38:00,2026-01-29 12:02:29,2026-01-29
187531,2026-01-27 11:36:00,4,2026-01-28,1000,2026-01-28 12:13:14,28 ENE,,2026-01-27,2026-01-28,2026-01-28,2026-01-28,2026-01-27 11:36:00,2026-01-28 10:00:00,2026-01-28 12:13:14,2026-01-28
187532,2026-01-27 11:37:00,6,2026-01-28,1032,2026-01-28 11:44:29,28 ENE,,2026-01-27,2026-01-28,2026-01-28,2026-01-28,2026-01-27 11:37:00,2026-01-28 10:32:00,2026-01-28 11:44:29,2026-01-28
187533,2026-01-27 11:48:00,2,2026-01-28,1306,2026-01-28 13:33:23,28 ENE,,2026-01-27,2026-01-29,2026-01-29,2026-01-28,2026-01-27 11:48:00,2026-01-28 13:06:00,2026-01-28 13:33:23,2026-01-28
187534,2026-01-27 11:50:00,8,2026-01-27,1700,2026-01-28 15:36:11,29 ENE,,2026-01-27,2026-01-28,2026-01-29,2026-01-29,2026-01-27 11:50:00,2026-01-27 17:00:00,2026-01-28 15:36:11,2026-01-29
187535,2026-01-27 11:55:00,2,2026-01-28,1032,2026-01-28 13:12:28,29-01-2026,,2026-01-27,2026-01-28,2026-01-29,2026-01-29,2026-01-27 11:55:00,2026-01-28 10:32:00,2026-01-28 13:12:28,2026-01-29
187536,2026-01-27 11:56:00,13,2026-01-28,1338,2026-01-28 14:28:59,28 ENE,,2026-01-27,2026-01-29,2026-01-29,2026-01-28,2026-01-27 11:56:00,2026-01-28 13:38:00,2026-01-28 14:28:59,2026-01-28
187537,2026-01-27 11:56:00,17,2026-01-28,1422,2026-01-28 14:56:52,28 ENE,,2026-01-27,2026-01-29,2026-01-29,2026-01-28,2026-01-27 11:56:00,2026-01-28 14:22:00,2026-01-28 14:56:52,2026-01-28
187538,2026-01-27 12:30:00,1,2026-01-27,1230,,,,2026-01-27,2026-01-27,,,2026-01-27 12:30:00,2026-01-27 12:30:00,,
187539,2026-01-27 12:33:00,1,2026-01-27,1233,,,,2026-01-27,2026-01-27,,,2026-01-27 12:33:00,2026-01-27 12:33:00,,
187540,2026-01-27 12:47:00,7,2026-01-28,1522,2026-01-28 16:08:46,29 ENE,,2026-01-27,2026-01-29,2026-01-29,2026-01-29,2026-01-27 12:47:00,2026-01-28 15:22:00,2026-01-28 16:08:46,2026-01-29
187541,2026-01-27 12:47:00,6,2026-01-27,1726,2026-01-28 14:15:50,28 ENE,,2026-01-27,2026-01-28,2026-01-29,2026-01-28,2026-01-27 12:47:00,2026-01-27 17:26:00,2026-01-28 14:15:50,2026-01-28
187542,2026-01-27 12:48:00,1,2026-01-28,1306,2026-01-28 14:44:14,29 ene,,2026-01-27,2026-01-29,2026-01-29,2026-01-29,2026-01-27 12:48:00,2026-01-28 13:06:00,2026-01-28 14:44:14,2026-01-29
187543,2026-01-27 12:49:00,5,,,,,,2026-01-27,,,,2026-01-27 12:49:00,,,
187544,2026-01-27 12:49:00,1,2026-01-27,1658,2026-01-28 16:13:37,29 ENE,,2026-01-27,2026-01-28,2026-01-29,2026-01-29,2026-01-27 12:49:00,2026-01-27 16:58:00,2026-01-28 16:13:37,2026-01-29
187545,2026-01-27 12:50:00,8,2026-01-28,1000,2026-01-28 14:14:23,28 ENE,,2026-01-27,2026-01-28,2026-01-29,2026-01-28,2026-01-27 12:50:00,2026-01-28 10:00:00,2026-01-28 14:14:23,2026-01-28
187546,2026-01-27 12:50:00,1,2026-01-28,812,2026-01-28 14:01:50,28 ENE,,2026-01-27,2026-01-28,2026-01-29,2026-01-28,2026-01-27 12:50:00,2026-01-28 08:12:00,2026-01-28 14:01:50,2026-01-28
187547,2026-01-27 12:52:00,2,2026-01-28,817,2026-01-28 15:08:06,28 ENE,,2026-01-27,2026-01-28,2026-01-29,2026-01-28,2026-01-27 12:52:00,2026-01-28 08:17:00,2026-01-28 15:08:06,2026-01-28
187548,2026-01-27 12:55:00,1,2026-01-28,822,2026-01-28 12:31:20,28 ENE,,2026-01-27,2026-01-28,2026-01-28,2026-01-28,2026-01-27 12:55:00,2026-01-28 08:22:00,2026-01-28 12:31:20,2026-01-28
187549,2026-01-27 12:57:00,7,2026-01-27,1538,2026-01-27 15:42:48,27-01-2026,,2026-01-27,2026-01-28,2026-01-28,2026-01-27,2026-01-27 12:57:00,2026-01-27 15:38:00,2026-01-27 15:42:48,2026-01-27
187550,2026-01-27 13:38:00,1,,,,,,2026-01-28,,,,2026-01-27 13:38:00,,,
187551,2026-01-27 13:38:00,2,2026-01-28,1744,2026-01-29 09:04:26,29 ENE,,2026-01-28,2026-01-29,2026-01-29,2026-01-29,2026-01-27 13:38:00,2026-01-28 17:44:00,2026-01-29 09:04:26,2026-01-29
187552,2026-01-27 13:39:00,2,2026-01-28,1612,2026-01-28 16:34:08,29-01-2026,,2026-01-28,2026-01-29,2026-01-29,2026-01-29,2026-01-27 13:39:00,2026-01-28 16:12:00,2026-01-28 16:34:08,2026-01-29
187553,2026-01-27 13:39:00,1,2026-01-28,1234,2026-01-28 12:44:29,28-01-2026,,2026-01-28,2026-01-28,2026-01-28,2026-01-28,2026-01-27 13:39:00,2026-01-28 12:34:00,2026-01-28 12:44:29,2026-01-28
187554,2026-01-27 13:44:00,1,2026-01-28,1522,2026-01-28 15:45:26,28 ENE,,2026-01-28,2026-01-29,2026-01-29,2026-01-28,2026-01-27 13:44:00,2026-01-28 15:22:00,2026-01-28 15:45:26,2026-01-28
187555,2026-01-27 14:15:00,12,2026-01-29,922,2026-01-29 10:21:48,29 ENE,,2026-01-28,2026-01-29,2026-01-29,2026-01-29,2026-01-27 14:15:00,2026-01-29 09:22:00,2026-01-29 10:21:48,2026-01-29
187556,2026-01-27 15:14:00,2,2026-01-28,1742,2026-01-29 14:42:14,29 ENE,,2026-01-28,2026-01-29,2026-01-30,2026-01-29,2026-01-27 15:14:00,2026-01-28 17:42:00,2026-01-29 14:42:14,2026-01-29
187557,2026-01-27 15:16:00,4,2026-01-29,946,2026-01-29 11:10:48,09 feb,,2026-01-28,2026-01-29,2026-01-29,2026-02-09,2026-01-27 15:16:00,2026-01-29 09:46:00,2026-01-29 11:10:48,2026-02-09
187558,2026-01-27 15:31:00,2,2026-01-27,1618,2026-01-27 16:44:42,27-01-2026,,2026-01-28,2026-01-28,2026-01-28,2026-01-27,2026-01-27 15:31:00,2026-01-27 16:18:00,2026-01-27 16:44:42,2026-01-27
187559,2026-01-27 15:33:00,2,2026-01-27,1700,2026-01-28 08:50:51,27 ene,,2026-01-28,2026-01-28,2026-01-28,2026-01-27,2026-01-27 15:33:00,2026-01-27 17:00:00,2026-01-28 08:50:51,2026-01-27
187560,2026-01-27 16:04:00,3,2026-01-29,946,2026-01-29 12:58:12,29 ENE,,2026-01-28,2026-01-29,2026-01-29,2026-01-29,2026-01-27 16:04:00,2026-01-29 09:46:00,2026-01-29 12:58:12,2026-01-29
187561,2026-01-27 16:07:00,2,2026-01-29,1032,2026-01-29 11:27:53,29 ENE,,2026-01-28,2026-01-29,2026-01-29,2026-01-29,2026-01-27 16:07:00,2026-01-29 10:32:00,2026-01-29 11:27:53,2026-01-29
187562,2026-01-27 16:07:00,1,2026-01-29,1032,2026-01-29 11:27:53,29 ENE,,2026-01-28,2026-01-29,2026-01-29,2026-01-29,2026-01-27 16:07:00,2026-01-29 10:32:00,2026-01-29 11:27:53,2026-01-29
187563,2026-01-27 16:07:00,2,2026-01-29,1032,2026-01-29 11:27:53,29 ENE,,2026-01-28,2026-01-29,2026-01-29,2026-01-29,2026-01-27 16:07:00,2026-01-29 10:32:00,2026-01-29 11:27:53,2026-01-29
187564,2026-01-27 16:07:00,2,2026-01-29,1032,2026-01-29 11:27:53,29 ENE,,2026-01-28,2026-01-29,2026-01-29,2026-01-29,2026-01-27 16:07:00,2026-01-29 10:32:00,2026-01-29 11:27:53,2026-01-29
187565,2026-01-27 16:09:00,1,2026-01-29,1034,2026-01-29 11:27:53,29 ENE,,2026-01-28,2026-01-29,2026-01-29,2026-01-29,2026-01-27 16:09:00,2026-01-29 10:34:00,2026-01-29 11:27:53,2026-01-29
187566,2026-01-27 16:10:00,1,2026-01-28,1742,2026-01-29 09:24:56,29 ENE,,2026-01-28,2026-01-29,2026-01-29,2026-01-29,2026-01-27 16:10:00,2026-01-28 17:42:00,2026-01-29 09:24:56,2026-01-29
187567,2026-01-27 16:11:00,3,2026-01-29,932,2026-01-29 10:48:48,29 ENE,,2026-01-28,2026-01-29,2026-01-29,2026-01-29,2026-01-27 16:11:00,2026-01-29 09:32:00,2026-01-29 10:48:48,2026-01-29
187568,2026-01-27 16:11:00,2,2026-01-29,932,2026-01-29 10:48:48,29 ENE,,2026-01-28,2026-01-29,2026-01-29,2026-01-29,2026-01-27 16:11:00,2026-01-29 09:32:00,2026-01-29 10:48:48,2026-01-29
187569,2026-01-27 16:11:00,3,2026-01-29,922,2026-01-29 12:17:44,29 ENE,,2026-01-28,2026-01-29,2026-01-29,2026-01-29,2026-01-27 16:11:00,2026-01-29 09:22:00,2026-01-29 12:17:44,2026-01-29
187570,2026-01-27 16:11:00,1,2026-01-29,900,2026-01-29 09:20:00,29 ENE,,2026-01-28,2026-01-29,2026-01-29,2026-01-29,2026-01-27 16:11:00,2026-01-29 09:00:00,2026-01-29 09:20:00,2026-01-29
187571,2026-01-27 16:11:00,2,2026-01-29,922,2026-01-29 10:48:48,29 ENE,,2026-01-28,2026-01-29,2026-01-29,2026-01-29,2026-01-27 16:11:00,2026-01-29 09:22:00,2026-01-29 10:48:48,2026-01-29
187572,2026-01-27 16:11:00,1,2026-01-29,1012,2026-01-29 12:47:07,29 ENE,,2026-01-28,2026-01-29,2026-01-29,2026-01-29,2026-01-27 16:11:00,2026-01-29 10:12:00,2026-01-29 12:47:07,2026-01-29
187573,2026-01-27 16:11:00,1,2026-01-29,940,2026-01-29 12:53:56,29 ENE,,2026-01-28,2026-01-29,2026-01-29,2026-01-29,2026-01-27 16:11:00,2026-01-29 09:40:00,2026-01-29 12:53:56,2026-01-29
187574,2026-01-27 16:12:00,1,2026-01-28,1612,2026-01-28 16:26:27,29 ENE,,2026-01-28,2026-01-29,2026-01-29,2026-01-29,2026-01-27 16:12:00,2026-01-28 16:12:00,2026-01-28 16:26:27,2026-01-29
187575,2026-01-27 16:12:00,1,2026-01-29,922,2026-01-29 12:51:52,29 ENE,,2026-01-28,2026-01-29,2026-01-29,2026-01-29,2026-01-27 16:12:00,2026-01-29 09:22:00,2026-01-29 12:51:52,2026-01-29
187576,2026-01-27 16:13:00,1,,,,,,2026-01-28,,,,2026-01-27 16:13:00,,,
187577,2026-01-27 16:23:00,1,2026-01-27,1624,,,,2026-01-28,2026-01-28,,,2026-01-27 16:23:00,2026-01-27 16:24:00,,
187578,2026-01-27 16:27:00,25,2026-01-28,1650,2026-01-28 17:13:08,29-01-2026,,2026-01-28,2026-01-29,2026-01-29,2026-01-29,2026-01-27 16:27:00,2026-01-28 16:50:00,2026-01-28 17:13:08,2026-01-29
187579,2026-01-27 17:10:00,2,2026-01-29,1102,2026-01-29 11:22:21,29 ENE,,2026-01-28,2026-01-29,2026-01-29,2026-01-29,2026-01-27 17:10:00,2026-01-29 11:02:00,2026-01-29 11:22:21,2026-01-29
187580,2026-01-27 17:19:00,1,2026-01-29,1124,2026-01-29 13:09:40,03-02-2026,,2026-01-28,2026-01-29,2026-01-30,2026-02-03,2026-01-27 17:19:00,2026-01-29 11:24:00,2026-01-29 13:09:40,2026-02-03
187581,2026-01-28 07:08:00,18,2026-01-29,2136,2026-01-30 12:03:49,30-01-2026,,2026-01-28,2026-01-30,2026-01-30,2026-01-30,2026-01-28 07:08:00,2026-01-29 21:36:00,2026-01-30 12:03:49,2026-01-30
187582,2026-01-28 07:08:00,2,2026-01-29,1124,2026-01-29 12:26:01,29 ENE,,2026-01-28,2026-01-29,2026-01-29,2026-01-29,2026-01-28 07:08:00,2026-01-29 11:24:00,2026-01-29 12:26:01,2026-01-29
187583,2026-01-28 07:20:00,19,2026-01-29,2134,2026-01-30 09:53:43,30 ene,,2026-01-28,2026-01-30,2026-01-30,2026-01-30,2026-01-28 07:20:00,2026-01-29 21:34:00,2026-01-30 09:53:43,2026-01-30
187584,2026-01-28 07:20:00,1,2026-01-28,1652,2026-01-28 17:03:00,29 ENE,,2026-01-28,2026-01-29,2026-01-29,2026-01-29,2026-01-28 07:20:00,2026-01-28 16:52:00,2026-01-28 17:03:00,2026-01-29
187585,2026-01-28 07:22:00,3,2026-01-29,940,2026-01-29 12:50:58,29 ENE,,2026-01-28,2026-01-29,2026-01-29,2026-01-29,2026-01-28 07:22:00,2026-01-29 09:40:00,2026-01-29 12:50:58,2026-01-29
187586,2026-01-28 07:22:00,1,2026-01-28,1742,2026-01-29 09:11:29,29 ENE,,2026-01-28,2026-01-29,2026-01-29,2026-01-29,2026-01-28 07:22:00,2026-01-28 17:42:00,2026-01-29 09:11:29,2026-01-29
187587,2026-01-28 07:22:00,1,2026-01-28,1422,2026-01-28 15:19:12,28 ENE,,2026-01-28,2026-01-29,2026-01-29,2026-01-28,2026-01-28 07:22:00,2026-01-28 14:22:00,2026-01-28 15:19:12,2026-01-28
187588,2026-01-28 07:32:00,2,2026-01-28,1742,2026-01-29 09:13:57,29 ENE,,2026-01-28,2026-01-29,2026-01-29,2026-01-29,2026-01-28 07:32:00,2026-01-28 17:42:00,2026-01-29 09:13:57,2026-01-29
187589,2026-01-28 07:35:00,3,2026-01-29,750,2026-01-29 13:07:26,29 ENE,,2026-01-28,2026-01-29,2026-01-30,2026-01-29,2026-01-28 07:35:00,2026-01-29 07:50:00,2026-01-29 13:07:26,2026-01-29
187590,2026-01-28 08:31:00,1,2026-01-28,1652,2026-01-28 17:17:18,29 ENE,,2026-01-28,2026-01-29,2026-01-29,2026-01-29,2026-01-28 08:31:00,2026-01-28 16:52:00,2026-01-28 17:17:18,2026-01-29
187591,2026-01-28 08:35:00,2,2026-01-29,1028,2026-01-29 11:27:53,29 ENE,,2026-01-28,2026-01-29,2026-01-29,2026-01-29,2026-01-28 08:35:00,2026-01-29 10:28:00,2026-01-29 11:27:53,2026-01-29
187592,2026-01-28 08:40:00,21,2026-01-29,1102,2026-01-29 12:44:07,29-01-2026,,2026-01-28,2026-01-29,2026-01-29,2026-01-29,2026-01-28 08:40:00,2026-01-29 11:02:00,2026-01-29 12:44:07,2026-01-29
187593,2026-01-28 09:27:00,2,2026-01-29,1102,2026-01-29 12:37:37,29-01-2026,,2026-01-28,2026-01-29,2026-01-29,2026-01-29,2026-01-28 09:27:00,2026-01-29 11:02:00,2026-01-29 12:37:37,2026-01-29
187594,2026-01-28 09:43:00,2,2026-01-28,1522,2026-01-28 16:10:12,29 ENE,,2026-01-28,2026-01-29,2026-01-29,2026-01-29,2026-01-28 09:43:00,2026-01-28 15:22:00,2026-01-28 16:10:12,2026-01-29
187595,2026-01-28 09:44:00,6,2026-01-29,1438,2026-01-29 14:44:54,29-01-2026,,2026-01-28,2026-01-30,2026-01-30,2026-01-29,2026-01-28 09:44:00,2026-01-29 14:38:00,2026-01-29 14:44:54,2026-01-29
187596,2026-01-28 09:46:00,1,2026-01-29,840,2026-01-29 10:30:24,29 ENE,,2026-01-28,2026-01-29,2026-01-29,2026-01-29,2026-01-28 09:46:00,2026-01-29 08:40:00,2026-01-29 10:30:24,2026-01-29
187597,2026-01-28 09:46:00,1,2026-01-29,846,2026-01-29 10:46:33,29 ENE,,2026-01-28,2026-01-29,2026-01-29,2026-01-29,2026-01-28 09:46:00,2026-01-29 08:46:00,2026-01-29 10:46:33,2026-01-29
187598,2026-01-28 10:12:00,18,2026-01-30,906,2026-01-30 12:06:03,30-01-2026,,2026-01-28,2026-01-30,2026-01-30,2026-01-30,2026-01-28 10:12:00,2026-01-30 09:06:00,2026-01-30 12:06:03,2026-01-30
187599,2026-01-28 10:12:00,1,2026-01-28,1524,2026-01-28 15:57:58,29-01-2026,,2026-01-28,2026-01-29,2026-01-29,2026-01-29,2026-01-28 10:12:00,2026-01-28 15:24:00,2026-01-28 15:57:58,2026-01-29
187600,2026-01-28 10:12:00,1,2026-01-29,1124,2026-01-29 13:07:42,29 ENE,,2026-01-28,2026-01-29,2026-01-30,2026-01-29,2026-01-28 10:12:00,2026-01-29 11:24:00,2026-01-29 13:07:42,2026-01-29
187601,2026-01-28 10:14:00,1,2026-01-29,1028,2026-01-29 12:19:56,29-01-2026,,2026-01-28,2026-01-29,2026-01-29,2026-01-29,2026-01-28 10:14:00,2026-01-29 10:28:00,2026-01-29 12:19:56,2026-01-29
187602,2026-01-28 10:20:00,1,2026-01-29,900,2026-01-29 09:17:03,29 ENE,,2026-01-28,2026-01-29,2026-01-29,2026-01-29,2026-01-28 10:20:00,2026-01-29 09:00:00,2026-01-29 09:17:03,2026-01-29
187603,2026-01-28 10:23:00,1,2026-01-28,1356,2026-01-28 16:05:43,28-01-2026,,2026-01-28,2026-01-29,2026-01-29,2026-01-28,2026-01-28 10:23:00,2026-01-28 13:56:00,2026-01-28 16:05:43,2026-01-28
187604,2026-01-28 10:24:00,1,2026-01-28,1025,,,,2026-01-28,2026-01-28,,,2026-01-28 10:24:00,2026-01-28 10:25:00,,
187605,2026-01-28 10:27:00,5,2026-01-29,1302,2026-01-29 14:08:17,29 ENE,,2026-01-28,2026-01-29,2026-01-30,2026-01-29,2026-01-28 10:27:00,2026-01-29 13:02:00,2026-01-29 14:08:17,2026-01-29
187606,2026-01-28 10:43:00,3,2026-01-29,1544,2026-01-29 16:04:13,30 ENE,,2026-01-28,2026-01-30,2026-01-30,2026-01-30,2026-01-28 10:43:00,2026-01-29 15:44:00,2026-01-29 16:04:13,2026-01-30
187607,2026-01-28 10:46:00,4,2026-01-29,1348,2026-01-29 14:28:52,29 ENE,,2026-01-28,2026-01-30,2026-01-30,2026-01-29,2026-01-28 10:46:00,2026-01-29 13:48:00,2026-01-29 14:28:52,2026-01-29
187608,2026-01-28 10:46:00,5,2026-01-29,1346,2026-01-29 14:10:06,29 ENE,,2026-01-28,2026-01-30,2026-01-30,2026-01-29,2026-01-28 10:46:00,2026-01-29 13:46:00,2026-01-29 14:10:06,2026-01-29
187609,2026-01-28 10:46:00,7,2026-01-29,1346,2026-01-29 14:15:47,29 ENE,,2026-01-28,2026-01-30,2026-01-30,2026-01-29,2026-01-28 10:46:00,2026-01-29 13:46:00,2026-01-29 14:15:47,2026-01-29
187610,2026-01-28 10:48:00,1,2026-01-28,1650,2026-01-28 17:01:43,29 ENE,,2026-01-28,2026-01-29,2026-01-29,2026-01-29,2026-01-28 10:48:00,2026-01-28 16:50:00,2026-01-28 17:01:43,2026-01-29
187611,2026-01-28 10:49:00,1,2026-01-28,1650,2026-01-28 17:05:06,29 ENE,,2026-01-28,2026-01-29,2026-01-29,2026-01-29,2026-01-28 10:49:00,2026-01-28 16:50:00,2026-01-28 17:05:06,2026-01-29
187612,2026-01-28 11:01:00,1,2026-01-29,900,2026-01-29 09:11:50,29-01-2026,,2026-01-28,2026-01-29,2026-01-29,2026-01-29,2026-01-28 11:01:00,2026-01-29 09:00:00,2026-01-29 09:11:50,2026-01-29
187613,2026-01-28 11:12:00,2,2026-01-29,1302,2026-01-29 13:53:52,29 ENE,,2026-01-28,2026-01-29,2026-01-30,2026-01-29,2026-01-28 11:12:00,2026-01-29 13:02:00,2026-01-29 13:53:52,2026-01-29
187614,2026-01-28 11:13:00,7,2026-01-29,1302,2026-01-29 13:33:30,29 ENE,,2026-01-28,2026-01-29,2026-01-30,2026-01-29,2026-01-28 11:13:00,2026-01-29 13:02:00,2026-01-29 13:33:30,2026-01-29
187615,2026-01-28 11:18:00,2,2026-01-28,1220,2026-01-28 12:39:31,28-01-2026,,2026-01-28,2026-01-28,2026-01-28,2026-01-28,2026-01-28 11:18:00,2026-01-28 12:20:00,2026-01-28 12:39:31,2026-01-28
187616,2026-01-28 11:30:00,2,2026-01-29,1440,2026-01-29 15:51:52,29-01-2026,,2026-01-28,2026-01-30,2026-01-30,2026-01-29,2026-01-28 11:30:00,2026-01-29 14:40:00,2026-01-29 15:51:52,2026-01-29
187617,2026-01-28 12:02:00,1,2026-01-28,1520,2026-01-28 15:40:51,28 ENE,,2026-01-28,2026-01-29,2026-01-29,2026-01-28,2026-01-28 12:02:00,2026-01-28 15:20:00,2026-01-28 15:40:51,2026-01-28
187618,2026-01-28 12:06:00,1,2026-01-28,1207,,,,2026-01-28,2026-01-28,,,2026-01-28 12:06:00,2026-01-28 12:07:00,,
187619,2026-01-28 12:11:00,3,2026-01-29,1346,2026-01-29 14:50:53,30 ENE,,2026-01-28,2026-01-30,2026-01-30,2026-01-30,2026-01-28 12:11:00,2026-01-29 13:46:00,2026-01-29 14:50:53,2026-01-30
187620,2026-01-28 12:25:00,4,2026-01-29,1406,2026-01-29 14:41:21,30-01-2026,,2026-01-28,2026-01-30,2026-01-30,2026-01-30,2026-01-28 12:25:00,2026-01-29 14:06:00,2026-01-29 14:41:21,2026-01-30
187621,2026-01-28 13:09:00,1,2026-01-29,2050,2026-01-30 09:41:17,30 ENE,,2026-01-29,2026-01-30,2026-01-30,2026-01-30,2026-01-28 13:09:00,2026-01-29 20:50:00,2026-01-30 09:41:17,2026-01-30
187622,2026-01-28 13:09:00,1,2026-01-29,2050,2026-01-30 09:09:02,30 ENE,,2026-01-29,2026-01-30,2026-01-30,2026-01-30,2026-01-28 13:09:00,2026-01-29 20:50:00,2026-01-30 09:09:02,2026-01-30
187623,2026-01-28 13:09:00,1,2026-01-29,2048,2026-01-30 09:24:40,30 ENE,,2026-01-29,2026-01-30,2026-01-30,2026-01-30,2026-01-28 13:09:00,2026-01-29 20:48:00,2026-01-30 09:24:40,2026-01-30
187624,2026-01-28 13:09:00,3,2026-01-29,1634,2026-01-29 17:10:12,30 ENE,,2026-01-29,2026-01-30,2026-01-30,2026-01-30,2026-01-28 13:09:00,2026-01-29 16:34:00,2026-01-29 17:10:12,2026-01-30
187625,2026-01-28 13:13:00,3,2026-01-30,942,2026-01-30 11:57:04,30 ENE,,2026-01-29,2026-01-30,2026-01-30,2026-01-30,2026-01-28 13:13:00,2026-01-30 09:42:00,2026-01-30 11:57:04,2026-01-30
187626,2026-01-28 13:15:00,1,2026-01-29,1406,2026-01-29 14:22:50,29 ene,,2026-01-29,2026-01-30,2026-01-30,2026-01-29,2026-01-28 13:15:00,2026-01-29 14:06:00,2026-01-29 14:22:50,2026-01-29
187627,2026-01-28 13:15:00,5,2026-01-29,1406,2026-01-29 14:33:09,29 ene,,2026-01-29,2026-01-30,2026-01-30,2026-01-29,2026-01-28 13:15:00,2026-01-29 14:06:00,2026-01-29 14:33:09,2026-01-29
187628,2026-01-28 13:15:00,5,2026-01-29,1454,2026-01-29 15:27:46,29 ENE,,2026-01-29,2026-01-30,2026-01-30,2026-01-29,2026-01-28 13:15:00,2026-01-29 14:54:00,2026-01-29 15:27:46,2026-01-29
187629,2026-01-28 13:15:00,10,2026-01-29,1438,2026-01-29 15:34:52,29 ENE,,2026-01-29,2026-01-30,2026-01-30,2026-01-29,2026-01-28 13:15:00,2026-01-29 14:38:00,2026-01-29 15:34:52,2026-01-29
187630,2026-01-28 13:15:00,1,2026-01-29,924,2026-01-29 10:52:56,29 ene,,2026-01-29,2026-01-29,2026-01-29,2026-01-29,2026-01-28 13:15:00,2026-01-29 09:24:00,2026-01-29 10:52:56,2026-01-29
187631,2026-01-28 13:15:00,40,2026-01-30,1406,2026-01-30 15:21:42,03-02-2026,,2026-01-29,2026-01-31,2026-01-31,2026-02-03,2026-01-28 13:15:00,2026-01-30 14:06:00,2026-01-30 15:21:42,2026-02-03
187632,2026-01-28 13:25:00,35,2026-01-29,1548,2026-01-29 15:59:34,30-01-2026,,2026-01-29,2026-01-30,2026-01-30,2026-01-30,2026-01-28 13:25:00,2026-01-29 15:48:00,2026-01-29 15:59:34,2026-01-30
187633,2026-01-28 13:35:00,2,2026-01-29,1454,2026-01-29 16:12:04,30 ENE,,2026-01-29,2026-01-30,2026-01-30,2026-01-30,2026-01-28 13:35:00,2026-01-29 14:54:00,2026-01-29 16:12:04,2026-01-30
187634,2026-01-28 13:38:00,1,2026-01-29,1634,2026-01-29 17:04:32,30 ENE,,2026-01-29,2026-01-30,2026-01-30,2026-01-30,2026-01-28 13:38:00,2026-01-29 16:34:00,2026-01-29 17:04:32,2026-01-30
187635,2026-01-28 13:43:00,7,2026-01-30,942,2026-01-30 13:10:27,30 ENE,,2026-01-29,2026-01-30,2026-01-31,2026-01-30,2026-01-28 13:43:00,2026-01-30 09:42:00,2026-01-30 13:10:27,2026-01-30
187636,2026-01-28 13:43:00,2,2026-01-29,1730,2026-01-29 19:27:15,29 ENE,,2026-01-29,2026-01-30,2026-01-30,2026-01-29,2026-01-28 13:43:00,2026-01-29 17:30:00,2026-01-29 19:27:15,2026-01-29
187637,2026-01-28 13:56:00,14,,,,,,2026-01-29,,,,2026-01-28 13:56:00,,,
187638,2026-01-28 14:06:00,1,2026-01-29,1634,2026-01-29 17:01:07,30 ENE,,2026-01-29,2026-01-30,2026-01-30,2026-01-30,2026-01-28 14:06:00,2026-01-29 16:34:00,2026-01-29 17:01:07,2026-01-30
187639,2026-01-28 14:12:00,4,2026-01-29,1632,2026-01-29 17:06:39,30-01-2026,,2026-01-29,2026-01-30,2026-01-30,2026-01-30,2026-01-28 14:12:00,2026-01-29 16:32:00,2026-01-29 17:06:39,2026-01-30
187640,2026-01-28 14:12:00,4,2026-01-30,906,2026-01-30 09:58:19,30-01-2026,,2026-01-29,2026-01-30,2026-01-30,2026-01-30,2026-01-28 14:12:00,2026-01-30 09:06:00,2026-01-30 09:58:19,2026-01-30
187641,2026-01-28 14:12:00,1,2026-01-29,2134,2026-01-30 10:09:28,30-01-2026,,2026-01-29,2026-01-30,2026-01-30,2026-01-30,2026-01-28 14:12:00,2026-01-29 21:34:00,2026-01-30 10:09:28,2026-01-30
187642,2026-01-28 14:12:00,3,2026-01-30,1014,2026-01-30 10:36:11,30-01-2026,,2026-01-29,2026-01-30,2026-01-30,2026-01-30,2026-01-28 14:12:00,2026-01-30 10:14:00,2026-01-30 10:36:11,2026-01-30
187643,2026-01-28 14:12:00,5,2026-01-29,1632,2026-01-29 16:43:23,30-01-2026,,2026-01-29,2026-01-30,2026-01-30,2026-01-30,2026-01-28 14:12:00,2026-01-29 16:32:00,2026-01-29 16:43:23,2026-01-30
187644,2026-01-28 14:12:00,3,2026-01-30,948,2026-01-30 10:13:05,30-01-2026,,2026-01-29,2026-01-30,2026-01-30,2026-01-30,2026-01-28 14:12:00,2026-01-30 09:48:00,2026-01-30 10:13:05,2026-01-30
187645,2026-01-28 14:13:00,3,2026-01-30,1300,2026-01-30 16:43:11,5 feb,,2026-01-29,2026-01-30,2026-01-31,2026-02-05,2026-01-28 14:13:00,2026-01-30 13:00:00,2026-01-30 16:43:11,2026-02-05
187646,2026-01-28 14:24:00,14,2026-01-30,1242,2026-01-30 15:35:44,30-01-2026,,2026-01-29,2026-01-30,2026-01-31,2026-01-30,2026-01-28 14:24:00,2026-01-30 12:42:00,2026-01-30 15:35:44,2026-01-30
187647,2026-01-28 14:25:00,5,2026-01-29,1622,2026-01-29 17:13:22,30 ene,,2026-01-29,2026-01-30,2026-01-30,2026-01-30,2026-01-28 14:25:00,2026-01-29 16:22:00,2026-01-29 17:13:22,2026-01-30
187648,2026-01-28 14:28:00,1,2026-01-29,2046,2026-01-30 09:19:47,30 ENE,,2026-01-29,2026-01-30,2026-01-30,2026-01-30,2026-01-28 14:28:00,2026-01-29 20:46:00,2026-01-30 09:19:47,2026-01-30
187649,2026-01-28 14:35:00,4,2026-01-30,1404,2026-01-30 15:25:07,30 ENE,,2026-01-29,2026-01-31,2026-01-31,2026-01-30,2026-01-28 14:35:00,2026-01-30 14:04:00,2026-01-30 15:25:07,2026-01-30
187650,2026-01-28 15:04:00,1,2026-01-29,1438,2026-01-29 15:42:34,30 ENE,,2026-01-29,2026-01-30,2026-01-30,2026-01-30,2026-01-28 15:04:00,2026-01-29 14:38:00,2026-01-29 15:42:34,2026-01-30
187651,2026-01-28 15:04:00,1,2026-01-29,1730,2026-01-29 19:32:57,30-01-2026,,2026-01-29,2026-01-30,2026-01-30,2026-01-30,2026-01-28 15:04:00,2026-01-29 17:30:00,2026-01-29 19:32:57,2026-01-30
187652,2026-01-28 15:25:00,1,2026-01-28,1526,,,,2026-01-29,2026-01-29,,,2026-01-28 15:25:00,2026-01-28 15:26:00,,
187653,2026-01-28 15:57:00,1,2026-01-28,1558,,,,2026-01-29,2026-01-29,,,2026-01-28 15:57:00,2026-01-28 15:58:00,,
187654,2026-01-28 15:59:00,2,2026-01-30,1404,2026-01-30 15:21:19,30 ENE,,2026-01-29,2026-01-31,2026-01-31,2026-01-30,2026-01-28 15:59:00,2026-01-30 14:04:00,2026-01-30 15:21:19,2026-01-30
187655,2026-01-28 16:26:00,1,2026-01-28,1628,,,,2026-01-29,2026-01-29,,,2026-01-28 16:26:00,2026-01-28 16:28:00,,
187656,2026-01-28 16:35:00,6,2026-02-03,1524,2026-01-30 16:01:46,09-02-2026,,2026-01-29,2026-02-04,2026-01-31,2026-02-09,2026-01-28 16:35:00,2026-02-03 15:24:00,2026-01-30 16:01:46,2026-02-09
187657,2026-01-28 16:39:00,12,2026-01-30,1444,2026-02-03 08:52:06,30-01-2026,,2026-01-29,2026-01-31,2026-02-03,2026-01-30,2026-01-28 16:39:00,2026-01-30 14:44:00,2026-02-03 08:52:06,2026-01-30
187658,2026-01-28 16:58:00,1,2026-01-29,1634,2026-01-29 16:54:55,30 ENE,,2026-01-29,2026-01-30,2026-01-30,2026-01-30,2026-01-28 16:58:00,2026-01-29 16:34:00,2026-01-29 16:54:55,2026-01-30
187659,2026-01-28 16:58:00,1,2026-01-29,2048,2026-01-30 09:33:37,30 ENE,,2026-01-29,2026-01-30,2026-01-30,2026-01-30,2026-01-28 16:58:00,2026-01-29 20:48:00,2026-01-30 09:33:37,2026-01-30
187660,2026-01-28 16:59:00,2,,,,,,2026-01-29,,,,2026-01-28 16:59:00,,,
187661,2026-01-28 17:00:00,32,2026-01-30,1514,2026-02-03 08:18:08,30-01-2026,,2026-01-29,2026-01-31,2026-02-03,2026-01-30,2026-01-28 17:00:00,2026-01-30 15:14:00,2026-02-03 08:18:08,2026-01-30
187662,2026-01-28 17:00:00,2,2026-01-29,2136,2026-01-30 08:49:41,30-01-2026,,2026-01-29,2026-01-30,2026-01-30,2026-01-30,2026-01-28 17:00:00,2026-01-29 21:36:00,2026-01-30 08:49:41,2026-01-30
187663,2026-01-28 17:01:00,2,2026-01-30,1300,2026-01-30 16:06:38,30-01-2026,,2026-01-29,2026-01-30,2026-01-31,2026-01-30,2026-01-28 17:01:00,2026-01-30 13:00:00,2026-01-30 16:06:38,2026-01-30
187664,2026-01-28 17:01:00,4,2026-01-30,1444,2026-02-03 08:31:07,30-01-2026,,2026-01-29,2026-01-31,2026-02-03,2026-01-30,2026-01-28 17:01:00,2026-01-30 14:44:00,2026-02-03 08:31:07,2026-01-30
187665,2026-01-28 17:01:00,3,2026-01-30,1406,2026-01-30 14:43:44,30-01-2026,,2026-01-29,2026-01-31,2026-01-31,2026-01-30,2026-01-28 17:01:00,2026-01-30 14:06:00,2026-01-30 14:43:44,2026-01-30
187666,2026-01-28 17:02:00,11,2026-01-30,1552,2026-01-30 16:26:21,03-02-2026,,2026-01-29,2026-01-31,2026-01-31,2026-02-03,2026-01-28 17:02:00,2026-01-30 15:52:00,2026-01-30 16:26:21,2026-02-03
187667,2026-01-28 17:02:00,1,2026-01-29,1522,2026-01-29 15:50:42,30 ENE,,2026-01-29,2026-01-30,2026-01-30,2026-01-30,2026-01-28 17:02:00,2026-01-29 15:22:00,2026-01-29 15:50:42,2026-01-30
187668,2026-01-28 17:02:00,6,,,,,,2026-01-29,,,,2026-01-28 17:02:00,,,
187669,2026-01-28 17:02:00,3,2026-01-30,1004,2026-01-30 11:57:49,03-02-2026,,2026-01-29,2026-01-30,2026-01-30,2026-02-03,2026-01-28 17:02:00,2026-01-30 10:04:00,2026-01-30 11:57:49,2026-02-03
187670,2026-01-28 17:02:00,3,2026-01-30,1404,2026-01-30 16:05:17,03-02-2026,,2026-01-29,2026-01-31,2026-01-31,2026-02-03,2026-01-28 17:02:00,2026-01-30 14:04:00,2026-01-30 16:05:17,2026-02-03
187671,2026-01-28 17:07:00,4,2026-01-29,1630,2026-01-29 16:44:15,30 ENE,,2026-01-29,2026-01-30,2026-01-30,2026-01-30,2026-01-28 17:07:00,2026-01-29 16:30:00,2026-01-29 16:44:15,2026-01-30
187672,2026-01-28 17:08:00,2,2026-01-29,1630,2026-01-29 16:54:48,30 ENE,,2026-01-29,2026-01-30,2026-01-30,2026-01-30,2026-01-28 17:08:00,2026-01-29 16:30:00,2026-01-29 16:54:48,2026-01-30
187673,2026-01-28 17:09:00,1,2026-01-29,2046,2026-01-30 09:05:11,30 ENE,,2026-01-29,2026-01-30,2026-01-30,2026-01-30,2026-01-28 17:09:00,2026-01-29 20:46:00,2026-01-30 09:05:11,2026-01-30
187674,2026-01-28 17:13:00,4,2026-01-30,954,2026-01-30 11:26:35,30 ENE,,2026-01-29,2026-01-30,2026-01-30,2026-01-30,2026-01-28 17:13:00,2026-01-30 09:54:00,2026-01-30 11:26:35,2026-01-30
187675,2026-01-28 17:14:00,6,2026-01-30,1258,2026-01-30 13:37:50,30 ENE,,2026-01-29,2026-01-30,2026-01-31,2026-01-30,2026-01-28 17:14:00,2026-01-30 12:58:00,2026-01-30 13:37:50,2026-01-30
187676,2026-01-28 17:27:00,6,2026-01-30,1402,2026-01-30 15:49:40,03-02-2026,,2026-01-29,2026-01-31,2026-01-31,2026-02-03,2026-01-28 17:27:00,2026-01-30 14:02:00,2026-01-30 15:49:40,2026-02-03
187677,2026-01-28 17:29:00,1,2026-01-29,1632,2026-01-29 16:50:47,30 ENE,,2026-01-29,2026-01-30,2026-01-30,2026-01-30,2026-01-28 17:29:00,2026-01-29 16:32:00,2026-01-29 16:50:47,2026-01-30
187678,2026-01-29 08:59:00,11,2026-01-30,1302,2026-01-30 13:56:58,30 ENE,,2026-01-29,2026-01-30,2026-01-31,2026-01-30,2026-01-29 08:59:00,2026-01-30 13:02:00,2026-01-30 13:56:58,2026-01-30
187680,2026-01-29 09:25:00,1,2026-01-29,2046,2026-01-30 09:44:59,03-02-2026,,2026-01-29,2026-01-30,2026-01-30,2026-02-03,2026-01-29 09:25:00,2026-01-29 20:46:00,2026-01-30 09:44:59,2026-02-03
187681,2026-01-29 09:33:00,4,2026-01-29,1522,2026-01-29 15:50:42,30 ENE,,2026-01-29,2026-01-30,2026-01-30,2026-01-30,2026-01-29 09:33:00,2026-01-29 15:22:00,2026-01-29 15:50:42,2026-01-30
187682,2026-01-29 09:34:00,1,2026-01-29,1520,2026-01-29 15:50:42,30 ENE,,2026-01-29,2026-01-30,2026-01-30,2026-01-30,2026-01-29 09:34:00,2026-01-29 15:20:00,2026-01-29 15:50:42,2026-01-30
187683,2026-01-29 09:52:00,1,2026-01-29,1520,2026-01-29 15:59:12,30 ENE,,2026-01-29,2026-01-30,2026-01-30,2026-01-30,2026-01-29 09:52:00,2026-01-29 15:20:00,2026-01-29 15:59:12,2026-01-30
187684,2026-01-29 09:53:00,2,2026-01-29,2134,2026-01-30 10:15:29,30 ENE,,2026-01-29,2026-01-30,2026-01-30,2026-01-30,2026-01-29 09:53:00,2026-01-29 21:34:00,2026-01-30 10:15:29,2026-01-30
187685,2026-01-29 09:57:00,1,2026-01-29,1452,2026-01-29 15:05:00,29 ENE,,2026-01-29,2026-01-30,2026-01-30,2026-01-29,2026-01-29 09:57:00,2026-01-29 14:52:00,2026-01-29 15:05:00,2026-01-29
187686,2026-01-29 09:59:00,3,2026-01-30,906,2026-01-30 09:31:13,30 ENE,,2026-01-29,2026-01-30,2026-01-30,2026-01-30,2026-01-29 09:59:00,2026-01-30 09:06:00,2026-01-30 09:31:13,2026-01-30
187687,2026-01-29 10:00:00,2,2026-01-29,2134,2026-01-30 09:01:37,30 ENE,,2026-01-29,2026-01-30,2026-01-30,2026-01-30,2026-01-29 10:00:00,2026-01-29 21:34:00,2026-01-30 09:01:37,2026-01-30
187688,2026-01-29 10:01:00,3,2026-01-29,1030,2026-01-29 10:30:33,29-01-2026,,2026-01-29,2026-01-29,2026-01-29,2026-01-29,2026-01-29 10:01:00,2026-01-29 10:30:00,2026-01-29 10:30:33,2026-01-29
187689,2026-01-29 10:01:00,2,2026-01-29,2132,2026-01-30 08:53:20,30 ENE,,2026-01-29,2026-01-30,2026-01-30,2026-01-30,2026-01-29 10:01:00,2026-01-29 21:32:00,2026-01-30 08:53:20,2026-01-30
187690,2026-01-29 10:03:00,2,2026-01-30,1256,2026-01-30 16:06:45,30 ENE,,2026-01-29,2026-01-30,2026-01-31,2026-01-30,2026-01-29 10:03:00,2026-01-30 12:56:00,2026-01-30 16:06:45,2026-01-30
187691,2026-01-29 10:04:00,10,2026-01-30,1140,2026-01-30 12:20:03,30 ENE,,2026-01-29,2026-01-30,2026-01-30,2026-01-30,2026-01-29 10:04:00,2026-01-30 11:40:00,2026-01-30 12:20:03,2026-01-30
187692,2026-01-29 10:05:00,1,2026-01-29,1734,2026-01-29 18:55:17,29 ENE,,2026-01-29,2026-01-30,2026-01-30,2026-01-29,2026-01-29 10:05:00,2026-01-29 17:34:00,2026-01-29 18:55:17,2026-01-29
187693,2026-01-29 10:05:00,1,2026-01-29,1452,2026-01-29 15:26:51,29 ENE,,2026-01-29,2026-01-30,2026-01-30,2026-01-29,2026-01-29 10:05:00,2026-01-29 14:52:00,2026-01-29 15:26:51,2026-01-29
187694,2026-01-29 10:11:00,3,2026-01-29,2046,2026-01-30 09:19:56,30 ENE,,2026-01-29,2026-01-30,2026-01-30,2026-01-30,2026-01-29 10:11:00,2026-01-29 20:46:00,2026-01-30 09:19:56,2026-01-30
187695,2026-01-29 10:34:00,7,2026-01-30,1256,2026-01-30 14:08:53,30 ene,,2026-01-29,2026-01-30,2026-01-31,2026-01-30,2026-01-29 10:34:00,2026-01-30 12:56:00,2026-01-30 14:08:53,2026-01-30
187696,2026-01-29 10:36:00,1,2026-01-29,2050,2026-01-30 09:26:21,30 ENE,,2026-01-29,2026-01-30,2026-01-30,2026-01-30,2026-01-29 10:36:00,2026-01-29 20:50:00,2026-01-30 09:26:21,2026-01-30
187697,2026-01-29 10:36:00,3,2026-01-30,1436,2026-01-30 15:05:20,30 ENE,,2026-01-29,2026-01-31,2026-01-31,2026-01-30,2026-01-29 10:36:00,2026-01-30 14:36:00,2026-01-30 15:05:20,2026-01-30
187698,2026-01-29 10:45:00,10,2026-01-30,1312,2026-01-30 17:48:20,03-02-2026,,2026-01-29,2026-01-31,2026-01-31,2026-02-03,2026-01-29 10:45:00,2026-01-30 13:12:00,2026-01-30 17:48:20,2026-02-03
187699,2026-01-29 10:45:00,8,2026-01-30,1312,2026-01-30 17:48:20,03-02-2026,,2026-01-29,2026-01-31,2026-01-31,2026-02-03,2026-01-29 10:45:00,2026-01-30 13:12:00,2026-01-30 17:48:20,2026-02-03
187700,2026-01-29 10:46:00,1,2026-01-29,1728,2026-01-29 19:08:00,30 ENE,,2026-01-29,2026-01-30,2026-01-30,2026-01-30,2026-01-29 10:46:00,2026-01-29 17:28:00,2026-01-29 19:08:00,2026-01-30
187701,2026-01-29 10:50:00,13,2026-01-30,1014,2026-01-30 11:35:56,30 ENE,,2026-01-29,2026-01-30,2026-01-30,2026-01-30,2026-01-29 10:50:00,2026-01-30 10:14:00,2026-01-30 11:35:56,2026-01-30
187702,2026-01-29 10:50:00,8,2026-01-29,1152,2026-01-29 12:32:27,29-01-2026,,2026-01-29,2026-01-29,2026-01-29,2026-01-29,2026-01-29 10:50:00,2026-01-29 11:52:00,2026-01-29 12:32:27,2026-01-29
187703,2026-01-29 10:52:00,8,2026-01-30,1258,2026-01-30 13:47:18,30 ENE,,2026-01-29,2026-01-30,2026-01-31,2026-01-30,2026-01-29 10:52:00,2026-01-30 12:58:00,2026-01-30 13:47:18,2026-01-30
187704,2026-01-29 10:54:00,1,2026-01-29,2048,2026-01-30 08:28:31,30-01-2026,,2026-01-29,2026-01-30,2026-01-30,2026-01-30,2026-01-29 10:54:00,2026-01-29 20:48:00,2026-01-30 08:28:31,2026-01-30
187705,2026-01-29 10:54:00,1,2026-02-04,926,2026-02-04 09:43:19,04-02-2026,,2026-01-29,2026-02-04,2026-02-04,2026-02-04,2026-01-29 10:54:00,2026-02-04 09:26:00,2026-02-04 09:43:19,2026-02-04
187706,2026-01-29 10:54:00,4,2026-01-30,1444,2026-01-30 17:18:11,30-01-2026,,2026-01-29,2026-01-31,2026-01-31,2026-01-30,2026-01-29 10:54:00,2026-01-30 14:44:00,2026-01-30 17:18:11,2026-01-30
187707,2026-01-29 10:54:00,2,2026-01-30,1406,2026-01-30 16:07:12,30-01-2026,,2026-01-29,2026-01-31,2026-01-31,2026-01-30,2026-01-29 10:54:00,2026-01-30 14:06:00,2026-01-30 16:07:12,2026-01-30
187708,2026-01-29 10:59:00,5,2026-01-30,1514,2026-01-30 17:11:59,30-01-2026,,2026-01-29,2026-01-31,2026-01-31,2026-01-30,2026-01-29 10:59:00,2026-01-30 15:14:00,2026-01-30 17:11:59,2026-01-30
187709,2026-01-29 10:59:00,5,2026-01-30,1444,2026-01-30 17:01:50,30-01-2026,,2026-01-29,2026-01-31,2026-01-31,2026-01-30,2026-01-29 10:59:00,2026-01-30 14:44:00,2026-01-30 17:01:50,2026-01-30
187710,2026-01-29 11:02:00,1,,,,,,2026-01-29,,,,2026-01-29 11:02:00,,,
187711,2026-01-29 11:02:00,2,2026-01-30,1312,2026-01-30 17:48:20,03-02-2026,,2026-01-29,2026-01-31,2026-01-31,2026-02-03,2026-01-29 11:02:00,2026-01-30 13:12:00,2026-01-30 17:48:20,2026-02-03
187712,2026-01-29 11:04:00,1,,,,,,2026-01-29,,,,2026-01-29 11:04:00,,,
187713,2026-01-29 11:13:00,7,2026-01-30,1302,2026-01-30 14:00:09,30-01-2026,,2026-01-29,2026-01-30,2026-01-31,2026-01-30,2026-01-29 11:13:00,2026-01-30 13:02:00,2026-01-30 14:00:09,2026-01-30
187714,2026-01-29 11:18:00,1,2026-01-30,1302,2026-01-30 16:00:21,,,2026-01-29,2026-01-30,2026-01-31,,2026-01-29 11:18:00,2026-01-30 13:02:00,2026-01-30 16:00:21,
187715,2026-01-29 11:40:00,1,2026-01-29,1632,2026-01-29 16:46:37,30-01-2026,,2026-01-29,2026-01-30,2026-01-30,2026-01-30,2026-01-29 11:40:00,2026-01-29 16:32:00,2026-01-29 16:46:37,2026-01-30
187716,2026-01-29 11:46:00,3,2026-01-30,1258,2026-01-30 13:23:48,30 ENE,,2026-01-29,2026-01-30,2026-01-31,2026-01-30,2026-01-29 11:46:00,2026-01-30 12:58:00,2026-01-30 13:23:48,2026-01-30
187717,2026-01-29 11:48:00,1,2026-01-29,1544,2026-01-29 15:59:14,30 ENE,,2026-01-29,2026-01-30,2026-01-30,2026-01-30,2026-01-29 11:48:00,2026-01-29 15:44:00,2026-01-29 15:59:14,2026-01-30
187718,2026-01-29 11:48:00,1,2026-01-29,2048,2026-01-30 08:36:53,30-01-2026,,2026-01-29,2026-01-30,2026-01-30,2026-01-30,2026-01-29 11:48:00,2026-01-29 20:48:00,2026-01-30 08:36:53,2026-01-30
187719,2026-01-29 12:06:00,9,2026-01-30,1402,2026-01-30 15:10:13,30 ENE,,2026-01-29,2026-01-31,2026-01-31,2026-01-30,2026-01-29 12:06:00,2026-01-30 14:02:00,2026-01-30 15:10:13,2026-01-30
187720,2026-01-29 12:07:00,7,2026-01-30,1402,2026-01-30 15:20:13,30-01-2026,,2026-01-29,2026-01-31,2026-01-31,2026-01-30,2026-01-29 12:07:00,2026-01-30 14:02:00,2026-01-30 15:20:13,2026-01-30
187721,2026-01-29 12:07:00,4,2026-01-30,1402,2026-01-30 15:40:56,30-01-2026,,2026-01-29,2026-01-31,2026-01-31,2026-01-30,2026-01-29 12:07:00,2026-01-30 14:02:00,2026-01-30 15:40:56,2026-01-30
187722,2026-01-29 12:08:00,3,2026-01-30,1142,2026-01-30 12:12:41,30 ENE,,2026-01-29,2026-01-30,2026-01-30,2026-01-30,2026-01-29 12:08:00,2026-01-30 11:42:00,2026-01-30 12:12:41,2026-01-30
187723,2026-01-29 13:13:00,1,2026-01-30,1552,2026-01-30 16:28:47,04 FEB,,2026-01-30,2026-01-31,2026-01-31,2026-02-04,2026-01-29 13:13:00,2026-01-30 15:52:00,2026-01-30 16:28:47,2026-02-04
187724,2026-01-29 13:13:00,3,2026-01-30,1606,2026-01-30 16:38:53,04 FEB,,2026-01-30,2026-01-31,2026-01-31,2026-02-04,2026-01-29 13:13:00,2026-01-30 16:06:00,2026-01-30 16:38:53,2026-02-04
187725,2026-01-29 13:13:00,1,2026-01-30,1552,2026-01-30 16:21:27,04 FEB,,2026-01-30,2026-01-31,2026-01-31,2026-02-04,2026-01-29 13:13:00,2026-01-30 15:52:00,2026-01-30 16:21:27,2026-02-04
187726,2026-01-29 13:13:00,3,2026-01-30,1642,2026-01-30 17:16:16,04 FEB,,2026-01-30,2026-01-31,2026-01-31,2026-02-04,2026-01-29 13:13:00,2026-01-30 16:42:00,2026-01-30 17:16:16,2026-02-04
187727,2026-01-29 13:13:00,5,2026-02-04,810,2026-02-04 08:50:03,04 FEB,,2026-01-30,2026-02-04,2026-02-04,2026-02-04,2026-01-29 13:13:00,2026-02-04 08:10:00,2026-02-04 08:50:03,2026-02-04
187728,2026-01-29 13:13:00,2,2026-01-30,1932,2026-02-03 13:16:01,04 FEB,,2026-01-30,2026-01-31,2026-02-04,2026-02-04,2026-01-29 13:13:00,2026-01-30 19:32:00,2026-02-03 13:16:01,2026-02-04
187729,2026-01-29 13:13:00,1,2026-01-30,1710,2026-02-03 10:48:48,03-02-2026,,2026-01-30,2026-01-31,2026-02-03,2026-02-03,2026-01-29 13:13:00,2026-01-30 17:10:00,2026-02-03 10:48:48,2026-02-03
187730,2026-01-29 13:15:00,2,2026-01-30,1822,2026-02-03 09:13:20,03-02-2026,,2026-01-30,2026-01-31,2026-02-03,2026-02-03,2026-01-29 13:15:00,2026-01-30 18:22:00,2026-02-03 09:13:20,2026-02-03
187731,2026-01-29 13:16:00,3,2026-01-30,1845,2026-02-03 13:31:57,04 FEB,,2026-01-30,2026-01-31,2026-02-04,2026-02-04,2026-01-29 13:16:00,2026-01-30 18:45:00,2026-02-03 13:31:57,2026-02-04
187732,2026-01-29 13:16:00,6,2026-01-30,1238,2026-01-30 13:06:10,30-01-2026,,2026-01-30,2026-01-30,2026-01-31,2026-01-30,2026-01-29 13:16:00,2026-01-30 12:38:00,2026-01-30 13:06:10,2026-01-30
187733,2026-01-29 13:16:00,1,2026-01-29,2050,2026-01-30 08:43:59,30-01-2026,,2026-01-30,2026-01-30,2026-01-30,2026-01-30,2026-01-29 13:16:00,2026-01-29 20:50:00,2026-01-30 08:43:59,2026-01-30
187734,2026-01-29 13:16:00,12,2026-01-30,1838,2026-02-03 14:46:26,04 FEB,,2026-01-30,2026-01-31,2026-02-04,2026-02-04,2026-01-29 13:16:00,2026-01-30 18:38:00,2026-02-03 14:46:26,2026-02-04
187735,2026-01-29 13:17:00,4,2026-01-29,1346,2026-01-29 13:48:33,29-01-2026,,2026-01-30,2026-01-30,2026-01-30,2026-01-29,2026-01-29 13:17:00,2026-01-29 13:46:00,2026-01-29 13:48:33,2026-01-29
187736,2026-01-29 13:29:00,4,2026-01-30,1859,2026-02-03 13:19:46,03-02-2026,,2026-01-30,2026-01-31,2026-02-04,2026-02-03,2026-01-29 13:29:00,2026-01-30 18:59:00,2026-02-03 13:19:46,2026-02-03
187737,2026-01-29 13:29:00,4,2026-01-30,1856,2026-02-03 13:47:03,03-02-2026,,2026-01-30,2026-01-31,2026-02-04,2026-02-03,2026-01-29 13:29:00,2026-01-30 18:56:00,2026-02-03 13:47:03,2026-02-03
187738,2026-01-29 13:29:00,1,2026-01-30,1552,2026-01-30 16:41:19,03-02-2026,,2026-01-30,2026-01-31,2026-01-31,2026-02-03,2026-01-29 13:29:00,2026-01-30 15:52:00,2026-01-30 16:41:19,2026-02-03
187739,2026-01-29 13:29:00,1,2026-01-30,1932,2026-02-03 10:39:31,03-02-2026,,2026-01-30,2026-01-31,2026-02-03,2026-02-03,2026-01-29 13:29:00,2026-01-30 19:32:00,2026-02-03 10:39:31,2026-02-03
187740,2026-01-29 14:13:00,1,2026-01-29,1454,2026-01-29 15:48:55,30 ENE,,2026-01-30,2026-01-30,2026-01-30,2026-01-30,2026-01-29 14:13:00,2026-01-29 14:54:00,2026-01-29 15:48:55,2026-01-30
187741,2026-01-29 14:23:00,13,2026-01-30,1550,2026-02-03 10:32:43,04-02-2026,,2026-01-30,2026-01-31,2026-02-03,2026-02-04,2026-01-29 14:23:00,2026-01-30 15:50:00,2026-02-03 10:32:43,2026-02-04
187742,2026-01-29 14:24:00,1,2026-01-29,1438,2026-01-29 14:39:09,29-01-2026,,2026-01-30,2026-01-30,2026-01-30,2026-01-29,2026-01-29 14:24:00,2026-01-29 14:38:00,2026-01-29 14:39:09,2026-01-29
187743,2026-01-29 14:56:00,1,2026-01-29,1457,,,,2026-01-30,2026-01-30,,,2026-01-29 14:56:00,2026-01-29 14:57:00,,
187744,2026-01-29 15:24:00,5,2026-01-30,1910,2026-02-03 15:29:59,04 FEB,,2026-01-30,2026-01-31,2026-02-04,2026-02-04,2026-01-29 15:24:00,2026-01-30 19:10:00,2026-02-03 15:29:59,2026-02-04
187745,2026-01-29 15:24:00,4,2026-01-30,1906,2026-02-03 16:02:08,04 FEB,,2026-01-30,2026-01-31,2026-02-04,2026-02-04,2026-01-29 15:24:00,2026-01-30 19:06:00,2026-02-03 16:02:08,2026-02-04
187746,2026-01-29 15:59:00,1,2026-01-30,1606,2026-01-30 16:17:16,03-02-2026,,2026-01-30,2026-01-31,2026-01-31,2026-02-03,2026-01-29 15:59:00,2026-01-30 16:06:00,2026-01-30 16:17:16,2026-02-03
187747,2026-01-29 16:13:00,15,2026-01-30,1700,2026-01-30 17:15:32,03-02-2026,,2026-01-30,2026-01-31,2026-01-31,2026-02-03,2026-01-29 16:13:00,2026-01-30 17:00:00,2026-01-30 17:15:32,2026-02-03
187748,2026-01-29 16:16:00,2,2026-01-29,1730,2026-01-29 18:44:05,30 ENE,,2026-01-30,2026-01-30,2026-01-30,2026-01-30,2026-01-29 16:16:00,2026-01-29 17:30:00,2026-01-29 18:44:05,2026-01-30
187749,2026-01-29 16:20:00,1,,,,,,2026-01-30,,,,2026-01-29 16:20:00,,,
187750,2026-01-29 16:23:00,5,2026-02-03,1430,2026-02-03 16:44:06,04 FEB,,2026-01-30,2026-02-04,2026-02-04,2026-02-04,2026-01-29 16:23:00,2026-02-03 14:30:00,2026-02-03 16:44:06,2026-02-04
187751,2026-01-29 16:23:00,2,2026-01-30,1810,2026-01-30 19:11:41,03-02-2026,,2026-01-30,2026-01-31,2026-01-31,2026-02-03,2026-01-29 16:23:00,2026-01-30 18:10:00,2026-01-30 19:11:41,2026-02-03
187752,2026-01-29 16:23:00,9,2026-02-03,1042,2026-02-03 11:35:55,04 FEB,,2026-01-30,2026-02-03,2026-02-03,2026-02-04,2026-01-29 16:23:00,2026-02-03 10:42:00,2026-02-03 11:35:55,2026-02-04
187753,2026-01-29 16:23:00,2,2026-01-30,1932,2026-02-03 11:03:13,03-02-2026,,2026-01-30,2026-01-31,2026-02-03,2026-02-03,2026-01-29 16:23:00,2026-01-30 19:32:00,2026-02-03 11:03:13,2026-02-03
187754,2026-01-29 16:23:00,1,2026-01-30,1710,2026-02-03 11:21:11,03-02-2026,,2026-01-30,2026-01-31,2026-02-03,2026-02-03,2026-01-29 16:23:00,2026-01-30 17:10:00,2026-02-03 11:21:11,2026-02-03
187755,2026-01-29 16:23:00,7,2026-01-30,1821,2026-02-03 16:09:44,04 FEB,,2026-01-30,2026-01-31,2026-02-04,2026-02-04,2026-01-29 16:23:00,2026-01-30 18:21:00,2026-02-03 16:09:44,2026-02-04
187756,2026-01-29 16:23:00,1,2026-01-30,1606,2026-01-30 16:38:45,03-02-2026,,2026-01-30,2026-01-31,2026-01-31,2026-02-03,2026-01-29 16:23:00,2026-01-30 16:06:00,2026-01-30 16:38:45,2026-02-03
187757,2026-01-29 16:23:00,1,2026-01-30,1550,2026-01-30 16:30:03,03-02-2026,,2026-01-30,2026-01-31,2026-01-31,2026-02-03,2026-01-29 16:23:00,2026-01-30 15:50:00,2026-01-30 16:30:03,2026-02-03
187758,2026-01-29 16:24:00,1,2026-01-29,2136,2026-01-30 08:12:37,04-02-2026,,2026-01-30,2026-01-30,2026-01-30,2026-02-04,2026-01-29 16:24:00,2026-01-29 21:36:00,2026-01-30 08:12:37,2026-02-04
187759,2026-01-29 16:49:00,1,2026-01-29,2052,2026-01-30 08:58:08,30-01-2026,,2026-01-30,2026-01-30,2026-01-30,2026-01-30,2026-01-29 16:49:00,2026-01-29 20:52:00,2026-01-30 08:58:08,2026-01-30
187760,2026-01-29 17:15:00,10,2026-01-30,1848,2026-02-03 14:16:45,04 FEB,,2026-01-30,2026-01-31,2026-02-04,2026-02-04,2026-01-29 17:15:00,2026-01-30 18:48:00,2026-02-03 14:16:45,2026-02-04
187761,2026-01-29 17:25:00,31,2026-01-30,1829,2026-02-03 16:03:42,04 FEB,,2026-01-30,2026-01-31,2026-02-04,2026-02-04,2026-01-29 17:25:00,2026-01-30 18:29:00,2026-02-03 16:03:42,2026-02-04
187762,2026-01-30 07:54:00,2,2026-01-30,902,2026-01-30 09:37:38,30 ENE,,2026-01-30,2026-01-30,2026-01-30,2026-01-30,2026-01-30 07:54:00,2026-01-30 09:02:00,2026-01-30 09:37:38,2026-01-30
187763,2026-01-30 08:35:00,1,2026-01-30,1704,2026-01-30 17:24:14,03-02-2026,,2026-01-30,2026-01-31,2026-01-31,2026-02-03,2026-01-30 08:35:00,2026-01-30 17:04:00,2026-01-30 17:24:14,2026-02-03
187764,2026-01-30 08:36:00,1,2026-01-30,1714,2026-02-03 10:24:26,03-02-2026,,2026-01-30,2026-01-31,2026-02-03,2026-02-03,2026-01-30 08:36:00,2026-01-30 17:14:00,2026-02-03 10:24:26,2026-02-03
187765,2026-01-30 08:37:00,1,2026-01-30,1710,2026-01-30 18:23:23,03-02-2026,,2026-01-30,2026-01-31,2026-01-31,2026-02-03,2026-01-30 08:37:00,2026-01-30 17:10:00,2026-01-30 18:23:23,2026-02-03
187766,2026-01-30 09:02:00,1,2026-01-30,1714,2026-01-30 17:28:18,04 FEB,,2026-01-30,2026-01-31,2026-01-31,2026-02-04,2026-01-30 09:02:00,2026-01-30 17:14:00,2026-01-30 17:28:18,2026-02-04
187767,2026-01-30 09:03:00,1,2026-01-30,1738,2026-01-30 18:13:39,03-02-2026,,2026-01-30,2026-01-31,2026-01-31,2026-02-03,2026-01-30 09:03:00,2026-01-30 17:38:00,2026-01-30 18:13:39,2026-02-03
187768,2026-01-30 09:03:00,6,2026-02-03,1142,2026-02-03 13:03:35,04 FEB,,2026-01-30,2026-02-03,2026-02-03,2026-02-04,2026-01-30 09:03:00,2026-02-03 11:42:00,2026-02-03 13:03:35,2026-02-04
187769,2026-01-30 09:03:00,4,2026-02-03,1408,2026-02-03 14:54:00,04 FEB,,2026-01-30,2026-02-04,2026-02-04,2026-02-04,2026-01-30 09:03:00,2026-02-03 14:08:00,2026-02-03 14:54:00,2026-02-04
187770,2026-01-30 09:07:00,14,2026-01-30,1839,2026-02-03 16:17:40,04-02-2026,,2026-01-30,2026-01-31,2026-02-04,2026-02-04,2026-01-30 09:07:00,2026-01-30 18:39:00,2026-02-03 16:17:40,2026-02-04
187771,2026-01-30 09:07:00,8,2026-02-03,1544,2026-02-03 16:48:28,04-02-2026,,2026-01-30,2026-02-04,2026-02-04,2026-02-04,2026-01-30 09:07:00,2026-02-03 15:44:00,2026-02-03 16:48:28,2026-02-04
187772,2026-01-30 09:07:00,6,2026-01-30,1834,2026-02-03 20:18:39,04-02-2026,,2026-01-30,2026-01-31,2026-02-04,2026-02-04,2026-01-30 09:07:00,2026-01-30 18:34:00,2026-02-03 20:18:39,2026-02-04
187773,2026-01-30 09:09:00,5,2026-02-03,1452,2026-02-03 17:02:20,04 FEB,,2026-01-30,2026-02-04,2026-02-04,2026-02-04,2026-01-30 09:09:00,2026-02-03 14:52:00,2026-02-03 17:02:20,2026-02-04
187774,2026-01-30 09:11:00,2,2026-02-03,1350,2026-02-03 16:49:00,04 FEB,,2026-01-30,2026-02-04,2026-02-04,2026-02-04,2026-01-30 09:11:00,2026-02-03 13:50:00,2026-02-03 16:49:00,2026-02-04
187775,2026-01-30 09:12:00,1,2026-01-30,913,,,,2026-01-30,2026-01-30,,,2026-01-30 09:12:00,2026-01-30 09:13:00,,
187776,2026-01-30 09:12:00,13,2026-02-04,1004,2026-02-04 10:36:30,04 FEB,,2026-01-30,2026-02-04,2026-02-04,2026-02-04,2026-01-30 09:12:00,2026-02-04 10:04:00,2026-02-04 10:36:30,2026-02-04
187777,2026-01-30 09:12:00,2,2026-01-30,1740,2026-02-03 11:03:44,03-02-2026,,2026-01-30,2026-01-31,2026-02-03,2026-02-03,2026-01-30 09:12:00,2026-01-30 17:40:00,2026-02-03 11:03:44,2026-02-03
187778,2026-01-30 09:13:00,1,2026-01-30,1738,2026-01-30 18:04:51,03-02-2026,,2026-01-30,2026-01-31,2026-01-31,2026-02-03,2026-01-30 09:13:00,2026-01-30 17:38:00,2026-01-30 18:04:51,2026-02-03
187779,2026-01-30 09:13:00,5,2026-02-03,1410,2026-02-03 16:43:43,04 FEB,,2026-01-30,2026-02-04,2026-02-04,2026-02-04,2026-01-30 09:13:00,2026-02-03 14:10:00,2026-02-03 16:43:43,2026-02-04
187780,2026-01-30 09:19:00,1,2026-01-30,1738,2026-01-30 17:58:43,03-02-2026,,2026-01-30,2026-01-31,2026-01-31,2026-02-03,2026-01-30 09:19:00,2026-01-30 17:38:00,2026-01-30 17:58:43,2026-02-03
187781,2026-01-30 09:28:00,1,2026-01-30,1738,2026-02-03 10:28:33,03-02-2026,,2026-01-30,2026-01-31,2026-02-03,2026-02-03,2026-01-30 09:28:00,2026-01-30 17:38:00,2026-02-03 10:28:33,2026-02-03
187782,2026-01-30 09:28:00,2,2026-01-30,1834,2026-02-03 10:43:55,03-02-2026,,2026-01-30,2026-01-31,2026-02-03,2026-02-03,2026-01-30 09:28:00,2026-01-30 18:34:00,2026-02-03 10:43:55,2026-02-03
187783,2026-01-30 09:53:00,2,2026-01-30,1036,2026-01-30 11:24:30,30-01-2026,,2026-01-30,2026-01-30,2026-01-30,2026-01-30,2026-01-30 09:53:00,2026-01-30 10:36:00,2026-01-30 11:24:30,2026-01-30
187784,2026-01-30 10:03:00,1,2026-01-30,1818,2026-02-03 10:23:19,04 FEB,,2026-01-30,2026-01-31,2026-02-03,2026-02-04,2026-01-30 10:03:00,2026-01-30 18:18:00,2026-02-03 10:23:19,2026-02-04
187785,2026-01-30 10:12:00,1,,,,,,2026-01-30,,,,2026-01-30 10:12:00,,,
187786,2026-01-30 10:27:00,15,2026-02-04,926,2026-02-04 10:04:56,04 FEB,,2026-01-30,2026-02-04,2026-02-04,2026-02-04,2026-01-30 10:27:00,2026-02-04 09:26:00,2026-02-04 10:04:56,2026-02-04
187787,2026-01-30 10:43:00,1,2026-01-30,1810,2026-02-03 10:06:23,04-02-2026,,2026-01-30,2026-01-31,2026-02-03,2026-02-04,2026-01-30 10:43:00,2026-01-30 18:10:00,2026-02-03 10:06:23,2026-02-04
187788,2026-01-30 10:58:00,12,2026-01-30,1845,2026-02-03 11:36:48,03-02-2026,,2026-01-30,2026-01-31,2026-02-03,2026-02-03,2026-01-30 10:58:00,2026-01-30 18:45:00,2026-02-03 11:36:48,2026-02-03
187789,2026-01-30 11:12:00,2,2026-01-30,1930,2026-02-03 10:34:42,03-02-2026,,2026-01-30,2026-01-31,2026-02-03,2026-02-03,2026-01-30 11:12:00,2026-01-30 19:30:00,2026-02-03 10:34:42,2026-02-03
187790,2026-01-30 11:12:00,1,2026-01-30,1642,2026-01-30 16:49:38,03-02-2026,,2026-01-30,2026-01-31,2026-01-31,2026-02-03,2026-01-30 11:12:00,2026-01-30 16:42:00,2026-01-30 16:49:38,2026-02-03
187791,2026-01-30 11:23:00,3,2026-01-30,1832,2026-02-04 09:26:53,04 FEB,,2026-01-30,2026-01-31,2026-02-04,2026-02-04,2026-01-30 11:23:00,2026-01-30 18:32:00,2026-02-04 09:26:53,2026-02-04
187792,2026-01-30 11:24:00,12,2026-01-30,1904,2026-02-03 15:17:48,04-02-2026,,2026-01-30,2026-01-31,2026-02-04,2026-02-04,2026-01-30 11:24:00,2026-01-30 19:04:00,2026-02-03 15:17:48,2026-02-04
187793,2026-01-30 11:24:00,1,2026-01-30,1516,2026-01-30 17:09:03,03-02-2026,,2026-01-30,2026-01-31,2026-01-31,2026-02-03,2026-01-30 11:24:00,2026-01-30 15:16:00,2026-01-30 17:09:03,2026-02-03
187794,2026-01-30 11:24:00,1,2026-01-30,1516,2026-01-30 17:27:59,03-02-2026,,2026-01-30,2026-01-31,2026-01-31,2026-02-03,2026-01-30 11:24:00,2026-01-30 15:16:00,2026-01-30 17:27:59,2026-02-03
187795,2026-01-30 11:24:00,1,2026-01-30,1546,2026-01-30 17:08:28,03-02-2026,,2026-01-30,2026-01-31,2026-01-31,2026-02-03,2026-01-30 11:24:00,2026-01-30 15:46:00,2026-01-30 17:08:28,2026-02-03
187796,2026-01-30 11:24:00,1,2026-01-30,1518,2026-02-03 11:49:31,03-02-2026,,2026-01-30,2026-01-31,2026-02-03,2026-02-03,2026-01-30 11:24:00,2026-01-30 15:18:00,2026-02-03 11:49:31,2026-02-03
187797,2026-01-30 11:24:00,1,2026-01-30,1550,2026-01-30 16:00:19,03-02-2026,,2026-01-30,2026-01-31,2026-01-31,2026-02-03,2026-01-30 11:24:00,2026-01-30 15:50:00,2026-01-30 16:00:19,2026-02-03
187798,2026-01-30 11:24:00,1,2026-01-30,1516,2026-01-30 15:55:52,03-02-2026,,2026-01-30,2026-01-31,2026-01-31,2026-02-03,2026-01-30 11:24:00,2026-01-30 15:16:00,2026-01-30 15:55:52,2026-02-03
187799,2026-01-30 11:24:00,1,2026-01-30,1608,2026-01-30 17:05:05,03-02-2026,,2026-01-30,2026-01-31,2026-01-31,2026-02-03,2026-01-30 11:24:00,2026-01-30 16:08:00,2026-01-30 17:05:05,2026-02-03
187800,2026-01-30 11:24:00,1,2026-01-30,1640,2026-01-30 17:00:45,03-02-2026,,2026-01-30,2026-01-31,2026-01-31,2026-02-03,2026-01-30 11:24:00,2026-01-30 16:40:00,2026-01-30 17:00:45,2026-02-03
187801,2026-01-30 11:24:00,1,2026-01-30,1640,2026-01-30 17:03:13,03-02-2026,,2026-01-30,2026-01-31,2026-01-31,2026-02-03,2026-01-30 11:24:00,2026-01-30 16:40:00,2026-01-30 17:03:13,2026-02-03
187802,2026-01-30 11:24:00,1,2026-01-30,1836,2026-02-03 09:15:13,03-02-2026,,2026-01-30,2026-01-31,2026-02-03,2026-02-03,2026-01-30 11:24:00,2026-01-30 18:36:00,2026-02-03 09:15:13,2026-02-03
187803,2026-01-30 11:28:00,1,2026-01-30,1516,2026-01-30 15:32:36,30 ene,,2026-01-30,2026-01-31,2026-01-31,2026-01-30,2026-01-30 11:28:00,2026-01-30 15:16:00,2026-01-30 15:32:36,2026-01-30
187804,2026-01-30 11:31:00,6,2026-01-30,1831,2026-02-03 16:29:03,04 FEB,,2026-01-30,2026-01-31,2026-02-04,2026-02-04,2026-01-30 11:31:00,2026-01-30 18:31:00,2026-02-03 16:29:03,2026-02-04
187805,2026-01-30 11:37:00,15,2026-01-30,1835,2026-02-04 09:18:26,04-02-2026,,2026-01-30,2026-01-31,2026-02-04,2026-02-04,2026-01-30 11:37:00,2026-01-30 18:35:00,2026-02-04 09:18:26,2026-02-04
187806,2026-01-30 11:41:00,10,2026-01-30,1844,2026-02-03 19:57:48,04-02-2026,,2026-01-30,2026-01-31,2026-02-04,2026-02-04,2026-01-30 11:41:00,2026-01-30 18:44:00,2026-02-03 19:57:48,2026-02-04
187807,2026-01-30 11:42:00,11,2026-01-30,1857,2026-02-03 20:13:37,04-02-2026,,2026-01-30,2026-01-31,2026-02-04,2026-02-04,2026-01-30 11:42:00,2026-01-30 18:57:00,2026-02-03 20:13:37,2026-02-04
187808,2026-01-30 11:42:00,4,2026-01-30,1853,2026-02-03 20:23:45,04-02-2026,,2026-01-30,2026-01-31,2026-02-04,2026-02-04,2026-01-30 11:42:00,2026-01-30 18:53:00,2026-02-03 20:23:45,2026-02-04
187809,2026-01-30 11:42:00,2,2026-01-30,1930,2026-02-03 10:01:11,03-02-2026,,2026-01-30,2026-01-31,2026-02-03,2026-02-03,2026-01-30 11:42:00,2026-01-30 19:30:00,2026-02-03 10:01:11,2026-02-03
187810,2026-01-30 11:47:00,4,2026-02-03,1614,2026-02-03 16:30:12,04 FEB,,2026-01-30,2026-02-04,2026-02-04,2026-02-04,2026-01-30 11:47:00,2026-02-03 16:14:00,2026-02-03 16:30:12,2026-02-04
187811,2026-01-30 11:49:00,1,2026-01-30,1452,2026-01-30 15:43:41,30 ENE,,2026-01-30,2026-01-31,2026-01-31,2026-01-30,2026-01-30 11:49:00,2026-01-30 14:52:00,2026-01-30 15:43:41,2026-01-30
187812,2026-01-30 11:51:00,1,2026-01-30,1452,2026-01-30 15:41:19,30 ENE,,2026-01-30,2026-01-31,2026-01-31,2026-01-30,2026-01-30 11:51:00,2026-01-30 14:52:00,2026-01-30 15:41:19,2026-01-30
187813,2026-01-30 11:53:00,1,2026-01-30,1558,2026-01-30 16:12:14,03-02-2026,,2026-01-30,2026-01-31,2026-01-31,2026-02-03,2026-01-30 11:53:00,2026-01-30 15:58:00,2026-01-30 16:12:14,2026-02-03
187814,2026-01-30 11:58:00,6,2026-01-30,1848,2026-02-04 12:47:07,04-02-2026,,2026-01-30,2026-01-31,2026-02-04,2026-02-04,2026-01-30 11:58:00,2026-01-30 18:48:00,2026-02-04 12:47:07,2026-02-04
187815,2026-01-30 11:58:00,1,2026-01-30,1608,2026-01-30 16:58:45,03-02-2026,,2026-01-30,2026-01-31,2026-01-31,2026-02-03,2026-01-30 11:58:00,2026-01-30 16:08:00,2026-01-30 16:58:45,2026-02-03
187816,2026-01-30 12:00:00,10,2026-01-30,1915,2026-02-03 15:02:08,03-02-2026,,2026-01-30,2026-01-31,2026-02-04,2026-02-03,2026-01-30 12:00:00,2026-01-30 19:15:00,2026-02-03 15:02:08,2026-02-03
187817,2026-01-30 12:00:00,2,2026-01-30,1930,2026-02-03 10:23:17,03-02-2026,,2026-01-30,2026-01-31,2026-02-03,2026-02-03,2026-01-30 12:00:00,2026-01-30 19:30:00,2026-02-03 10:23:17,2026-02-03
187818,2026-01-30 12:00:00,6,2026-01-30,1912,2026-02-03 16:55:41,04 FEB,,2026-01-30,2026-01-31,2026-02-04,2026-02-04,2026-01-30 12:00:00,2026-01-30 19:12:00,2026-02-03 16:55:41,2026-02-04
187819,2026-01-30 12:02:00,1,2026-01-30,1444,2026-01-30 14:51:21,30 ENE,,2026-01-30,2026-01-31,2026-01-31,2026-01-30,2026-01-30 12:02:00,2026-01-30 14:44:00,2026-01-30 14:51:21,2026-01-30
187820,2026-01-30 12:03:00,2,2026-01-30,1930,2026-02-03 10:35:20,03-02-2026,,2026-01-30,2026-01-31,2026-02-03,2026-02-03,2026-01-30 12:03:00,2026-01-30 19:30:00,2026-02-03 10:35:20,2026-02-03
187821,2026-01-30 12:06:00,7,2026-01-30,1841,2026-02-03 16:37:24,04 FEB,,2026-01-30,2026-01-31,2026-02-04,2026-02-04,2026-01-30 12:06:00,2026-01-30 18:41:00,2026-02-03 16:37:24,2026-02-04
187822,2026-01-30 12:14:00,3,2026-02-03,1506,2026-02-03 16:18:02,04-02-2026,,2026-01-30,2026-02-04,2026-02-04,2026-02-04,2026-01-30 12:14:00,2026-02-03 15:06:00,2026-02-03 16:18:02,2026-02-04
187823,2026-01-30 12:14:00,1,2026-01-30,1518,2026-01-30 16:57:26,03-02-2026,,2026-01-30,2026-01-31,2026-01-31,2026-02-03,2026-01-30 12:14:00,2026-01-30 15:18:00,2026-01-30 16:57:26,2026-02-03
187824,2026-01-30 12:28:00,2,2026-01-30,1714,2026-01-30 17:39:12,03-02-2026,,2026-01-30,2026-01-31,2026-01-31,2026-02-03,2026-01-30 12:28:00,2026-01-30 17:14:00,2026-01-30 17:39:12,2026-02-03
187825,2026-01-30 12:28:00,1,2026-01-30,1444,2026-01-30 15:57:48,03-02-2026,,2026-01-30,2026-01-31,2026-01-31,2026-02-03,2026-01-30 12:28:00,2026-01-30 14:44:00,2026-01-30 15:57:48,2026-02-03
187826,2026-01-30 12:28:00,4,2026-02-03,1708,2026-02-03 17:25:25,04 FEB,,2026-01-30,2026-02-04,2026-02-04,2026-02-04,2026-01-30 12:28:00,2026-02-03 17:08:00,2026-02-03 17:25:25,2026-02-04
187827,2026-01-30 12:31:00,2,2026-01-30,1740,2026-02-03 09:19:29,03-02-2026,,2026-01-30,2026-01-31,2026-02-03,2026-02-03,2026-01-30 12:31:00,2026-01-30 17:40:00,2026-02-03 09:19:29,2026-02-03
187828,2026-01-30 12:56:00,1,2026-01-30,1640,2026-01-30 16:46:24,03-02-2026,,2026-01-30,2026-01-31,2026-01-31,2026-02-03,2026-01-30 12:56:00,2026-01-30 16:40:00,2026-01-30 16:46:24,2026-02-03
187829,2026-01-30 12:57:00,1,2026-01-30,1608,2026-01-30 16:17:50,03-02-2026,,2026-01-30,2026-01-31,2026-01-31,2026-02-03,2026-01-30 12:57:00,2026-01-30 16:08:00,2026-01-30 16:17:50,2026-02-03
187830,2026-01-30 12:57:00,1,2026-01-30,1546,2026-01-30 16:27:21,03-02-2026,,2026-01-30,2026-01-31,2026-01-31,2026-02-03,2026-01-30 12:57:00,2026-01-30 15:46:00,2026-01-30 16:27:21,2026-02-03
187831,2026-01-30 12:57:00,15,2026-01-30,1852,2026-02-04 08:20:30,04 FEB,,2026-01-30,2026-01-31,2026-02-04,2026-02-04,2026-01-30 12:57:00,2026-01-30 18:52:00,2026-02-04 08:20:30,2026-02-04
187832,2026-01-30 12:57:00,1,2026-01-30,1606,2026-01-30 16:21:03,03-02-2026,,2026-01-30,2026-01-31,2026-01-31,2026-02-03,2026-01-30 12:57:00,2026-01-30 16:06:00,2026-01-30 16:21:03,2026-02-03
187833,2026-01-30 13:01:00,1,2026-01-30,1514,2026-02-04 08:28:14,04 FEB,,2026-01-30,2026-01-31,2026-02-04,2026-02-04,2026-01-30 13:01:00,2026-01-30 15:14:00,2026-02-04 08:28:14,2026-02-04
187834,2026-01-30 13:25:00,3,2026-02-04,910,2026-02-04 09:38:21,04-02-2026,,2026-01-31,2026-02-04,2026-02-04,2026-02-04,2026-01-30 13:25:00,2026-02-04 09:10:00,2026-02-04 09:38:21,2026-02-04
187835,2026-01-30 13:25:00,1,,,,,,2026-01-31,,,,2026-01-30 13:25:00,,,
187836,2026-01-30 13:25:00,1,,,,,,2026-01-31,,,,2026-01-30 13:25:00,,,
187837,2026-01-30 13:25:00,3,2026-02-03,1702,2026-02-03 17:14:35,04-02-2026,,2026-01-31,2026-02-04,2026-02-04,2026-02-04,2026-01-30 13:25:00,2026-02-03 17:02:00,2026-02-03 17:14:35,2026-02-04
187838,2026-01-30 13:25:00,1,,,,,,2026-01-31,,,,2026-01-30 13:25:00,,,
187839,2026-01-30 13:46:00,1,2026-01-30,1554,2026-01-30 16:24:34,04 FEB,,2026-01-31,2026-01-31,2026-01-31,2026-02-04,2026-01-30 13:46:00,2026-01-30 15:54:00,2026-01-30 16:24:34,2026-02-04
187840,2026-01-30 13:51:00,1,2026-01-30,1640,2026-01-30 16:55:16,04 FEB,,2026-01-31,2026-01-31,2026-01-31,2026-02-04,2026-01-30 13:51:00,2026-01-30 16:40:00,2026-01-30 16:55:16,2026-02-04
187841,2026-01-30 13:55:00,14,2026-02-04,1102,2026-02-04 12:23:14,04 FEB,,2026-01-31,2026-02-04,2026-02-04,2026-02-04,2026-01-30 13:55:00,2026-02-04 11:02:00,2026-02-04 12:23:14,2026-02-04
187842,2026-01-30 13:56:00,3,2026-02-04,1022,2026-02-04 10:47:22,04 FEB,,2026-01-31,2026-02-04,2026-02-04,2026-02-04,2026-01-30 13:56:00,2026-02-04 10:22:00,2026-02-04 10:47:22,2026-02-04
187843,2026-01-30 16:45:00,2,,,,,,2026-01-31,,,,2026-01-30 16:45:00,,,
187844,2026-01-30 16:49:00,2,,,,,,2026-01-31,,,,2026-01-30 16:49:00,,,
187845,2026-01-30 17:27:00,2,,,,,,2026-01-31,,,,2026-01-30 17:27:00,,,
187846,2026-01-30 18:18:00,3,,,,,,2026-01-31,,,,2026-01-30 18:18:00,,,
187847,2026-01-30 18:59:00,3,,,,,,2026-01-31,,,,2026-01-30 18:59:00,,,
187848,2026-01-30 19:09:00,3,2026-01-30,1910,,,,2026-01-31,2026-01-31,,,2026-01-30 19:09:00,2026-01-30 19:10:00,,
187849,2026-01-30 19:53:00,2,2026-01-30,1957,2026-02-09 16:17:15,09 feb,,2026-01-31,2026-01-31,2026-02-10,2026-02-09,2026-01-30 19:53:00,2026-01-30 19:57:00,2026-02-09 16:17:15,2026-02-09
